"replicate","sex","domain","delta_p50_mean_kg","delta_p50_mean_pct","width_p95_p5_ratio_mean","width_p90_p10_ratio_mean","p50_r_squared","korea_on_us_slope","offset_adjusted_rmse_kg","delta_trend_per_10y","delta_trend_per_10cm"
1,"Female","Primary common 1st-99th",-1.80694806619558,-10.8236490789263,0.535517523709523,0.546667788570335,0.881710639101293,0.912865963399698,0.585217938842343,0.381702024835003,-0.131505543580014
1,"Female","Strict recommended/common 5th-95th",-1.84348474861303,-10.9504847787833,0.534756139569052,0.545890394880181,0.754362056890078,0.865580186053032,0.580724489423085,0.381702024835003,-0.161077749702444
1,"Male","Primary common 1st-99th",-2.03546395073872,-8.05591090782841,0.680598472173638,0.696252129190436,0.99075479646181,0.855393240017757,0.458713282297673,0.0367555232265403,-0.456472061070903
1,"Male","Strict recommended/common 5th-95th",-2.12883894099051,-8.38941102457941,0.678129856642066,0.693726749453562,0.984969693492117,0.832597686388123,0.376936418970217,0.0367555232265406,-0.511551907065792
2,"Female","Primary common 1st-99th",-1.84842701928956,-11.0302682770934,0.535184671745639,0.545881931511729,0.898151757816155,0.872151760058985,0.54251132129703,0.336098994519528,-0.234327719004711
2,"Female","Strict recommended/common 5th-95th",-1.91156476809494,-11.3400014255106,0.533321801966092,0.5439816693881,0.787947889391274,0.828340344107696,0.524954566616184,0.336098994519528,-0.270714497660092
2,"Male","Primary common 1st-99th",-1.9580550869772,-7.7250631053096,0.683512229510608,0.695324295951929,0.973749773495295,0.846143170137004,0.570942606118484,0.0418087607042624,-0.474278786564772
2,"Male","Strict recommended/common 5th-95th",-2.11187974631358,-8.31843338570167,0.6791169859847,0.690853110422699,0.974288553713914,0.827271632512821,0.419868191858439,0.041808760704263,-0.509634191580798
3,"Female","Primary common 1st-99th",-1.82099600043842,-10.8728807696202,0.554905211201388,0.566156304039732,0.884244944472972,0.878125113124194,0.576345155601157,0.369515004452814,-0.21926713059159
3,"Female","Strict recommended/common 5th-95th",-1.85629590473727,-11.013824214517,0.554027993015581,0.565261136862867,0.759924266374658,0.836420751487339,0.564702934981984,0.369515004452813,-0.250189617436081
3,"Male","Primary common 1st-99th",-1.95668608479727,-7.75007495895013,0.67732827688942,0.691316246141579,0.976562805757904,0.869977614108475,0.515781583456793,0.0510189058047663,-0.381261899847944
3,"Male","Strict recommended/common 5th-95th",-2.09425778409267,-8.25890815577756,0.673592315040026,0.687503144422831,0.967343560678907,0.847821222504569,0.417796344258449,0.0510189058047668,-0.415911542140396
4,"Female","Primary common 1st-99th",-1.82358668812899,-10.8728411042528,0.55418404910599,0.5649949839291,0.889605550393107,0.861241841103941,0.565039007885329,0.351197755470087,-0.250879120639578
4,"Female","Strict recommended/common 5th-95th",-1.83700891756893,-10.8957474124299,0.554041915184776,0.564849914678739,0.771852532338837,0.829339098654236,0.546934687862924,0.351197755470087,-0.252438511470025
4,"Male","Primary common 1st-99th",-2.03796379062955,-8.08197904091137,0.688594811463033,0.703933991852544,0.980016627782419,0.870920695790747,0.493671646804115,0.054701983317664,-0.375278832677095
4,"Male","Strict recommended/common 5th-95th",-2.16062231227888,-8.52371728187147,0.685285628304019,0.70055110708464,0.970297789357398,0.846085089731047,0.409696587953228,0.0547019833176646,-0.409015420890053
5,"Female","Primary common 1st-99th",-1.78670306383405,-10.6805935434255,0.555204589000626,0.567563724755406,0.907353590710015,0.892324905391917,0.516214464822914,0.328064176349001,-0.18538259459921
5,"Female","Strict recommended/common 5th-95th",-1.81932053759375,-10.7999812404255,0.554462776431948,0.566805236196026,0.803557272913617,0.851749595698985,0.506500549272905,0.328064176349001,-0.210584738511582
5,"Male","Primary common 1st-99th",-2.01383077844067,-7.97986402595861,0.693155712897895,0.709399963889017,0.983554598112717,0.866133983964322,0.480713811319625,0.0371293864282082,-0.397017049273505
5,"Male","Strict recommended/common 5th-95th",-2.12740112815014,-8.38800892079001,0.6900813549582,0.706253571675382,0.973729875989399,0.840671136425329,0.40449375276235,0.0371293864282087,-0.438735241823671
6,"Female","Primary common 1st-99th",-1.79490931276542,-10.7201086478125,0.538660248596741,0.55058437758579,0.888495326652416,0.881658026102603,0.565694815623182,0.362346703900875,-0.209273514676647
6,"Female","Strict recommended/common 5th-95th",-1.81523724648183,-10.7735105075988,0.538338340719225,0.550255185663218,0.769312153109808,0.847008116880719,0.554071844694196,0.362346703900875,-0.22167524040015
6,"Male","Primary common 1st-99th",-2.03750158883149,-8.07254442113471,0.670508870380511,0.686230120797066,0.989055197521034,0.863590887787547,0.451389828390128,0.0609052721363644,-0.424859971847374
6,"Male","Strict recommended/common 5th-95th",-2.15384102719631,-8.49870748701802,0.667400537403956,0.683048920948391,0.984712486779899,0.84945483054061,0.353058952336016,0.0609052721363649,-0.445415607721096
7,"Female","Primary common 1st-99th",-1.81132028924444,-10.8359573981494,0.55632677465935,0.567113309057216,0.905824650666613,0.89929765842725,0.519888556607874,0.33040716456236,-0.171724538155743
7,"Female","Strict recommended/common 5th-95th",-1.85152104243869,-10.9941712594511,0.55533991643478,0.56610715409242,0.800538628408532,0.855698517818396,0.511468039738138,0.33040716456236,-0.205736786995219
7,"Male","Primary common 1st-99th",-2.06856194491852,-8.17897858684423,0.688494879210413,0.705996101367157,0.988322051363276,0.84734068124674,0.491056848720883,0.0366795091400403,-0.476159564434371
7,"Male","Strict recommended/common 5th-95th",-2.17539971683626,-8.5711012825994,0.685554709769269,0.702981207958056,0.981743081670482,0.825860856441867,0.397868132111687,0.0366795091400407,-0.518729461929653
8,"Female","Primary common 1st-99th",-1.82003892024244,-10.8900110770556,0.547393146750699,0.558508827981531,0.88297441553191,0.899526993462521,0.58016115955861,0.379793050350728,-0.16337668788544
8,"Female","Strict recommended/common 5th-95th",-1.84397726569427,-10.9540094764019,0.547000301776413,0.558107845573663,0.760168104903125,0.865879145476023,0.572350175827802,0.379793050350729,-0.164222042170969
8,"Male","Primary common 1st-99th",-2.0386757698658,-8.04098098273196,0.680549290778045,0.697388053831123,0.99054617498834,0.834083109640716,0.509104859821683,0.0276402478473723,-0.537989572070779
8,"Male","Strict recommended/common 5th-95th",-2.1537823298153,-8.48334590783222,0.677275592378216,0.694033368317008,0.987599305465464,0.823008560593592,0.38289050469513,0.0276402478473728,-0.56180638418277
9,"Female","Primary common 1st-99th",-1.7856655181709,-10.6971315288669,0.549888224724993,0.56093825459894,0.890390117150066,0.915355705164053,0.562523216244732,0.363392721204605,-0.129763225289945
9,"Female","Strict recommended/common 5th-95th",-1.82836604800495,-10.8683632796579,0.548834145571925,0.55986283295725,0.77533922971365,0.883358533912433,0.555435062929126,0.363392721204605,-0.127125651120598
9,"Male","Primary common 1st-99th",-1.96720825105094,-7.77916650121467,0.671771582052438,0.690696395583241,0.971560856119115,0.861266902632859,0.557412007450284,0.0230279677701414,-0.41344999930463
9,"Male","Strict recommended/common 5th-95th",-2.14382989895761,-8.47304782972116,0.666717139896901,0.6854995761883,0.97176134536324,0.873981508515215,0.374367161937667,0.0230279677701419,-0.321169394280941
10,"Female","Primary common 1st-99th",-1.8536553609308,-11.0812936468401,0.548393834287969,0.558137137040525,0.892596013656884,0.889303007791361,0.55509585435691,0.355077172026484,-0.192883942354777
10,"Female","Strict recommended/common 5th-95th",-1.89407898575441,-11.2453701454088,0.547382206596741,0.557107375519825,0.776276993119018,0.849512379099909,0.544816508167068,0.355077172026484,-0.216635068091198
10,"Male","Primary common 1st-99th",-2.01495451316863,-7.96667603066664,0.672163700894309,0.685632840391415,0.988210199562229,0.851941976404787,0.481634714282926,0.0146598996750403,-0.468077472289237
10,"Male","Strict recommended/common 5th-95th",-2.13336128903475,-8.41114252988363,0.668917602167421,0.682321708179595,0.982175895903692,0.839845242131749,0.376193228129929,0.0146598996750407,-0.484243968486034
11,"Female","Primary common 1st-99th",-1.78599729905802,-10.6936613369185,0.55522890116879,0.567575808485824,0.893324826341551,0.909315897494886,0.55391969949091,0.359972400527429,-0.144280381399112
11,"Female","Strict recommended/common 5th-95th",-1.82067760178583,-10.8057505247578,0.554532322115183,0.566863576996891,0.771368130507989,0.847667072801023,0.551329022210026,0.359972400527428,-0.215337723521465
11,"Male","Primary common 1st-99th",-2.03289232532776,-8.04477443760964,0.679599378150703,0.69622337680746,0.980116976045229,0.858555376489643,0.514970433045606,0.0466719330956368,-0.437734185769103
11,"Male","Strict recommended/common 5th-95th",-2.15931866336964,-8.51085999889238,0.676154804315251,0.692694558074123,0.970792507151843,0.835768110576095,0.420270313773293,0.0466719330956372,-0.492991680677607
12,"Female","Primary common 1st-99th",-1.83244321431571,-10.9821492417799,0.558383147934682,0.569467763944142,0.887524770717442,0.918044509642975,0.570661343336973,0.373931220228104,-0.126501507573476
12,"Female","Strict recommended/common 5th-95th",-1.88120704644613,-11.1739915567022,0.557180072220943,0.568240642789049,0.763474447873105,0.862031777839785,0.566378140678808,0.373931220228103,-0.184693328219141
12,"Male","Primary common 1st-99th",-2.03057391650338,-8.06969645852127,0.687709361996519,0.71168362551607,0.986898789709939,0.884471758650531,0.424288832536723,0.063392027252941,-0.342253437016835
12,"Male","Strict recommended/common 5th-95th",-2.1621080491103,-8.53038634825872,0.684263102899526,0.708117240264107,0.983640173072863,0.847722625264445,0.359640954265645,0.0633920272529414,-0.43903986714557
13,"Female","Primary common 1st-99th",-1.78918339152343,-10.7055191184134,0.545597197585849,0.557812288556505,0.897117650576849,0.902894944874205,0.543353127622879,0.347285713086413,-0.161742173966765
13,"Female","Strict recommended/common 5th-95th",-1.83264280461872,-10.8866596203991,0.544490702726229,0.556680860924125,0.78650546571612,0.867752467792689,0.534387991200895,0.347285713086413,-0.172637257146093
13,"Male","Primary common 1st-99th",-1.95037778607673,-7.74084231211782,0.691721086198519,0.705420761358203,0.973334913246528,0.882869010065483,0.515804605075862,0.0421308305285774,-0.335199435462339
13,"Male","Strict recommended/common 5th-95th",-2.05816516092341,-8.11618096983416,0.688907006439344,0.702550962643889,0.958894377773134,0.850983728889787,0.44271273572478,0.0421308305285779,-0.399300212469794
14,"Female","Primary common 1st-99th",-1.79041448723459,-10.6707343842415,0.55039172246022,0.562742039119118,0.902906610087553,0.860647623531914,0.533097985985304,0.325717281355981,-0.256842490781519
14,"Female","Strict recommended/common 5th-95th",-1.81767951186894,-10.7752767143902,0.549747890804777,0.562083598339067,0.793893056821784,0.81905712603762,0.516030487128741,0.325717281355981,-0.286815078615784
14,"Male","Primary common 1st-99th",-1.96450047003195,-7.75894911641027,0.68548413761211,0.697753332077554,0.987488252079353,0.848284275591838,0.493725665857086,0.00189662358146661,-0.479335061724139
14,"Male","Strict recommended/common 5th-95th",-2.07051386927932,-8.15329295828261,0.68255364907965,0.694770405582512,0.979185944136415,0.826754340431556,0.404907338686552,0.00189662358146698,-0.529195461360597
15,"Female","Primary common 1st-99th",-1.77088769699787,-10.6209370235937,0.571699662138572,0.584404629825069,0.884810576591768,0.925813390841856,0.579551783525187,0.382845631223896,-0.101088026141614
15,"Female","Strict recommended/common 5th-95th",-1.78635899397037,-10.6096655810823,0.571772059701174,0.584478469705838,0.755676837561466,0.865907349440819,0.578912430141786,0.382845631223895,-0.160114943416892
15,"Male","Primary common 1st-99th",-2.02028280083824,-8.02253331354689,0.682250347199197,0.701513560980283,0.98880042906395,0.878704734049247,0.421833633186419,0.0751557624318853,-0.362706217245348
15,"Male","Strict recommended/common 5th-95th",-2.12572067092832,-8.3841070531643,0.679568399730356,0.698755902932821,0.983645662609509,0.844946326059614,0.363565047872963,0.0751557624318855,-0.445378413014741
16,"Female","Primary common 1st-99th",-1.82761276345167,-10.9229814855044,0.551849764370038,0.563358074229376,0.890824977849878,0.887486160550718,0.559654185132743,0.35387997752843,-0.183837577573004
16,"Female","Strict recommended/common 5th-95th",-1.85636664866078,-11.0086668459608,0.551319219258799,0.56281630368342,0.765867104462863,0.824409497075278,0.554156807129754,0.353879977528429,-0.247006992576488
16,"Male","Primary common 1st-99th",-2.07155998806919,-8.18018152556167,0.690434007249811,0.705388179777583,0.990662910542963,0.838969624155522,0.497016487472223,0.0513375801877995,-0.515181883020379
16,"Male","Strict recommended/common 5th-95th",-2.1823654370798,-8.60311844233589,0.687253812343664,0.70213911852055,0.987126967807828,0.833373940106669,0.368140697784451,0.0513375801878001,-0.509286172963266
17,"Female","Primary common 1st-99th",-1.82374868571465,-10.9573044715935,0.55039889648814,0.562153980752616,0.89349179535576,0.943348499595094,0.559917234339863,0.367641747458414,-0.0612608546587553
17,"Female","Strict recommended/common 5th-95th",-1.85207492827749,-11.0082230047607,0.550084443710523,0.561832652201621,0.771689778408812,0.879965118448113,0.559811514412086,0.367641747458414,-0.126336739252691
17,"Male","Primary common 1st-99th",-2.12878759533472,-8.45760388670375,0.671394802805086,0.68826274076123,0.987760597659094,0.876281170402108,0.433916911953271,0.0339559594129564,-0.385518431644638
17,"Male","Strict recommended/common 5th-95th",-2.25154691617797,-8.88518388004438,0.668258877991077,0.685048043636976,0.98518441259826,0.844090203250002,0.359036023244616,0.0339559594129569,-0.484888984846113
18,"Female","Primary common 1st-99th",-1.86774108954888,-11.1530690981589,0.546876843663011,0.559082941613482,0.895775106357229,0.87490383279369,0.548062093916264,0.348981960621099,-0.226638321809407
18,"Female","Strict recommended/common 5th-95th",-1.88989804082216,-11.2161214310875,0.546489030473917,0.558686311901822,0.782264407745985,0.839310798308105,0.534397902867276,0.348981960621099,-0.244237146990714
18,"Male","Primary common 1st-99th",-2.07253277952276,-8.21100876586505,0.678628213617005,0.69568387373806,0.987969264115882,0.861259468178124,0.463178689926474,0.0516401017327075,-0.429674758209104
18,"Male","Strict recommended/common 5th-95th",-2.20389134188428,-8.68579176930321,0.675118031003297,0.692085484994561,0.985972431041264,0.827856817919995,0.380735190286343,0.0516401017327078,-0.523727285576162
19,"Female","Primary common 1st-99th",-1.84472188192686,-11.041538046971,0.5383239086228,0.550508822982105,0.889103839984895,0.901789737919513,0.564476174451341,0.360049637768328,-0.158855578152187
19,"Female","Strict recommended/common 5th-95th",-1.86828961446225,-11.0981442373581,0.537981646601572,0.550158656323942,0.76985167083724,0.864161034482883,0.55773772989019,0.360049637768328,-0.170302197226865
19,"Male","Primary common 1st-99th",-2.07887850391367,-8.26650986936834,0.664978638234845,0.675018329246998,0.982487711442753,0.884119489126367,0.455578251432079,0.0391596188546505,-0.340181124324146
19,"Male","Strict recommended/common 5th-95th",-2.17471825176264,-8.57364386467807,0.662752268110755,0.672758359726665,0.973865331186221,0.83398779969694,0.412481820565862,0.0391596188546508,-0.485685198797766
20,"Female","Primary common 1st-99th",-1.84362276733126,-11.0137444460557,0.53997762471319,0.551483641222455,0.891803943376195,0.881381840184425,0.5574209003246,0.356655005644663,-0.208671551562512
20,"Female","Strict recommended/common 5th-95th",-1.8702381297142,-11.0937760480935,0.539492271576183,0.55098778781814,0.770314359295261,0.828950407272055,0.548954650068566,0.356655005644663,-0.261623088284413
20,"Male","Primary common 1st-99th",-2.03959215274389,-8.08650040580186,0.686601454939083,0.702925372953363,0.987817378340789,0.868533526872474,0.449085440942264,0.0241953080195305,-0.406304178873744
20,"Male","Strict recommended/common 5th-95th",-2.16737740204138,-8.5556128454307,0.683097201654426,0.699337819945715,0.983462846934748,0.854751693092571,0.350527605296864,0.0241953080195312,-0.424637713207362
21,"Female","Primary common 1st-99th",-1.82344714227916,-10.8837352275795,0.551772445378075,0.563321943249165,0.900624980098816,0.873483645599366,0.536107414750767,0.333830275559836,-0.230925377239464
21,"Female","Strict recommended/common 5th-95th",-1.84893607774014,-10.9699215706099,0.551239107520772,0.562777279805866,0.790884467383585,0.836422791760593,0.522022587115526,0.333830275559836,-0.253471637239509
21,"Male","Primary common 1st-99th",-1.95959342501459,-7.81187221487745,0.679629911414306,0.692449721323074,0.967522443604613,0.911097262899031,0.520888979322313,0.00852773450058399,-0.249699251404265
21,"Male","Strict recommended/common 5th-95th",-2.13797404300759,-8.4203040354478,0.675144480737489,0.687879696605171,0.972747610465909,0.823973846946369,0.429018241058984,0.00852773450058441,-0.548903674259233
22,"Female","Primary common 1st-99th",-1.79612792455697,-10.7189561164216,0.544328674022759,0.555554316018708,0.888276865888449,0.87248369961344,0.566826117369444,0.356253092324408,-0.221037791689981
22,"Female","Strict recommended/common 5th-95th",-1.80561889133215,-10.7001881428817,0.544443387632355,0.555671236016317,0.760943017065383,0.811871613227624,0.558618527741667,0.356253092324409,-0.285158610503474
22,"Male","Primary common 1st-99th",-1.91807875882919,-7.59280488835747,0.670302636362747,0.685263529164482,0.984133431821298,0.866016052899035,0.477385987443431,0.0352097749159414,-0.399439308308198
22,"Male","Strict recommended/common 5th-95th",-2.02408937176547,-7.96083382832348,0.66763308468115,0.682534407689043,0.973074208123947,0.815407798203308,0.439470223759962,0.035209774915942,-0.53852141140327
23,"Female","Primary common 1st-99th",-1.80657434714794,-10.7772664826141,0.558497406627632,0.568888079945182,0.8965473955553,0.86999262556657,0.54682531039019,0.342851958306956,-0.235727044754763
23,"Female","Strict recommended/common 5th-95th",-1.84182309879594,-10.9249263283772,0.557573414680558,0.56794673366963,0.783222525376294,0.831507298637946,0.531812923707471,0.342851958306955,-0.257060011139363
23,"Male","Primary common 1st-99th",-2.03394343313324,-8.05237713049579,0.687534363640151,0.704386606253039,0.990375584114337,0.857824303034683,0.455610971513225,0.0197117062668317,-0.452228762954285
23,"Male","Strict recommended/common 5th-95th",-2.1380369447221,-8.42566283669699,0.684743191478427,0.701527033108631,0.986380133292431,0.83113664632557,0.374248188238641,0.0197117062668322,-0.529796594895251
24,"Female","Primary common 1st-99th",-1.81539378084914,-10.8543773086754,0.545857401203904,0.558134865717418,0.885289760173508,0.891936371271313,0.573758008485773,0.361827681819262,-0.172375201159464
24,"Female","Strict recommended/common 5th-95th",-1.83538697811038,-10.8907877576151,0.545634741510236,0.557907038189039,0.75863173030157,0.840851431533145,0.567548078608769,0.361827681819262,-0.205504412394218
24,"Male","Primary common 1st-99th",-1.96169167150044,-7.74564870114233,0.660805459505452,0.675196359469124,0.991647855091555,0.846556960437348,0.473697974733602,0.0106267507569715,-0.49993696114648
24,"Male","Strict recommended/common 5th-95th",-2.06466119811957,-8.13635835109805,0.658006912442945,0.672336879313673,0.987794576657633,0.837180033694004,0.359793434070252,0.010626750756972,-0.520405093483075
25,"Female","Primary common 1st-99th",-1.8303830728569,-10.9660884171235,0.544378832821731,0.555446606673212,0.891003344437884,0.912206671272776,0.560457557252493,0.363809307482766,-0.131089695516901
25,"Female","Strict recommended/common 5th-95th",-1.84913731723995,-10.9749317418866,0.544325049633499,0.555391571525811,0.764982763116691,0.844927707127383,0.559661664169518,0.363809307482765,-0.20754400877871
25,"Male","Primary common 1st-99th",-2.01678414414771,-8.01444050352075,0.682908797757906,0.698611561896835,0.984488942339981,0.883896144403462,0.442300093905037,0.064392057780216,-0.328385217098368
25,"Male","Strict recommended/common 5th-95th",-2.12383712559126,-8.37924927079706,0.680200480973006,0.695840983893293,0.9751986660471,0.849671348740809,0.388275341662946,0.0643920577802166,-0.39339264374426
26,"Female","Primary common 1st-99th",-1.79398676007965,-10.71481352477,0.553597025685515,0.56535693149243,0.889341970016373,0.881493062418369,0.563586497077677,0.357785974314224,-0.209845165541558
26,"Female","Strict recommended/common 5th-95th",-1.81049343608256,-10.7413549928576,0.553432753980673,0.565189008016563,0.768252800363503,0.838383216383256,0.553623846110286,0.357785974314224,-0.243171988957976
26,"Male","Primary common 1st-99th",-2.01338376512767,-7.94136704313726,0.678400332086365,0.692625177802498,0.988071227679133,0.836313362980331,0.517008315676148,0.0139228374153636,-0.521239917332941
26,"Male","Strict recommended/common 5th-95th",-2.12997809608503,-8.38253231585665,0.675149342732502,0.689306034606968,0.982207455285499,0.81321220252177,0.415344421930577,0.0139228374153642,-0.580247879241035
27,"Female","Primary common 1st-99th",-1.83080814892926,-10.9395235568257,0.547695992066993,0.558379740624119,0.902648631412077,0.885785627217123,0.529304770864101,0.334876965848491,-0.20100557563711
27,"Female","Strict recommended/common 5th-95th",-1.87365531501761,-11.1156375455466,0.546613233449463,0.557275700611527,0.791882722020571,0.832687536421693,0.520148362031805,0.334876965848491,-0.257012672783353
28,"Female","Primary common 1st-99th",-1.80674410905776,-10.7947891503301,0.549637410337604,0.560406229699707,0.881791127079233,0.883484032920846,0.582323385810295,0.37543261370645,-0.198003112721671
28,"Female","Strict recommended/common 5th-95th",-1.81016528160675,-10.7445535420941,0.549947228492663,0.560721957285928,0.757372486689056,0.849225905934017,0.571489482027093,0.37543261370645,-0.200903653734498
28,"Male","Primary common 1st-99th",-1.94585138176787,-7.71858848096462,0.679602540303283,0.690194244196386,0.977473093559402,0.879176743039416,0.495847021042294,0.0584042634943923,-0.36906756413207
28,"Male","Strict recommended/common 5th-95th",-2.09431438354371,-8.23161916015017,0.675824401366013,0.686357236768398,0.988059159103873,0.798090922956987,0.422355210403328,0.0584042634943927,-0.657456361202414
29,"Female","Primary common 1st-99th",-1.85036672895736,-11.040191786713,0.542405309420416,0.552893986077151,0.90169467698041,0.867741617546715,0.534475257086147,0.32892785496615,-0.240683861994902
29,"Female","Strict recommended/common 5th-95th",-1.87925933093973,-11.1474493271039,0.541751628157419,0.552227505296707,0.792460031708806,0.828320230579695,0.518838796943939,0.32892785496615,-0.264704195961728
29,"Male","Primary common 1st-99th",-2.05937068781217,-8.15484955321109,0.661962293457271,0.680641999356208,0.987918338298403,0.85869146883764,0.468906903649401,0.00816979761724804,-0.448799767985403
29,"Male","Strict recommended/common 5th-95th",-2.18261946423466,-8.60437829426856,0.658722425295888,0.677310719772539,0.982678680921973,0.834173818242032,0.382567296233046,0.00816979761724847,-0.518827504223759
30,"Female","Primary common 1st-99th",-1.81423217221826,-10.8437704829609,0.540970665065428,0.551177254500778,0.894881569115983,0.889280109703391,0.549218394872941,0.352523816382893,-0.194577130317584
30,"Female","Strict recommended/common 5th-95th",-1.8452137994353,-10.9594707786832,0.540268921374734,0.550462112550052,0.783733488995716,0.862382642227121,0.537116519589099,0.352523816382893,-0.19025709656164
30,"Male","Primary common 1st-99th",-2.00921119967167,-7.94495799743719,0.668903465209029,0.684196870182055,0.990692197977638,0.851968228733067,0.466859851761386,0.0461599253920506,-0.464083259248596
30,"Male","Strict recommended/common 5th-95th",-2.10405341478996,-8.2927996902779,0.666375982356867,0.681611613836371,0.985691353109824,0.836214349433232,0.368914997006174,0.046159925392051,-0.487889106395048
31,"Female","Primary common 1st-99th",-1.81124716860701,-10.8310845872613,0.547874723488103,0.559078709387055,0.910604308974917,0.895024736742329,0.507151858832883,0.319335147746721,-0.179230991516
31,"Female","Strict recommended/common 5th-95th",-1.85179611715006,-10.984698563737,0.546931173882664,0.55811570403653,0.805117981267057,0.832125796999601,0.501976463274356,0.319335147746721,-0.257139639898788
31,"Male","Primary common 1st-99th",-1.98258734378845,-7.8328664320607,0.681166993896581,0.693322110579343,0.967758166681958,0.853510574377172,0.588970114588076,0.0119779666326859,-0.454400688174666
31,"Male","Strict recommended/common 5th-95th",-2.15580175789985,-8.48446974951625,0.67635133217593,0.688420530115653,0.98412785748659,0.8090335194668,0.416032131938551,0.0119779666326864,-0.605725372550445
32,"Female","Primary common 1st-99th",-1.81965910027853,-10.8656945789636,0.543181855312438,0.553391381451928,0.893970481384117,0.877865518863201,0.552255429284278,0.351306224607359,-0.213895282879131
32,"Female","Strict recommended/common 5th-95th",-1.83974309350249,-10.9147743989732,0.542883052999297,0.553086804036378,0.77702526329826,0.835901606466103,0.541028087442094,0.351306224607359,-0.23880051260939
32,"Male","Primary common 1st-99th",-2.00728707868881,-7.93061422518916,0.668060176150609,0.678574877965129,0.989338289223181,0.848005302521699,0.48376897160121,0.0155457857609302,-0.490342769106907
32,"Male","Strict recommended/common 5th-95th",-2.13509312065961,-8.4074008618588,0.664600641824302,0.675060906824694,0.985162231021829,0.821806509326876,0.39282538922031,0.0155457857609305,-0.572406889124069
33,"Female","Primary common 1st-99th",-1.89803145459719,-11.3347697113629,0.542289440816188,0.554048363748278,0.893427855085335,0.874253911498645,0.553977218809181,0.352548385055481,-0.228706070879324
33,"Female","Strict recommended/common 5th-95th",-1.92919458738149,-11.4497431407174,0.54158653517655,0.553330057139426,0.77785722025524,0.83683536365175,0.540050337920764,0.352548385055481,-0.250887770332621
33,"Male","Primary common 1st-99th",-2.06978523894952,-8.22568047679494,0.694265775350808,0.705646629582097,0.983157521597454,0.882419947656562,0.453937821735545,0.00954230117943749,-0.345809566698975
33,"Male","Strict recommended/common 5th-95th",-2.20746610271905,-8.7085542762276,0.690612927630989,0.701933915942841,0.977282900913635,0.842679434373852,0.38968133143722,0.00954230117943808,-0.451295878950406
34,"Female","Primary common 1st-99th",-1.87822857939113,-11.2262741294968,0.557857693171213,0.569903298591434,0.891057674378294,0.885482147888014,0.55911490643261,0.358698429966259,-0.199496341098705
34,"Female","Strict recommended/common 5th-95th",-1.91329899351581,-11.3544427311218,0.55705257269417,0.56908062996815,0.770433842952402,0.836965909223719,0.550315855678775,0.35869842996626,-0.242261138226956
34,"Male","Primary common 1st-99th",-2.03354803509788,-8.08503182249065,0.681257619771781,0.69517058141414,0.979663189066567,0.888979099231055,0.466845079172177,0.0207519491872273,-0.331464380687882
34,"Male","Strict recommended/common 5th-95th",-2.19678518612829,-8.6589702240065,0.677003742996737,0.690829844305031,0.978846371666132,0.831386071202988,0.399529930511541,0.0207519491872277,-0.522754397884442
35,"Female","Primary common 1st-99th",-1.87132724688105,-11.1458785568682,0.551278638137854,0.561971701899923,0.90483564897171,0.845160790434931,0.533175255067902,0.321651736504011,-0.295164056559732
35,"Female","Strict recommended/common 5th-95th",-1.87270775786518,-11.0977511100876,0.551577529883198,0.562276229332594,0.79727110685945,0.803815549643395,0.510864444037299,0.321651736504011,-0.331795448653994
35,"Male","Primary common 1st-99th",-1.98268856933335,-7.88010984719576,0.686172937896867,0.701575069717233,0.978935807010012,0.889606400976036,0.470764970078952,0.0621093971184403,-0.313753438143437
35,"Male","Strict recommended/common 5th-95th",-2.14668229885177,-8.46361548295697,0.681826637626815,0.69713122466921,0.971763378480085,0.839863389542087,0.412099253615933,0.0621093971184408,-0.45128747129458
36,"Female","Primary common 1st-99th",-1.77778921542761,-10.6243403091206,0.553717039871345,0.564506331249916,0.890013200729318,0.88958973726758,0.561699325817885,0.36249722363019,-0.188264290314539
36,"Female","Strict recommended/common 5th-95th",-1.80348089825368,-10.7068497332205,0.553206156044967,0.563985330689986,0.772347669815392,0.854793896921491,0.551649177782617,0.362497223630189,-0.195777927663522
36,"Male","Primary common 1st-99th",-1.99840718233033,-7.93707471814085,0.667743210659358,0.682588037820073,0.985149581745963,0.881610491957918,0.441810745437223,0.0776402565808256,-0.337028701750572
36,"Male","Strict recommended/common 5th-95th",-2.10777437270167,-8.3163824136096,0.664992101525194,0.679775781125301,0.976342143348666,0.85177359293786,0.381543389362322,0.077640256580826,-0.385811849451398
37,"Female","Primary common 1st-99th",-1.78974774181311,-10.7013982387819,0.546245084245125,0.557527771691889,0.910841703577812,0.895639960555485,0.506443675669152,0.320951519134395,-0.179943268142377
37,"Female","Strict recommended/common 5th-95th",-1.83517695908796,-10.8932354020388,0.545071894641248,0.556330189835074,0.809818623753375,0.849068730570636,0.497205154512,0.320951519134394,-0.221049550586409
37,"Male","Primary common 1st-99th",-2.0334285746396,-8.07961407328274,0.688401565103348,0.704170168167209,0.989692509304449,0.881716185449131,0.409329173151491,0.0445182963213097,-0.355075777180178
37,"Male","Strict recommended/common 5th-95th",-2.13269603601176,-8.42535456615405,0.685812333422799,0.701521640970318,0.985282612162931,0.867169055753558,0.326014655977665,0.0445182963213102,-0.366932247513765
38,"Female","Primary common 1st-99th",-1.80024330339452,-10.776593366093,0.548772480661488,0.560050804212238,0.899244743990527,0.906249088079065,0.537755213187973,0.348467168892838,-0.152868328738562
38,"Female","Strict recommended/common 5th-95th",-1.83501960764543,-10.8955741749278,0.548040974754614,0.559304104104481,0.785768227928798,0.856001551813407,0.532725912056327,0.348467168892838,-0.1987169327594
38,"Male","Primary common 1st-99th",-2.02157068383524,-8.01751386256715,0.679449558665144,0.69114673044274,0.986534192284371,0.87133125826874,0.451880188170279,0.0242363564114633,-0.388227640503482
38,"Male","Strict recommended/common 5th-95th",-2.14071103684852,-8.44783190857231,0.676270971399598,0.687913435236901,0.98060124421229,0.851731044779789,0.365700639888202,0.0242363564114638,-0.418674747644334
39,"Female","Primary common 1st-99th",-1.77266772678195,-10.5837342082692,0.552049814012729,0.564164978175189,0.905231252666484,0.880794005003642,0.523205314579797,0.325281649976369,-0.210229498680809
39,"Female","Strict recommended/common 5th-95th",-1.80623849256721,-10.7113748933296,0.551262062772508,0.563359777111321,0.796329179129959,0.829795610618912,0.51374675301008,0.325281649976369,-0.259710608056183
39,"Male","Primary common 1st-99th",-2.02775300031451,-8.00449562953206,0.685936207942146,0.698611457589538,0.987005455812029,0.840103329253785,0.51422508349013,0.0513726219280587,-0.49447622421889
39,"Male","Strict recommended/common 5th-95th",-2.13711071430392,-8.41046863076426,0.682909250428555,0.695528579317309,0.978797430161332,0.812932338745246,0.42602056656051,0.0513726219280592,-0.551047842070136
40,"Female","Primary common 1st-99th",-1.85545159973289,-11.0870788031726,0.547475668432683,0.558951660047175,0.886096557579623,0.883910442989504,0.57162594138366,0.364068099031492,-0.200584201745676
40,"Female","Strict recommended/common 5th-95th",-1.88943943360588,-11.2053659209518,0.546747613522264,0.558208183672151,0.757290427534476,0.823202536555571,0.565466171342607,0.364068099031492,-0.269624644887201
40,"Male","Primary common 1st-99th",-2.08012739428952,-8.2504327665102,0.675014423608043,0.692426796778242,0.989170616533709,0.865814905871931,0.445914441943409,0.0131254690476839,-0.412741776358432
40,"Male","Strict recommended/common 5th-95th",-2.16048663555557,-8.52452052036949,0.67299797630644,0.690358347505854,0.98129239699232,0.847077626158245,0.369355010104383,0.0131254690476844,-0.441546032726421
41,"Female","Primary common 1st-99th",-1.83837651213148,-10.9905723471736,0.55088811871395,0.561629644304796,0.894327225261648,0.890375231420918,0.550618326002548,0.353962213769237,-0.193250074160961
41,"Female","Strict recommended/common 5th-95th",-1.87408468435735,-11.1232577669692,0.550067208093305,0.560792565986832,0.777152467007204,0.843529920493229,0.542312338560877,0.353962213769237,-0.237987311482082
41,"Male","Primary common 1st-99th",-2.01348308912621,-7.94716759768363,0.67987004149636,0.692485945970934,0.978450652867592,0.842405827359962,0.554034871252497,0.00252993605468808,-0.502346538765677
41,"Male","Strict recommended/common 5th-95th",-2.14659815073976,-8.44334381461564,0.676205510090519,0.688753428830422,0.977298766517927,0.803871823817234,0.443656476171413,0.00252993605468845,-0.637847550460127
42,"Female","Primary common 1st-99th",-1.76558666921902,-10.5957137325532,0.547683636129467,0.558281427333486,0.892082723463067,0.935002418684558,0.56168711769681,0.363742032198719,-0.0816410600777165
42,"Female","Strict recommended/common 5th-95th",-1.8103567171084,-10.7746208357861,0.546587954781277,0.55716438476367,0.781709587725646,0.914753818942194,0.556851547689542,0.363742032198719,-0.044761387910212
42,"Male","Primary common 1st-99th",-1.99325616965777,-7.90273034765821,0.666798185491769,0.683691688002061,0.990337477336701,0.870476201501912,0.428183145072944,0.060183912072382,-0.39838323434843
42,"Male","Strict recommended/common 5th-95th",-2.09693324393157,-8.27474256489338,0.664104814580942,0.680930093184475,0.986166821874184,0.854119841098232,0.340578412804201,0.0601839120723825,-0.42268031258902
43,"Female","Primary common 1st-99th",-1.84187147632923,-11.0122257552352,0.546535201131791,0.55739666478729,0.898891175854516,0.889763896201371,0.538798901796983,0.347456373047515,-0.193547716950639
43,"Female","Strict recommended/common 5th-95th",-1.86292672736673,-11.0601961282686,0.546240872250274,0.557096326708813,0.787206774595337,0.8503765539201,0.529518789396265,0.347456373047515,-0.21982910993772
43,"Male","Primary common 1st-99th",-2.09587614248092,-8.230556533716,0.666617365014617,0.677692582208581,0.993160249719896,0.79895707029683,0.583048994286444,0.0105568358054994,-0.67584525837806
43,"Male","Strict recommended/common 5th-95th",-2.19349184535134,-8.62279574986739,0.663768175476931,0.6747960693038,0.989289810502199,0.790338452628315,0.432071193686139,0.0105568358054998,-0.708283684308792
44,"Female","Primary common 1st-99th",-1.84819357148339,-11.0604742064685,0.541379386976768,0.55223571553119,0.879452690699979,0.89907848955752,0.58911419135786,0.383124229842463,-0.158358791394867
44,"Female","Strict recommended/common 5th-95th",-1.85985559571794,-11.0518933022778,0.541431906206455,0.552289129805626,0.755933171144046,0.872636072051484,0.580778248614303,0.383124229842463,-0.134979673069453
44,"Male","Primary common 1st-99th",-1.91783123429233,-7.65027154378508,0.668785576453911,0.684261155740197,0.974638548565234,0.916204683858667,0.467929964338132,0.0767311208482941,-0.215372044635117
44,"Male","Strict recommended/common 5th-95th",-2.06561469605589,-8.143547209337,0.665213386380135,0.680606320045905,0.979202318208343,0.843240900519933,0.38214404780267,0.0767311208482946,-0.443403570923775
45,"Female","Primary common 1st-99th",-1.823787809702,-10.9002077804796,0.540368598479509,0.551511969838105,0.889363486381913,0.88809407437104,0.56336001587172,0.36293387461287,-0.188822169818557
45,"Female","Strict recommended/common 5th-95th",-1.85250047006207,-11.010669121568,0.539698964638845,0.550828368457642,0.779309280482238,0.879470942062156,0.548268607881046,0.36293387461287,-0.129863453884579
45,"Male","Primary common 1st-99th",-1.95498316876287,-7.77594074503438,0.669997956612672,0.687106877146209,0.981702057611983,0.893336562782838,0.446248925889597,0.0390687334225553,-0.302769704157667
45,"Male","Strict recommended/common 5th-95th",-2.05700503837825,-8.1147966083516,0.667536258340172,0.684582331312606,0.971488476067769,0.853627882156711,0.396952421338979,0.0390687334225557,-0.400300575513898
46,"Female","Primary common 1st-99th",-1.83910993835052,-11.0015517100581,0.537019062290651,0.548418067213117,0.887525339935667,0.89760352189211,0.568304898883302,0.366137156515415,-0.172610600963185
46,"Female","Strict recommended/common 5th-95th",-1.8848931147273,-11.1923519483766,0.535868053493864,0.547242469298784,0.766354155061442,0.853912991339491,0.559981039162799,0.366137156515415,-0.202846745506448
46,"Male","Primary common 1st-99th",-1.96411734193636,-7.80102611696412,0.678530876541893,0.690922906235393,0.988920075518199,0.882800088664681,0.41283290063815,0.00855784052272883,-0.354761117475805
46,"Male","Strict recommended/common 5th-95th",-2.05561941366451,-8.11639810536168,0.676209977045626,0.688559633444324,0.981089661423129,0.8651153838882,0.346500318326425,0.00855784052272921,-0.379881696304285
47,"Female","Primary common 1st-99th",-1.82057576070242,-10.8834591924162,0.54952752851792,0.56022126449985,0.900111742916227,0.890071810280691,0.535591593190664,0.345334426734933,-0.190949991919114
47,"Female","Strict recommended/common 5th-95th",-1.84563648276706,-10.9588734838297,0.549062786312556,0.55974731770499,0.790833528099315,0.855271937130737,0.525315173850309,0.345334426734933,-0.203546269868971
47,"Male","Primary common 1st-99th",-2.0287071797196,-8.05842424165162,0.691044009927289,0.702831618622561,0.985632932115891,0.881815179156972,0.438103224730068,0.0718189620356091,-0.352496666009618
47,"Male","Strict recommended/common 5th-95th",-2.1671491511305,-8.55349012518181,0.687323090525734,0.699047242834789,0.983066914905296,0.851980011163946,0.355897144845508,0.0718189620356097,-0.425904032140488
48,"Female","Primary common 1st-99th",-1.82438391522287,-10.9040229217906,0.548969428270334,0.560391622584625,0.898812152509072,0.888737602277729,0.539063090988172,0.339644354730296,-0.193362856353973
48,"Female","Strict recommended/common 5th-95th",-1.86496850672177,-11.060885268625,0.548003204356686,0.559405134085904,0.782083968883894,0.82625296607627,0.532606520717906,0.339644354730296,-0.270562946649198
48,"Male","Primary common 1st-99th",-2.02819365790236,-8.03525245006226,0.672961754654754,0.689375052655119,0.987470268133466,0.862740612130543,0.463203297718394,0.0519261441406861,-0.41427118894103
48,"Male","Strict recommended/common 5th-95th",-2.12402721482046,-8.37369735898176,0.670485202735532,0.686838111933284,0.979156184440589,0.838427342041728,0.388800327261015,0.0519261441406865,-0.455449969388536
49,"Female","Primary common 1st-99th",-1.82147577978308,-10.8868818418405,0.549148193681846,0.559988968493728,0.895741726262378,0.887856087103541,0.547057565604877,0.351146080120996,-0.193085665114199
49,"Female","Strict recommended/common 5th-95th",-1.84444412363791,-10.9462728543888,0.548782495776185,0.559615890661008,0.779811777692938,0.842723970440627,0.538438317575705,0.351146080120997,-0.226822857460037
49,"Male","Primary common 1st-99th",-2.05429017084148,-8.12372899579955,0.675066200743638,0.689343431320653,0.98687769571867,0.847943317787146,0.497907837933977,0.0462856608405982,-0.464874190553389
49,"Male","Strict recommended/common 5th-95th",-2.13796986965125,-8.4137547319065,0.672935274489311,0.687167450763654,0.977349256216977,0.810929594770881,0.433210180617129,0.0462856608405989,-0.55446632571789
50,"Female","Primary common 1st-99th",-1.8473396027032,-11.0116876333213,0.548804215043064,0.560703395202099,0.905169965805541,0.85832944986713,0.528185888112574,0.320111034174945,-0.262973898451749
50,"Female","Strict recommended/common 5th-95th",-1.88346408087831,-11.164783566929,0.54786034236228,0.55973889590374,0.79738497197564,0.811323019915167,0.510960226993232,0.320111034174945,-0.306578470986397
50,"Male","Primary common 1st-99th",-2.03020351912087,-8.05703234434587,0.67541416209886,0.691428910020995,0.988996019212015,0.873733931757791,0.430548122847517,0.0197740277450985,-0.389074498115073
50,"Male","Strict recommended/common 5th-95th",-2.12429978267365,-8.38705044326123,0.672989899754792,0.688947179428092,0.981945929179358,0.859516056097299,0.35019379191799,0.0197740277450988,-0.405693842751892
51,"Female","Primary common 1st-99th",-1.84966045816851,-11.0699347671671,0.53678036311682,0.547209320984174,0.890732469246422,0.901448099963231,0.560189313895079,0.364966971709028,-0.163068846844427
51,"Female","Strict recommended/common 5th-95th",-1.8875118452872,-11.2039471505815,0.53597175109699,0.546384841975204,0.76806478173231,0.844718267129618,0.555290701453575,0.364966971709028,-0.223647650320936
51,"Male","Primary common 1st-99th",-1.90340509265871,-7.51712787743073,0.679212018380173,0.694865185057559,0.969915524487465,0.857915872186926,0.571240414486652,0.0267349894825733,-0.4216376396114
51,"Male","Strict recommended/common 5th-95th",-2.07919035574851,-8.18683020262029,0.674293648364567,0.689833480470216,0.968686900286346,0.82623566555527,0.438585996476921,0.026734989482574,-0.501344503113319
52,"Female","Primary common 1st-99th",-1.79922629719495,-10.8059925134976,0.540504836752351,0.553501450202469,0.899051258440931,0.941331139015163,0.543399300566542,0.355477926369991,-0.0733646701636154
52,"Female","Strict recommended/common 5th-95th",-1.84157446401172,-10.9582561877953,0.539582422751085,0.552556698475084,0.791007163733575,0.907471648986666,0.539485225491178,0.355477926369991,-0.0766677193774146
52,"Male","Primary common 1st-99th",-2.04662520937971,-8.08818560432816,0.685530386847473,0.699247758392754,0.987867940077806,0.846848132737085,0.494706901324647,0.0136341581385734,-0.485710871353286
52,"Male","Strict recommended/common 5th-95th",-2.17537015356797,-8.5698173448993,0.681938159689038,0.695583665001126,0.983534405084181,0.824505003760909,0.394016196500918,0.0136341581385738,-0.543822171878022
53,"Female","Primary common 1st-99th",-1.79893931015081,-10.74442527694,0.542895634729003,0.554234567434835,0.888683902052203,0.883549813440604,0.565158237389069,0.354104465546764,-0.201840940071558
53,"Female","Strict recommended/common 5th-95th",-1.84328391687366,-10.9385542538196,0.541715137077064,0.55302925458693,0.768893229757455,0.842489948715941,0.553626385788413,0.354104465546764,-0.223523251593413
53,"Male","Primary common 1st-99th",-1.98359844458111,-7.85793701333864,0.673167321907049,0.685061851214492,0.990332125623023,0.865771961170241,0.438382523754327,0.0185919204310851,-0.42357489412282
53,"Male","Strict recommended/common 5th-95th",-2.09109640955912,-8.24483756373503,0.670340775760338,0.682185374798933,0.986233922723291,0.842628467393172,0.357257670962478,0.0185919204310856,-0.485416046350567
54,"Female","Primary common 1st-99th",-1.85624282586492,-11.0711174660103,0.558104220568984,0.568512799578312,0.890531727304841,0.861467944769514,0.562795767777468,0.351210387973646,-0.253327554324279
54,"Female","Strict recommended/common 5th-95th",-1.86135672967619,-11.0404060591524,0.55829725775143,0.568709273448898,0.772911949700459,0.827333566564518,0.545156300596135,0.351210387973647,-0.264839127523413
54,"Male","Primary common 1st-99th",-2.00658152569604,-7.93715129094034,0.694861079053475,0.707242553029083,0.988808745834464,0.85525136079458,0.470886401749593,0.00573428611767449,-0.460610983601791
54,"Male","Strict recommended/common 5th-95th",-2.12857424307263,-8.38680338215454,0.691467304292855,0.703788319717069,0.98472374142641,0.830089443072126,0.381580968714394,0.00573428611767488,-0.533206472515725
55,"Female","Primary common 1st-99th",-1.79355269878355,-10.7244298617298,0.544357634199482,0.557213593765868,0.899941797315161,0.894185698777313,0.535845337777665,0.340756212117713,-0.177993015339144
55,"Female","Strict recommended/common 5th-95th",-1.81779544615841,-10.7911563984721,0.543951057946195,0.556797255839499,0.788628015501186,0.853081026527084,0.528030785093648,0.340756212117713,-0.200966523599043
55,"Male","Primary common 1st-99th",-2.06121857351861,-8.16187772696024,0.686139171686569,0.698150059503331,0.99200705957309,0.854548905699824,0.452896735274765,0.0642145215799443,-0.453259299018599
55,"Male","Strict recommended/common 5th-95th",-2.11397326408531,-8.32517810640609,0.684919180821042,0.696908726128879,0.9848789264712,0.823400878334788,0.391284789438845,0.0642145215799449,-0.528003302295634
56,"Female","Primary common 1st-99th",-1.79336072739858,-10.7484300021625,0.544270589953097,0.554721343921866,0.900532567485777,0.920348935317692,0.535332442724369,0.346583031962367,-0.122399352590854
56,"Female","Strict recommended/common 5th-95th",-1.8420650683509,-10.9440463214567,0.543077977848951,0.553505673343217,0.789756155647518,0.870642726392595,0.53032742181591,0.346583031962367,-0.166943239409463
56,"Male","Primary common 1st-99th",-1.99264787405855,-7.8622061954878,0.68039802002371,0.693011369367899,0.97907814745635,0.84334078539289,0.549049446827756,0.0333679643018942,-0.489278954395261
56,"Male","Strict recommended/common 5th-95th",-2.14292861330687,-8.44295108523533,0.676109522495483,0.688643384831539,0.97487212300999,0.829101106505406,0.415590203642386,0.0333679643018946,-0.514309984756954
57,"Female","Primary common 1st-99th",-1.79512836049182,-10.7402233991321,0.548020204735475,0.559512211505833,0.902016104367984,0.901326291645872,0.530165841839166,0.337607654384482,-0.170741348627338
57,"Female","Strict recommended/common 5th-95th",-1.83472214687775,-10.9009452512954,0.547033726300485,0.558504886018995,0.796729601609606,0.871675600687627,0.520272611125267,0.337607654384481,-0.176192142757324
57,"Male","Primary common 1st-99th",-1.98456962304684,-7.85316453921824,0.67987465610728,0.693947239644107,0.983372653313696,0.859851471468565,0.49378553352035,0.0337114744006627,-0.429236449482987
57,"Male","Strict recommended/common 5th-95th",-2.07304203718331,-8.17226236938348,0.677520353149299,0.691544219560116,0.97320856373651,0.843575590217653,0.402698799590801,0.0337114744006633,-0.448230621659726
58,"Female","Primary common 1st-99th",-1.75921546239917,-10.5654686855815,0.545604041529665,0.557567114482626,0.881230674133599,0.942827265199327,0.594179741702132,0.392114837135742,-0.0638378081674019
58,"Female","Strict recommended/common 5th-95th",-1.80331439210491,-10.7290578311947,0.544606338141008,0.556547375983782,0.757924575138733,0.906415985482068,0.590757499342444,0.392114837135743,-0.0646979840564788
58,"Male","Primary common 1st-99th",-2.01728820831101,-7.97914718040221,0.676624983995524,0.693120028288659,0.984888349471483,0.854745044560443,0.495058939982635,0.0203349182035736,-0.447329855261448
58,"Male","Strict recommended/common 5th-95th",-2.1526805317681,-8.47494170022585,0.672979484824843,0.689385671322835,0.980484344476858,0.816233359650925,0.416060422132332,0.020334918203574,-0.556277557002248
59,"Female","Primary common 1st-99th",-1.79838954684704,-10.75831427432,0.554053950860165,0.564483235060883,0.896448617314887,0.899900549363316,0.545053391287155,0.352223196296269,-0.164811721273007
59,"Female","Strict recommended/common 5th-95th",-1.83810959624828,-10.9187607083472,0.553058118961918,0.563468496013787,0.785466874488143,0.866071050008267,0.535491368282387,0.352223196296269,-0.167957881377893
59,"Male","Primary common 1st-99th",-1.98242516182588,-7.86429794431128,0.682929872052307,0.698568431974733,0.986930925982015,0.873429563086443,0.445145033901303,0.0436019693571091,-0.372460312051805
59,"Male","Strict recommended/common 5th-95th",-2.06280774646821,-8.13227897784438,0.680943593745518,0.696536682966533,0.976618730233556,0.842793332324781,0.39186146857369,0.0436019693571095,-0.429600724537567
60,"Female","Primary common 1st-99th",-1.80934967988017,-10.7835908548981,0.548133090729692,0.559344572668749,0.909849799920305,0.861708794381233,0.515664181781394,0.308739580155785,-0.253958615545267
60,"Female","Strict recommended/common 5th-95th",-1.86815442940879,-11.0757826360116,0.54633819840937,0.557512806283366,0.809591181346792,0.817837208275734,0.495141822274253,0.308739580155785,-0.286208930167882
60,"Male","Primary common 1st-99th",-1.95217899372022,-7.73493160424588,0.67974323655007,0.693925444842988,0.991043394606559,0.86951182323291,0.425433585357841,0.045326346079987,-0.407283180376879
60,"Male","Strict recommended/common 5th-95th",-2.06256590397213,-8.14113742516375,0.676750656733904,0.690870441148203,0.988527244225038,0.859636422689723,0.322620281801776,0.0453263460799874,-0.414344890929378
61,"Female","Primary common 1st-99th",-1.85935774476738,-11.1105711235695,0.541390660976081,0.552482378410679,0.900626483897336,0.884647220136576,0.53467168455042,0.338298441513513,-0.204956371721451
61,"Female","Strict recommended/common 5th-95th",-1.90448290376911,-11.3020175833775,0.540224923547731,0.551292599273014,0.789573594692688,0.837816929113892,0.524036052832368,0.338298441513512,-0.247647495493406
61,"Male","Primary common 1st-99th",-2.07601437316514,-8.21268844449824,0.667730672103941,0.683969793413327,0.987862399156056,0.850419512127785,0.486959309282785,0.0838000210764583,-0.457368298538696
61,"Male","Strict recommended/common 5th-95th",-2.18437791065732,-8.60741651149567,0.664859173992058,0.681028474240543,0.981677763814656,0.826829722201683,0.396661890245284,0.0838000210764589,-0.498854370315764
62,"Female","Primary common 1st-99th",-1.87093432020642,-11.1870591352022,0.542687517682186,0.552429293971902,0.885485440734119,0.891026476619635,0.573230533991507,0.367532344198128,-0.180105159033608
62,"Female","Strict recommended/common 5th-95th",-1.91540452326678,-11.369632624291,0.541572198636933,0.551293795368127,0.761210852225455,0.842879932725292,0.56444667223846,0.367532344198129,-0.211690288491263
62,"Male","Primary common 1st-99th",-2.09689841007886,-8.32250914047651,0.674581771700919,0.689164043733009,0.987006950801238,0.87173980933902,0.44796693290853,0.0297151743196574,-0.393469372496058
62,"Male","Strict recommended/common 5th-95th",-2.22632587471452,-8.78580068057128,0.671172831991068,0.685681427335446,0.982350345233848,0.846505146192328,0.366205075596599,0.0297151743196578,-0.454289169574749
63,"Female","Primary common 1st-99th",-1.77811765547898,-10.5958216370156,0.557633052687559,0.567935137938285,0.911672731643591,0.861030961375776,0.511314977408256,0.307429996971134,-0.255673879456421
63,"Female","Strict recommended/common 5th-95th",-1.81805376396953,-10.7727776442342,0.556529637454885,0.566811173918805,0.809252533138724,0.809646759175757,0.495472924568917,0.307429996971135,-0.308033446907532
63,"Male","Primary common 1st-99th",-1.95019043580768,-7.68615586365172,0.682794895659229,0.694768013460763,0.979070953987351,0.838006522396898,0.559406273572097,0.0209340953775299,-0.509736690756073
63,"Male","Strict recommended/common 5th-95th",-2.07004270709887,-8.16633553720713,0.679243324962034,0.691154177952833,0.966315214011089,0.853550116577865,0.415232437108526,0.0209340953775302,-0.409130386185528
64,"Female","Primary common 1st-99th",-1.84351366952462,-11.019607509718,0.542050293202138,0.552389458372988,0.900063604026814,0.887313110123022,0.535904229760959,0.340047564237434,-0.201189855686395
64,"Female","Strict recommended/common 5th-95th",-1.86438823375007,-11.0714488504998,0.541734774282001,0.552067762681144,0.791652547871571,0.856394468390424,0.524365042760876,0.340047564237434,-0.210421470139769
64,"Male","Primary common 1st-99th",-2.0137511668876,-7.97220525240522,0.671201241109141,0.687847495753845,0.990876462644421,0.859605692640924,0.448472527251432,0.0224414415061654,-0.446971353617247
64,"Male","Strict recommended/common 5th-95th",-2.1231040709224,-8.3740279262598,0.668270616893509,0.684844203443718,0.987395123914968,0.8452497842911,0.348874225653832,0.0224414415061659,-0.477706108026618
65,"Female","Primary common 1st-99th",-1.81631901343003,-10.8398504370079,0.550300101605722,0.560436071758066,0.891901837571435,0.873865638769472,0.557793971621183,0.348775054166467,-0.226032018358037
65,"Female","Strict recommended/common 5th-95th",-1.85711707067124,-11.0079588426143,0.549262822351797,0.559379525848304,0.768725463662209,0.813658445461442,0.548663778222548,0.348775054166467,-0.297714523735964
65,"Male","Primary common 1st-99th",-2.03959455950941,-8.08259527088877,0.690245487097421,0.705209009673972,0.988289840892518,0.864331162102486,0.454719187861033,0.00551360616452539,-0.424184911570046
65,"Male","Strict recommended/common 5th-95th",-2.14756407285625,-8.46848600124,0.687347731012565,0.702248448278007,0.981808700227098,0.840571125550748,0.376482743614444,0.00551360616452578,-0.483142043083093
66,"Female","Primary common 1st-99th",-1.79202369237959,-10.742017063224,0.542249588320812,0.55330170364911,0.891524136298267,0.92162637618648,0.560434599749398,0.35684634948238,-0.107628799024401
66,"Female","Strict recommended/common 5th-95th",-1.833889709647,-10.8992863215032,0.541294451463187,0.552326941019263,0.774274501730142,0.87939838195107,0.555769051840789,0.35684634948238,-0.118789130133842
66,"Male","Primary common 1st-99th",-2.00861475998013,-7.97750991250929,0.67812156151479,0.694872771272833,0.984877843393647,0.882507772453802,0.442071070513632,0.048385499596398,-0.351962900101368
66,"Male","Strict recommended/common 5th-95th",-2.15598512699506,-8.50062470928307,0.674266738699394,0.690922738955139,0.981894273590401,0.838943713902502,0.378474046137263,0.0483854995963985,-0.480340737967691
67,"Female","Primary common 1st-99th",-1.82135564854236,-10.8629371221167,0.548970760074292,0.559922016746823,0.900057134134892,0.866927984787624,0.538694477031514,0.333924346128151,-0.242919490344578
67,"Female","Strict recommended/common 5th-95th",-1.86320142456091,-11.0481498349452,0.547830378236663,0.55875872461071,0.788383766508819,0.82219521766853,0.52365795808973,0.333924346128152,-0.279532003554069
67,"Male","Primary common 1st-99th",-2.01428622496583,-7.95585887467626,0.681100617962877,0.697231927412189,0.988451439118028,0.843809231725058,0.498156360219104,0.0655414886241474,-0.482057859657685
67,"Male","Strict recommended/common 5th-95th",-2.09926465520485,-8.27236082461523,0.678758648194488,0.694834503495014,0.979474435964006,0.834151788662919,0.393583705722267,0.065541488624148,-0.468090913114382
68,"Female","Primary common 1st-99th",-1.82116628609254,-10.8526436383429,0.544081139884492,0.555012462142745,0.9059535696816,0.85576345791825,0.527025237047012,0.323217521636798,-0.273636464702482
68,"Female","Strict recommended/common 5th-95th",-1.83574342969872,-10.8808563510695,0.543909242957966,0.554836951853247,0.799264271997059,0.813726557813305,0.508610774188626,0.323217521636798,-0.313853132433599
68,"Male","Primary common 1st-99th",-1.8808594466268,-7.45956285674167,0.67682840056841,0.689188311992872,0.982037242431652,0.882905085568208,0.460617359091681,0.0548783123055058,-0.349455319978639
68,"Male","Strict recommended/common 5th-95th",-2.02389291965806,-7.98593117500495,0.672978667310206,0.68526829053234,0.979745049223182,0.859096147721271,0.359494470730566,0.0548783123055063,-0.402334777108175
69,"Female","Primary common 1st-99th",-1.86455480362045,-11.1710781820842,0.546169778913033,0.556048642660005,0.902460519189903,0.912147088926977,0.529242588173701,0.346025887967652,-0.138520029245963
69,"Female","Strict recommended/common 5th-95th",-1.89977779594766,-11.2882754327168,0.545449474148362,0.555315150174149,0.793889891079981,0.868379490213197,0.523698581482275,0.346025887967652,-0.16665587175443
69,"Male","Primary common 1st-99th",-2.02358561690861,-8.03829315591841,0.676018585133756,0.690889121029418,0.977352339804833,0.883848177904385,0.489546376919147,0.0456028928946191,-0.334123114373257
69,"Male","Strict recommended/common 5th-95th",-2.16441927167115,-8.53898347878818,0.672338020123456,0.687127607907,0.973569361823704,0.846420492077929,0.397999046056747,0.0456028928946196,-0.428562894004973
70,"Female","Primary common 1st-99th",-1.85265325164135,-11.0662264261706,0.550567808416448,0.560704885139586,0.899085298885067,0.879793375660944,0.539137273775878,0.340840661113662,-0.212612084882595
70,"Female","Strict recommended/common 5th-95th",-1.88331573734973,-11.1735365905811,0.549903769495397,0.560028458853915,0.785619822562563,0.832534208146879,0.528691062339211,0.340840661113662,-0.253177599311821
70,"Male","Primary common 1st-99th",-2.05887039973722,-8.16016669028159,0.670367640217077,0.686279031410554,0.98628861413465,0.862880664622587,0.470257035886706,0.0642875999382627,-0.412418040917137
70,"Male","Strict recommended/common 5th-95th",-2.13309336618723,-8.40233492792811,0.668600032002127,0.684469482107432,0.980099265451911,0.825074301048977,0.404352920926374,0.064287599938263,-0.507569554255228
71,"Female","Primary common 1st-99th",-1.79763580386317,-10.7436147153512,0.555416894664886,0.566569206320333,0.900347321496417,0.888693035346471,0.535064555641929,0.34035139445013,-0.190410416650364
71,"Female","Strict recommended/common 5th-95th",-1.82052026119933,-10.8071829367407,0.555021622864308,0.566165835199963,0.790568250193785,0.851487690144777,0.524958641337862,0.34035139445013,-0.204164873452724
71,"Male","Primary common 1st-99th",-2.04265097672487,-8.07624204782631,0.680813113710754,0.696290024435637,0.987457879394368,0.848270981725514,0.493926597327329,0.0476522109641579,-0.465953014380663
71,"Male","Strict recommended/common 5th-95th",-2.13872765681532,-8.41525983971654,0.678302307897398,0.69372215418024,0.980037355886094,0.808787250449625,0.428505270679237,0.0476522109641582,-0.569276748167335
72,"Female","Primary common 1st-99th",-1.79261171563902,-10.7289062576258,0.54796096230338,0.560346935349925,0.904647227282948,0.903635687343734,0.523000930784541,0.335318431255288,-0.157528770186695
72,"Female","Strict recommended/common 5th-95th",-1.81336481923809,-10.7685456319539,0.547717939462236,0.560098258876334,0.797277194860792,0.860545002737202,0.517075486540639,0.335318431255287,-0.185801063156377
72,"Male","Primary common 1st-99th",-2.01323248908666,-8.01605720563622,0.683561354348364,0.704150224103381,0.989454825343892,0.896668041743758,0.382094035106556,0.073555321557894,-0.308035336999037
72,"Male","Strict recommended/common 5th-95th",-2.12014713057227,-8.37385485096794,0.680902503802805,0.701411302734077,0.984319793598833,0.866079272820057,0.331651284074442,0.0735553215578945,-0.386009400072401
73,"Female","Primary common 1st-99th",-1.83672853962798,-10.9754435906867,0.563404474235522,0.574507908914873,0.896659106985303,0.884646004461234,0.544888018447705,0.347233366921545,-0.196485419313368
73,"Female","Strict recommended/common 5th-95th",-1.8616288019214,-11.049865695512,0.562933782704755,0.574027776239611,0.78310855072548,0.845283723000138,0.534316237090796,0.347233366921545,-0.21150179911537
73,"Male","Primary common 1st-99th",-2.01208619392892,-7.9825944886808,0.676728976312325,0.690286094384107,0.984787092454753,0.874231222300634,0.457764650561907,0.0294801207362641,-0.372741087344984
73,"Male","Strict recommended/common 5th-95th",-2.13742678392891,-8.42650373022093,0.673464363317588,0.686956093977402,0.978279227343135,0.83785620857698,0.392602507192357,0.0294801207362645,-0.462045474637189
74,"Female","Primary common 1st-99th",-1.85074935585765,-11.0472736751262,0.545601447775373,0.556122447227195,0.879674485134095,0.871952607653596,0.587671161443324,0.374880415724531,-0.225651568826326
74,"Female","Strict recommended/common 5th-95th",-1.87202098282839,-11.1100929258612,0.545216429304303,0.555729844419522,0.754655568966836,0.840853365823015,0.573089164948554,0.374880415724531,-0.222476406638787
74,"Male","Primary common 1st-99th",-2.02686400641683,-8.05333620453337,0.672933555242956,0.689461623717789,0.990310647258661,0.881273989596737,0.405670061221094,0.0571711635896827,-0.357229912430044
74,"Male","Strict recommended/common 5th-95th",-2.11475698067494,-8.34982060239563,0.670763718155667,0.687238506137331,0.984031658418771,0.860905298827509,0.339822610865963,0.0571711635896832,-0.389274605262898
75,"Female","Primary common 1st-99th",-1.81909773809989,-10.908473080279,0.550223765379896,0.561212564559717,0.900945742383937,0.924447193533677,0.534699244247612,0.349201713336508,-0.111685437560355
75,"Female","Strict recommended/common 5th-95th",-1.86314158739319,-11.0718070363605,0.54921531587748,0.560183814418988,0.790101435389005,0.874538917984874,0.530805418949129,0.349201713336508,-0.154735993630447
75,"Male","Primary common 1st-99th",-2.06437534032179,-8.21411548415317,0.671694768810935,0.688100121796528,0.984338923427717,0.891087871110214,0.431059103269102,0.0754722222518778,-0.311256641058959
75,"Male","Strict recommended/common 5th-95th",-2.20259842892635,-8.6964426378537,0.668165123096931,0.684484282217487,0.979549625756556,0.855789311744137,0.364450155699311,0.0754722222518783,-0.393326976321771
76,"Female","Primary common 1st-99th",-1.79231804220927,-10.7372368430791,0.541896347095995,0.552097549074534,0.893259412045486,0.913498149612847,0.5545348883811,0.358882680796348,-0.133288462235659
76,"Female","Strict recommended/common 5th-95th",-1.81243931361847,-10.7714527656784,0.541688915919861,0.551886055065245,0.778426536766156,0.878956308451917,0.549431974629839,0.358882680796348,-0.137684543661521
76,"Male","Primary common 1st-99th",-2.00129655928401,-7.94339987561383,0.668103441759844,0.685156898723018,0.985560404454096,0.878457869298341,0.444773262413673,0.0506219172639394,-0.367396188096554
76,"Male","Strict recommended/common 5th-95th",-2.12921589840665,-8.40463952300225,0.664756035479689,0.681724062843736,0.981720258321094,0.85607716915591,0.355623081985933,0.0506219172639401,-0.414383517409697
77,"Female","Primary common 1st-99th",-1.82918979767285,-10.984121778333,0.555432651071947,0.567676333228401,0.891447252572321,0.938177906098162,0.5642862223949,0.373777207737633,-0.0778458678290344
77,"Female","Strict recommended/common 5th-95th",-1.86680969608927,-11.1024033279505,0.554694902316662,0.566922160005334,0.773442572388184,0.89296458061678,0.561561983348486,0.373777207737632,-0.10534052053253
77,"Male","Primary common 1st-99th",-2.04396022348671,-8.06663374509142,0.67517010408102,0.691378865109831,0.987188228458045,0.837488281512045,0.519024899866694,0.0436685813975955,-0.507808904226043
77,"Male","Strict recommended/common 5th-95th",-2.16070212484455,-8.50064497243116,0.671982725969236,0.688114981422728,0.980319650937342,0.806130451891301,0.431691962347866,0.043668581397596,-0.586977200083514
78,"Female","Primary common 1st-99th",-1.83654471202696,-10.9871646875196,0.542512170499604,0.552857597831668,0.891271058936117,0.89711528221352,0.558576065161552,0.358260736533947,-0.170710495704818
78,"Female","Strict recommended/common 5th-95th",-1.86282978902066,-11.060798415905,0.542063678088181,0.552400394453062,0.772136953543121,0.853128713359131,0.551538641737184,0.358260736533946,-0.198853414641774
78,"Male","Primary common 1st-99th",-2.02368829306635,-7.98116200271288,0.673379931408786,0.686862482070426,0.979741380893565,0.835529657547753,0.560977575219042,0.0026179927106609,-0.511651904749367
78,"Male","Strict recommended/common 5th-95th",-2.15021195724415,-8.46072868318629,0.669870588696463,0.683282888338004,0.9690162493335,0.809241783456957,0.45935357575109,0.00261799271066133,-0.572209196292405
79,"Female","Primary common 1st-99th",-1.76230262590016,-10.5405798006904,0.550006826681044,0.561175070663833,0.905808808158019,0.900527238936489,0.519887473472349,0.327193079016048,-0.169431286142015
79,"Female","Strict recommended/common 5th-95th",-1.8080403318048,-10.7319779146525,0.54883038105383,0.559974575558992,0.799285052006739,0.851140596677006,0.512495070087363,0.327193079016048,-0.217632353388
79,"Male","Primary common 1st-99th",-2.04384920939367,-8.09590621337538,0.668121935115694,0.682771230556985,0.985373563142297,0.861199255922163,0.479220564792681,0.032115705209786,-0.438679529858056
79,"Male","Strict recommended/common 5th-95th",-2.12691104872667,-8.38089370106646,0.666050193883598,0.680654077851958,0.974664776381592,0.832634884013609,0.411618101595876,0.0321157052097865,-0.519025719460088
80,"Female","Primary common 1st-99th",-1.78262203284262,-10.6670680016596,0.544396987705203,0.556389215706719,0.910184239680426,0.903276504517779,0.507733957345655,0.324382459125567,-0.163401122914176
80,"Female","Strict recommended/common 5th-95th",-1.81737892583285,-10.7902755028428,0.543646446977976,0.555621982308774,0.807531278797334,0.856355158853158,0.501505315802613,0.324382459125567,-0.206627035159584
80,"Male","Primary common 1st-99th",-1.99550657194966,-7.93444170846074,0.690309262731912,0.702902253992754,0.980550029394733,0.891789628548432,0.456605960211571,0.0268672038767987,-0.325859750575806
80,"Male","Strict recommended/common 5th-95th",-2.15210323139368,-8.49007405489636,0.686143175985623,0.698660181726995,0.986177415226803,0.845790434803443,0.352752120522529,0.0268672038767992,-0.477947508676862
81,"Female","Primary common 1st-99th",-1.77039570627404,-10.6225929463662,0.537310456635707,0.548416530599928,0.890162502355311,0.932619319540672,0.566468133553456,0.368770425091578,-0.0850749947189965
81,"Female","Strict recommended/common 5th-95th",-1.81348025908306,-10.7821150728947,0.536351740859384,0.54743784174658,0.771846073075474,0.889827245137804,0.562890334776425,0.368770425091578,-0.099695128145414
81,"Male","Primary common 1st-99th",-1.98471115708979,-7.87775009129934,0.680653218519101,0.694206700698213,0.990914194220876,0.878260966609017,0.407519383530718,0.0618391102735976,-0.376302343542533
81,"Male","Strict recommended/common 5th-95th",-2.09262535536875,-8.25877942104818,0.677838005444658,0.691335443324093,0.987280583364299,0.856529971912567,0.332491709895244,0.0618391102735981,-0.426665315664956
82,"Female","Primary common 1st-99th",-1.83402058401001,-10.9700455730647,0.53840365973865,0.550314385998827,0.875680537773285,0.893961485639691,0.598092512749963,0.387160634071635,-0.170222730431402
82,"Female","Strict recommended/common 5th-95th",-1.84030615994613,-10.9282104049693,0.538656940683018,0.550573112615977,0.746005202763534,0.857822614535824,0.590307759385795,0.387160634071634,-0.171460578969098
82,"Male","Primary common 1st-99th",-2.07752690321105,-8.2350831171161,0.663088514343355,0.683061508690528,0.984603545063785,0.863242919255033,0.479858021204527,0.026566603101133,-0.409339037708996
82,"Male","Strict recommended/common 5th-95th",-2.18263339645648,-8.59647255504711,0.660477186453458,0.68037153807703,0.975110055487224,0.820362851318067,0.426616913130584,0.0265666031011335,-0.52033153330425
83,"Female","Primary common 1st-99th",-1.77465683728767,-10.588585530454,0.562067793096257,0.572749969995105,0.903576376519453,0.874294484946637,0.528507918463903,0.32654541237562,-0.222786162128232
83,"Female","Strict recommended/common 5th-95th",-1.8121603775543,-10.754885754634,0.561022678158581,0.571684827544694,0.799788525252182,0.847076797156364,0.511147564589781,0.32654541237562,-0.212270696910857
83,"Male","Primary common 1st-99th",-2.01231328296563,-8.00326419841443,0.678013176308609,0.690013567129651,0.976451478427938,0.889570888226905,0.487103722502784,0.0610406072878217,-0.297984451608918
83,"Male","Strict recommended/common 5th-95th",-2.11103554177395,-8.31310523123355,0.675729711348492,0.687689700177793,0.957095197347468,0.825524985447864,0.473804263486579,0.0610406072878223,-0.463396155873837
84,"Female","Primary common 1st-99th",-1.82576229679592,-10.9505449340513,0.56162944472639,0.572401002007545,0.895628573983553,0.926748941579576,0.549999388736385,0.357347045918965,-0.102080786689983
84,"Female","Strict recommended/common 5th-95th",-1.8747684438336,-11.1461996662268,0.560395759354625,0.571143492009039,0.78278801214434,0.885735110626302,0.544956741028474,0.357347045918964,-0.117431150444646
84,"Male","Primary common 1st-99th",-2.09788926203951,-8.26214361435728,0.67010353299702,0.689007068837547,0.988672665806559,0.818407692151435,0.555296310434146,-0.00413143646493624,-0.591856964275823
84,"Male","Strict recommended/common 5th-95th",-2.20108868958547,-8.66394308000139,0.667168623788478,0.685989379645089,0.980817610062256,0.809506768715574,0.42512981256284,-0.00413143646493587,-0.604684134985036
85,"Female","Primary common 1st-99th",-1.83379967491539,-10.9832529659349,0.549139366158454,0.560856296195285,0.882305399733506,0.907313513170355,0.582794396833506,0.381846674956107,-0.147764792755668
85,"Female","Strict recommended/common 5th-95th",-1.83270790286099,-10.8969035606394,0.549672341384469,0.561400483072639,0.763342644994135,0.887379325111295,0.574907791873834,0.381846674956108,-0.119845137308192
85,"Male","Primary common 1st-99th",-2.04492404886886,-8.11832580368991,0.685064907088926,0.700382895032691,0.985747714564273,0.877144138409003,0.44595653470797,0.048744558078524,-0.369367550335619
85,"Male","Strict recommended/common 5th-95th",-2.18369795323055,-8.61096353881249,0.681391881330111,0.696627754628666,0.982898451234887,0.838077268963845,0.376143742983548,0.0487445580785245,-0.478965936382594
86,"Female","Primary common 1st-99th",-1.84371563053107,-11.0226813017035,0.551177423738744,0.562319767773047,0.893013269747234,0.888814255922712,0.554036338487045,0.35715018580521,-0.197285545509556
86,"Female","Strict recommended/common 5th-95th",-1.86192941482502,-11.0502609518906,0.551006871636654,0.562145606734175,0.77399174907193,0.842048342165447,0.54642079575313,0.35715018580521,-0.243956120982037
86,"Male","Primary common 1st-99th",-2.05830795046968,-8.17656558945203,0.678539206181372,0.693093658889369,0.990365122852496,0.878507732451167,0.41100173923256,0.0834824203393484,-0.371522183155591
86,"Male","Strict recommended/common 5th-95th",-2.15712902235812,-8.51445222867371,0.676042411170063,0.6905433219448,0.986008140826907,0.853444063763657,0.342197246244138,0.083482420339349,-0.429921038280738
87,"Female","Primary common 1st-99th",-1.85980080668463,-11.1220322785598,0.548369441614685,0.560526721855839,0.89216397733933,0.893317646110496,0.556183572837087,0.349781941357077,-0.1729785939548
87,"Female","Strict recommended/common 5th-95th",-1.90469745516669,-11.3067628570029,0.547229960745893,0.559361818133986,0.773544516705698,0.845988671931495,0.547888104513279,0.349781941357077,-0.200053926106691
87,"Male","Primary common 1st-99th",-1.99874850245724,-7.92493236663102,0.683928552682381,0.696282497966921,0.978929545597638,0.873310228048398,0.496261816219442,0.0323451583733144,-0.38033695625677
87,"Male","Strict recommended/common 5th-95th",-2.12305394190768,-8.36938618781707,0.680627227216514,0.692921554409984,0.977309529545519,0.839524279404288,0.39372034916656,0.0323451583733149,-0.475885046382408
88,"Female","Primary common 1st-99th",-1.82322639170416,-10.9413444135465,0.548460259847916,0.560103516617174,0.887074707035259,0.931985435308298,0.574854098022198,0.380297926209389,-0.0909113460390201
88,"Female","Strict recommended/common 5th-95th",-1.86405234674927,-11.0810275891497,0.547600322232269,0.559225163570015,0.764101266182952,0.883025870713467,0.57221049804262,0.380297926209389,-0.126491163195535
88,"Male","Primary common 1st-99th",-2.08280389307095,-8.2486850213583,0.686645925917263,0.702262313299956,0.989407029308698,0.856349840175714,0.464855286714591,0.0148093294398244,-0.450961607539764
88,"Male","Strict recommended/common 5th-95th",-2.17917679352665,-8.58880260189285,0.684100619112819,0.699659132244002,0.982277388168706,0.830448344992512,0.389370613913814,0.0148093294398249,-0.515413517787732
89,"Female","Primary common 1st-99th",-1.8437089052127,-11.0084627456512,0.547515668649638,0.558088200717522,0.897198498605654,0.874665163696558,0.544534103560619,0.342566095545865,-0.223160500453747
89,"Female","Strict recommended/common 5th-95th",-1.85746498520307,-11.0116542117556,0.547496324057326,0.55806832251021,0.77823602549486,0.815595490394004,0.536395184800788,0.342566095545866,-0.292458515095661
89,"Male","Primary common 1st-99th",-1.95287297705808,-7.78697359811629,0.668858803167795,0.682906144050469,0.974559700398153,0.912949910494746,0.471726868093021,0.0274659878960317,-0.230321913923345
89,"Male","Strict recommended/common 5th-95th",-2.12005793232271,-8.36897864787125,0.66463733542446,0.678596031283351,0.970373980938617,0.859165711839116,0.394909814478493,0.0274659878960323,-0.385377530571678
90,"Female","Primary common 1st-99th",-1.82332129929149,-10.9104700040407,0.550792055727188,0.56163559026882,0.90312660962242,0.899979579424122,0.527181367663649,0.341312447491137,-0.169385416380063
90,"Female","Strict recommended/common 5th-95th",-1.84607511665486,-10.968604701135,0.550432932762846,0.561269236183404,0.798026562939784,0.87052266008776,0.518089853377803,0.341312447491137,-0.169694447199552
90,"Male","Primary common 1st-99th",-1.96639311390355,-7.78927341890161,0.686124988568391,0.697917905307004,0.984554029288576,0.868475147307788,0.470087935507264,0.054516743681181,-0.402832353392242
90,"Male","Strict recommended/common 5th-95th",-2.09110018817773,-8.23716594141335,0.682792347577227,0.694527998061676,0.985101508818746,0.829673392130939,0.380918572641231,0.0545167436811814,-0.520283355412988
91,"Female","Primary common 1st-99th",-1.80245785254263,-10.7683789470181,0.539916487774184,0.551715580839239,0.909008695280147,0.884364014462483,0.512769132228709,0.320803456525205,-0.200011918036112
91,"Female","Strict recommended/common 5th-95th",-1.82612170280984,-10.8303902423012,0.539541560931794,0.551332302210122,0.802622031574303,0.828764108343549,0.50509654021214,0.320803456525204,-0.257776673920775
91,"Male","Primary common 1st-99th",-2.05927116637928,-8.14855210621889,0.673544360372081,0.689812229389568,0.990059555505184,0.851017822466144,0.472786997705229,0.0128819508487089,-0.467758621137079
91,"Male","Strict recommended/common 5th-95th",-2.12470993716175,-8.37358572721259,0.671894248971355,0.688122276837578,0.982142200369132,0.832761226973581,0.386465426515461,0.0128819508487091,-0.498508455532124
92,"Female","Primary common 1st-99th",-1.78240107269532,-10.6400278942301,0.544050820169184,0.556250166644181,0.905961265022731,0.879348014662118,0.521536111426757,0.32631915444476,-0.218171301282981
92,"Female","Strict recommended/common 5th-95th",-1.82912293314705,-10.8533712612674,0.542752210424027,0.554922277851617,0.802281344711698,0.840990399646502,0.506822284407974,0.32631915444476,-0.242450027777267
92,"Male","Primary common 1st-99th",-1.95387397282373,-7.75630290325774,0.680578211263083,0.694247957128383,0.990018270267024,0.881943330231955,0.40646415523802,0.0417489788469304,-0.364382957035673
92,"Male","Strict recommended/common 5th-95th",-2.07963187803227,-8.21365631377453,0.67720389190341,0.690805876478294,0.989010365497709,0.867615630484972,0.308695842448811,0.0417489788469307,-0.390586098855032
93,"Female","Primary common 1st-99th",-1.81550418835188,-10.9327556079025,0.547911735788742,0.559769324555263,0.885425450788519,0.968212791222032,0.592343172081509,0.396550066685199,-0.0102927104006593
93,"Female","Strict recommended/common 5th-95th",-1.84628180313495,-11.0045886770527,0.547470130941047,0.559318003579603,0.769509311511306,0.947534374000064,0.591311622553255,0.396550066685199,0.0221432522176615
93,"Male","Primary common 1st-99th",-2.02613066771007,-8.08189515229049,0.689237957330468,0.704015678101497,0.988271913125014,0.907243895262983,0.373309671270517,0.088098794302888,-0.261250706115321
93,"Male","Strict recommended/common 5th-95th",-2.12709453480779,-8.40347825753821,0.686826656989478,0.701552691662473,0.983465749281121,0.868226950771515,0.332503385118666,0.0880987943028885,-0.36014396494466
94,"Female","Primary common 1st-99th",-1.83716013580134,-11.0016581600035,0.543776753232697,0.554352813695178,0.911127179677834,0.908010947017406,0.504944613925736,0.322780073106088,-0.152134748357012
94,"Female","Strict recommended/common 5th-95th",-1.87073775313218,-11.1101575567593,0.543114113837908,0.553677127734461,0.808878565421606,0.858080816027103,0.499826271616467,0.322780073106088,-0.201322623932847
94,"Male","Primary common 1st-99th",-2.05360096689522,-8.0991453854021,0.67472481879496,0.685947356294658,0.973624551344804,0.835438267190944,0.590635589875364,0.0539732959271181,-0.506236976919273
94,"Male","Strict recommended/common 5th-95th",-2.20676496809069,-8.68558684742283,0.670419289915719,0.681570228971949,0.974724035282514,0.806616472113178,0.44693038227952,0.0539732959271185,-0.582342117489078
95,"Female","Primary common 1st-99th",-1.78116408533211,-10.6337804781044,0.539172021226861,0.551135999143477,0.901411027892811,0.880189710905914,0.533144589724224,0.334824711681974,-0.211091050295556
95,"Female","Strict recommended/common 5th-95th",-1.82324305203422,-10.8158225912585,0.538073996016084,0.550013450761892,0.79156772936302,0.835541523557131,0.520958355963936,0.334824711681974,-0.243808794012513
95,"Male","Primary common 1st-99th",-1.99070548953007,-7.91017885819812,0.685878137113719,0.696971733725707,0.982026688677553,0.886307311002759,0.455096204137888,0.0313914763247025,-0.326920918856576
95,"Male","Strict recommended/common 5th-95th",-2.13040640216322,-8.39589223051983,0.68226063507674,0.693295735055328,0.978279943778901,0.833136371788237,0.39900611185996,0.031391476324703,-0.480050867352603
96,"Female","Primary common 1st-99th",-1.82741286090539,-10.9603449451599,0.543324866241062,0.55542110507669,0.880356670748236,0.924578976956909,0.591251441698733,0.389833192139151,-0.100136656325611
96,"Female","Strict recommended/common 5th-95th",-1.85143771085181,-10.9977077835076,0.5430971625686,0.555188173682051,0.747739731963354,0.865423263269494,0.590337255427655,0.389833192139151,-0.15211453272236
96,"Male","Primary common 1st-99th",-2.07403708243637,-8.20965369385749,0.685541620949154,0.707845298281634,0.987558994249618,0.85496621131548,0.478973240026116,0.026976679174907,-0.452938306587669
96,"Male","Strict recommended/common 5th-95th",-2.19846287956553,-8.66317489251903,0.682154526302041,0.704348020543563,0.98360041301165,0.826005487013415,0.391535255290428,0.0269766791749073,-0.531035543343441
97,"Female","Primary common 1st-99th",-1.81320331379212,-10.8133950007591,0.538980931207523,0.550743358627655,0.90485670468372,0.866696713208205,0.526822763711131,0.32615275112588,-0.246186609230772
97,"Female","Strict recommended/common 5th-95th",-1.8564856845922,-11.0120270067164,0.537780827098679,0.54951690536138,0.800160025372856,0.830075800414142,0.508561462599522,0.32615275112588,-0.266583959681094
97,"Male","Primary common 1st-99th",-1.97708604848687,-7.81632502900374,0.671262315124094,0.683583097548333,0.988113521780979,0.85266192235629,0.480641090800646,0.0289178544276772,-0.453976605500843
97,"Male","Strict recommended/common 5th-95th",-2.06453730749633,-8.13213691404708,0.668962693031474,0.681241280018112,0.97968509665254,0.830625907667966,0.397804333142051,0.0289178544276776,-0.491942094857163
98,"Female","Primary common 1st-99th",-1.80228087915556,-10.7669210736343,0.554479054651998,0.564471387278011,0.892605100748493,0.885647128159884,0.555181121548103,0.352148187653996,-0.199828146315749
98,"Female","Strict recommended/common 5th-95th",-1.84302094547059,-10.9492071496856,0.553346655486272,0.563318418608076,0.783285492945633,0.868980357962869,0.53942478925153,0.352148187653996,-0.166656717072855
98,"Male","Primary common 1st-99th",-2.02628925553283,-8.05701012062618,0.673110602094953,0.687562507191182,0.987792061943733,0.88744126861375,0.412236455516866,0.0754449085490393,-0.331537760072998
98,"Male","Strict recommended/common 5th-95th",-2.14155455071657,-8.45041498949172,0.670230556725284,0.684620639760283,0.982159879552269,0.851230434093288,0.360424877894651,0.07544490854904,-0.42257984040778
99,"Female","Primary common 1st-99th",-1.85001894047474,-11.0197428841931,0.551195236895665,0.561663991275389,0.892213796915461,0.84755984357775,0.561786304090715,0.340140687179083,-0.28317206319726
99,"Female","Strict recommended/common 5th-95th",-1.848515391689,-10.954998430723,0.55159659513658,0.562072810873518,0.774635823825639,0.808428184415447,0.54031687166839,0.340140687179083,-0.30622554399886
99,"Male","Primary common 1st-99th",-1.95339200509888,-7.77329906175763,0.675489914038196,0.68958231615698,0.980553760336841,0.89860767701893,0.446611103239359,0.0523899440015367,-0.295393155213554
99,"Male","Strict recommended/common 5th-95th",-2.08463226047064,-8.22144754908651,0.672207623459743,0.686231562864291,0.977971661071257,0.84798649108223,0.380354390589654,0.0523899440015373,-0.451798277395989
100,"Female","Primary common 1st-99th",-1.74572417832035,-10.4437233952316,0.552419809873815,0.562710619272451,0.899570104383021,0.903365099340534,0.536783727691501,0.346142125869908,-0.162448080689213
100,"Female","Strict recommended/common 5th-95th",-1.78720769546195,-10.609282502279,0.551398866847107,0.561670496036601,0.787414349803501,0.853986105895548,0.529945937916298,0.346142125869909,-0.209616647953239
100,"Male","Primary common 1st-99th",-1.96921580987074,-7.79103228579822,0.672406136117271,0.689844508237962,0.983275787527349,0.8589997685232,0.495997520787988,0.0802481019883743,-0.413412328420935
100,"Male","Strict recommended/common 5th-95th",-2.07486256456981,-8.17497856661507,0.66960637791735,0.686972153711175,0.97131675959858,0.834300657115572,0.420372927078194,0.0802481019883747,-0.440524614073341
101,"Female","Primary common 1st-99th",-1.81886431074459,-10.8683848127229,0.545641825495432,0.557381557866714,0.903072247960909,0.886231982506355,0.528152918864159,0.333482261817065,-0.205629464601831
101,"Female","Strict recommended/common 5th-95th",-1.85563531782826,-11.0095182824457,0.544778131118011,0.556499120678805,0.792753874171882,0.835746174030513,0.51935320866004,0.333482261817065,-0.263265879160473
101,"Male","Primary common 1st-99th",-1.96288388615504,-7.81853134162812,0.665887570677762,0.6786168663456,0.98229298865131,0.904111995411751,0.426052277035215,0.0646179694056839,-0.263168741111991
101,"Male","Strict recommended/common 5th-95th",-2.11468735440831,-8.35080143159127,0.662042686126988,0.674698495395197,0.980265418686776,0.863473584184351,0.351927845163112,0.0646179694056843,-0.365367799051548
102,"Female","Primary common 1st-99th",-1.81134047583646,-10.8369647062701,0.554048436171698,0.565130819455091,0.885032109937039,0.899319389589259,0.574852860949511,0.375146516646053,-0.163298711411643
102,"Female","Strict recommended/common 5th-95th",-1.83726005730658,-10.9188791169785,0.553539723815153,0.564611769494529,0.767544328733332,0.877389502464315,0.565158299935215,0.375146516646053,-0.135424595452595
102,"Male","Primary common 1st-99th",-1.9044055220132,-7.59391580946083,0.672774034758897,0.688128897013407,0.974232527552243,0.91481609088174,0.47217696326729,0.071815715905958,-0.217383068790555
102,"Male","Strict recommended/common 5th-95th",-2.07971622128338,-8.20422063128376,0.668330688598462,0.683584153024379,0.965218909824711,0.852786980947348,0.419788077710373,0.0718157159059585,-0.390531840476064
103,"Female","Primary common 1st-99th",-1.79976256734701,-10.7580163352095,0.552823314974107,0.563480674674029,0.908205444302976,0.892236549856068,0.513931074152747,0.32537427821762,-0.186695149573744
103,"Female","Strict recommended/common 5th-95th",-1.84978094790713,-10.9825144062722,0.551432921098246,0.56206331466797,0.807292506216229,0.852802921637772,0.501315963114049,0.32537427821762,-0.208957392996335
103,"Male","Primary common 1st-99th",-1.90144367674302,-7.53862708127824,0.681127712772937,0.695543356430008,0.982926638361615,0.879057531327105,0.46127446925524,0.00427395632455722,-0.365516555835114
103,"Male","Strict recommended/common 5th-95th",-2.05901490321423,-8.1157120746457,0.676876602338305,0.691202287666734,0.979419577459969,0.841804303182807,0.383300587792544,0.00427395632455771,-0.473002086278198
104,"Female","Primary common 1st-99th",-1.84428865943874,-10.9864254110112,0.552519538134069,0.56290430298871,0.893415996419043,0.852660798984498,0.557743186763022,0.344139203966947,-0.280525172111654
104,"Female","Strict recommended/common 5th-95th",-1.89103882144196,-11.2116212646471,0.551122011787675,0.561480347218581,0.778528609663592,0.815449316771484,0.535992996348958,0.344139203966946,-0.306573949095715
104,"Male","Primary common 1st-99th",-1.99383278851678,-7.92439641879639,0.670548205537229,0.686981855296255,0.979449028791434,0.888217519716202,0.469418849898718,0.0494940400960508,-0.329358135623454
104,"Male","Strict recommended/common 5th-95th",-2.10301209401329,-8.31634464852343,0.667693863904539,0.68405757364514,0.96605743812871,0.885915135334561,0.386526397620466,0.0494940400960513,-0.289563989963727
105,"Female","Primary common 1st-99th",-1.81908842685769,-10.887163573288,0.559631059032295,0.571035683509638,0.893268600486226,0.902496447083193,0.553570813658331,0.358980148880065,-0.158965615045644
105,"Female","Strict recommended/common 5th-95th",-1.84611881920515,-10.9639229139224,0.559149304937746,0.570543948251705,0.776275192180211,0.859776174100805,0.547261322183124,0.358980148880065,-0.184245481744036
105,"Male","Primary common 1st-99th",-2.10439321004717,-8.34599868369933,0.67541257082317,0.694055821383505,0.990680402564023,0.865699567243807,0.436233128365294,0.0136586875963494,-0.431172645807082
105,"Male","Strict recommended/common 5th-95th",-2.22704482276387,-8.79193379565337,0.672126460264337,0.690679018702965,0.989103272326008,0.851298276821857,0.332827886963582,0.0136586875963497,-0.470217479558314
106,"Female","Primary common 1st-99th",-1.7354522177522,-10.3708503839018,0.544851344918578,0.55716665392705,0.915540682594725,0.893589782889457,0.493748648782169,0.311568801701576,-0.194228148615921
106,"Female","Strict recommended/common 5th-95th",-1.78682411367284,-10.6109561863649,0.543392043372827,0.55567420736777,0.82350730565553,0.863017526905977,0.479152237792702,0.311568801701575,-0.209363346974769
106,"Male","Primary common 1st-99th",-1.91301942233088,-7.60612515154361,0.67833016159233,0.689016124298036,0.97849299401914,0.895778860632811,0.464955442178448,0.0498101677501165,-0.29693023827657
106,"Male","Strict recommended/common 5th-95th",-2.03287469757389,-8.03803742157585,0.675159235981013,0.685795259968798,0.967192125070512,0.887313880629929,0.380836871565142,0.0498101677501171,-0.274469265610405
107,"Female","Primary common 1st-99th",-1.82196162929338,-10.881355549133,0.557568586620778,0.569329067576937,0.89930357276727,0.879595655087491,0.538604053491601,0.341522627169862,-0.213158124128257
107,"Female","Strict recommended/common 5th-95th",-1.84386037343127,-10.9401207451255,0.557201219972222,0.568953788804362,0.78706948653039,0.837186360708383,0.527399272370274,0.341522627169862,-0.243042478545069
107,"Male","Primary common 1st-99th",-1.95421606348861,-7.71315994106672,0.675700361261194,0.688054275627465,0.982488730383904,0.844374203977251,0.529258416308902,0.0335156371183,-0.482136970914631
107,"Male","Strict recommended/common 5th-95th",-2.02804338514551,-7.97581986842093,0.673777287805474,0.686096055989846,0.969195993559369,0.812851600491357,0.454101633212728,0.0335156371183005,-0.552966352947844
108,"Female","Primary common 1st-99th",-1.82756297043307,-10.9178636034944,0.543816935270897,0.556214173868836,0.905408430530622,0.881490873521943,0.522642866112948,0.329355301297632,-0.209298637641276
108,"Female","Strict recommended/common 5th-95th",-1.84083793441006,-10.9244630712136,0.543776936658917,0.556173103769929,0.799161167054531,0.841975878783837,0.511305125134419,0.329355301297632,-0.23317662957531
108,"Male","Primary common 1st-99th",-2.08918148352589,-8.26444878939035,0.670471601105294,0.684313843193341,0.988795089135689,0.848222029225634,0.486408889863511,0.0412866913357556,-0.471142854946581
108,"Male","Strict recommended/common 5th-95th",-2.18493339032268,-8.60770199234662,0.667962905748494,0.681753367828481,0.981855689971458,0.822914143731828,0.401851559987519,0.041286691335756,-0.525127491326648
109,"Female","Primary common 1st-99th",-1.81119702751276,-10.8601008501229,0.54176152000406,0.553924433646711,0.883109803935104,0.921901376414163,0.583263597481152,0.383994598087398,-0.11584530393444
109,"Female","Strict recommended/common 5th-95th",-1.82890917507932,-10.8775382472729,0.541655827747342,0.553816210328787,0.762920137450162,0.896345986238414,0.578925782972868,0.383994598087397,-0.100679559073417
109,"Male","Primary common 1st-99th",-2.00591243308094,-7.93969708174386,0.674268761298838,0.685779880246888,0.981599108057691,0.861107417662669,0.501774453645215,0.0584845201481817,-0.427523068024063
109,"Male","Strict recommended/common 5th-95th",-2.14602138107816,-8.44478025960517,0.670569480971345,0.682017459780111,0.983012694166153,0.810031397877577,0.417807918195016,0.0584845201481823,-0.593423617454174
110,"Female","Primary common 1st-99th",-1.81323455253287,-10.8387806203173,0.552027756457609,0.56244600207487,0.905446780060503,0.889744032854381,0.52154993751375,0.33329887679645,-0.194532711059469
110,"Female","Strict recommended/common 5th-95th",-1.83936600925882,-10.9214735135679,0.551516069814934,0.561924496987541,0.800998742100021,0.854679301427407,0.510632815282151,0.333298876796449,-0.211200693940439
110,"Male","Primary common 1st-99th",-1.99953988132893,-7.93903187394504,0.673224685909774,0.689311446097984,0.986293213797475,0.880470328598252,0.436008295731555,0.00135100384143036,-0.364847474354411
110,"Male","Strict recommended/common 5th-95th",-2.12624219023995,-8.39712729763895,0.669874773866441,0.68588150114288,0.980140329986388,0.864508223608837,0.351152290540205,0.00135100384143087,-0.390673422327212
111,"Female","Primary common 1st-99th",-1.83174500449395,-10.9406607409646,0.546541802180727,0.557054403300055,0.870760207779666,0.880057182393909,0.609113274165888,0.38944570167723,-0.202320162799167
111,"Female","Strict recommended/common 5th-95th",-1.85621521642573,-11.0065105440606,0.546137983489108,0.556642657459096,0.729601201891042,0.821117844126075,0.602311241787984,0.38944570167723,-0.258482662756553
111,"Male","Primary common 1st-99th",-1.97010301069336,-7.78646805385119,0.668142909866115,0.684293718888192,0.989152725734445,0.852857535494666,0.47407053386104,0.0460004210122039,-0.459261713558384
111,"Male","Strict recommended/common 5th-95th",-2.0846520036462,-8.21179953708089,0.665061179474779,0.681137508214732,0.98428280845252,0.830853300478464,0.381941226771774,0.0460004210122042,-0.50700283168895
112,"Female","Primary common 1st-99th",-1.85814327580051,-11.106258215947,0.545999580477125,0.55661868029591,0.884168535787645,0.885728112310932,0.576436739601112,0.369356866440271,-0.193075395855002
112,"Female","Strict recommended/common 5th-95th",-1.87914058511758,-11.1482861429017,0.545741727677479,0.556355653108912,0.755620456816229,0.832297064654256,0.56967699094156,0.36935686644027,-0.240986739713302
112,"Male","Primary common 1st-99th",-2.0436724446768,-8.09658293254721,0.678105466587784,0.695191574612304,0.991133550038635,0.861359669223689,0.44289114583706,0.0636482120939972,-0.431818764116605
112,"Male","Strict recommended/common 5th-95th",-2.13002937333374,-8.4054906954044,0.67582625862406,0.692854951328073,0.986078299705001,0.851541323977723,0.344678145165634,0.0636482120939978,-0.431541159151559
113,"Female","Primary common 1st-99th",-1.87503539748167,-11.2403183828606,0.542512037184415,0.554908530122198,0.88457033418304,0.915714654002564,0.578155990357088,0.371230820760233,-0.116768246480216
113,"Female","Strict recommended/common 5th-95th",-1.8809825007554,-11.1831794205589,0.542861565160501,0.555265886533415,0.763330244497535,0.88372391206811,0.573614847360121,0.371230820760233,-0.100830419622501
113,"Male","Primary common 1st-99th",-2.07584196132473,-8.21229339792769,0.675105065578938,0.690335811114164,0.9921122748542,0.84899918582551,0.465223793435266,0.0254738408375782,-0.48469490844574
113,"Male","Strict recommended/common 5th-95th",-2.1547648794794,-8.49555664096929,0.673021699101846,0.688205456096291,0.985953992419581,0.837246249223281,0.366405579901879,0.0254738408375786,-0.502217790960887
114,"Female","Primary common 1st-99th",-1.81125848442446,-10.8276340138175,0.558277285023419,0.569727684810821,0.882308572109677,0.890558269520521,0.581229852524646,0.373083423931555,-0.181987391859302
114,"Female","Strict recommended/common 5th-95th",-1.83559982891069,-10.8918765130709,0.557875380947731,0.569317374397469,0.753437583118674,0.840799617480693,0.574773340948188,0.373083423931554,-0.22035949903559
114,"Male","Primary common 1st-99th",-1.95404776521411,-7.78894035085767,0.668895347061843,0.686345873159559,0.980282412744813,0.908077070779117,0.435792234661002,0.0276023693151934,-0.248574257760925
114,"Male","Strict recommended/common 5th-95th",-2.0776280886711,-8.19782804913776,0.665929345436526,0.683302506528736,0.969095844723015,0.856404152617629,0.402469285327321,0.0276023693151939,-0.388208165618294
115,"Female","Primary common 1st-99th",-1.85570540250685,-11.09488049019,0.551677768433339,0.562233308676426,0.887811547330909,0.889382896473647,0.567299871270077,0.365216736366001,-0.188503902098097
115,"Female","Strict recommended/common 5th-95th",-1.88300305838561,-11.1761639288933,0.551173677771715,0.561719411795811,0.764599789458827,0.842385853403647,0.559594739249612,0.365216736366001,-0.224985741631256
115,"Male","Primary common 1st-99th",-1.97331236835062,-7.82500037868313,0.676892541994431,0.69326143733009,0.990253820655059,0.873071624981055,0.423225646539857,0.0575766436186608,-0.391645427994366
115,"Male","Strict recommended/common 5th-95th",-2.07399231281421,-8.19695874201792,0.674161098605772,0.690463954482285,0.986180639555263,0.87757745003201,0.308034732972108,0.0575766436186613,-0.33732179445617
116,"Female","Primary common 1st-99th",-1.80678906834463,-10.8402040663933,0.547899072360838,0.559604151105087,0.900349001573232,0.929113084159242,0.537115059010608,0.352321288068386,-0.0985535998896674
116,"Female","Strict recommended/common 5th-95th",-1.83440822337213,-10.9092970592654,0.547474776076547,0.559170630473694,0.791803585141221,0.893313392909568,0.533571646556222,0.352321288068386,-0.10494372457549
116,"Male","Primary common 1st-99th",-2.05614447814219,-8.14914864894234,0.660912035459701,0.675402076477561,0.987497764215077,0.862690282319033,0.463135588690189,0.0725897703938517,-0.409905358441505
116,"Male","Strict recommended/common 5th-95th",-2.14075428449524,-8.43875699021733,0.658828214655423,0.673272582432831,0.978170351685836,0.835316527685219,0.396404804688074,0.0725897703938523,-0.456003784772761
117,"Female","Primary common 1st-99th",-1.83458071335345,-10.9819617961398,0.545566549411134,0.556742678987844,0.891140028577658,0.90395047871434,0.559286531739021,0.359627505346329,-0.153275261489357
117,"Female","Strict recommended/common 5th-95th",-1.86638061283805,-11.0785844879067,0.544974664969522,0.55613851026635,0.768364344748707,0.846100136418388,0.555192102636993,0.35962750534633,-0.211285094775229
117,"Male","Primary common 1st-99th",-1.99728120931996,-7.89452078268752,0.671201509648921,0.688062655056473,0.979589195121104,0.85333734262604,0.527503837849543,-0.0154909189900951,-0.467210084649674
117,"Male","Strict recommended/common 5th-95th",-2.14351370257533,-8.44696511605407,0.667175727452281,0.683935755966455,0.974316391488711,0.831658106177077,0.414022719077656,-0.0154909189900948,-0.535255041704831
118,"Female","Primary common 1st-99th",-1.80867779761629,-10.8187772678402,0.541441850758431,0.552756744863737,0.901846421257386,0.896864427231607,0.530697657264471,0.338175856081822,-0.174101828400646
118,"Female","Strict recommended/common 5th-95th",-1.83142261126659,-10.8769629358182,0.541088877975259,0.552396237339556,0.794028081463003,0.86196962049355,0.522081505252683,0.338175856081822,-0.184790754375735
118,"Male","Primary common 1st-99th",-2.04862252123948,-8.11614368552306,0.668394118585284,0.684212972615489,0.992639185009058,0.86015718683776,0.435847756439533,0.00403572812211068,-0.449090068212687
118,"Male","Strict recommended/common 5th-95th",-2.1250137053146,-8.38428537361003,0.666443619801162,0.682216324705085,0.987632985750077,0.849205701442217,0.34195303887917,0.0040357281221112,-0.467259026932998
119,"Female","Primary common 1st-99th",-1.8199738631994,-10.9054107674374,0.54798189129912,0.559929430470029,0.897950353348659,0.913525863383726,0.541767680165118,0.354240454892732,-0.137214158715167
119,"Female","Strict recommended/common 5th-95th",-1.82814835039338,-10.8681929997725,0.548211091285263,0.560163467635193,0.78856758562501,0.884908820328341,0.535969407148626,0.354240454892731,-0.133745063466005
119,"Male","Primary common 1st-99th",-1.93833184159423,-7.67221339464748,0.676214925218929,0.694269876359003,0.980807433865453,0.86634319712189,0.49691107773729,0.00873544111456697,-0.420080743253487
119,"Male","Strict recommended/common 5th-95th",-2.07672642280775,-8.18153125212288,0.672484700226154,0.690440068500328,0.974078622812777,0.834532678498275,0.411083810150054,0.00873544111456735,-0.522677193445586
120,"Female","Primary common 1st-99th",-1.83123669153754,-10.8982701619092,0.540618092850551,0.552346195905556,0.894553375194252,0.842904675769366,0.5577059333272,0.337641543721785,-0.297386421173008
120,"Female","Strict recommended/common 5th-95th",-1.86700587864242,-11.0679135094262,0.539589083802068,0.551294704056567,0.782433125706168,0.815016160339372,0.530807126721441,0.337641543721785,-0.295725805420486
120,"Male","Primary common 1st-99th",-1.92994082759259,-7.64841642171447,0.673843340698569,0.687870942132998,0.977049190792038,0.874358342873961,0.505934475454548,0.0149804656910222,-0.369915548005726
120,"Male","Strict recommended/common 5th-95th",-2.0585894225532,-8.10879001006446,0.670484277771773,0.684441966761249,0.966805482864026,0.832817999545587,0.436491947953207,0.0149804656910226,-0.48348154219418
121,"Female","Primary common 1st-99th",-1.85489211521459,-11.061714413727,0.540434164589311,0.55219419612668,0.897296592378028,0.862991966955685,0.546236885728458,0.338545340224423,-0.254207498350261
121,"Female","Strict recommended/common 5th-95th",-1.8963292308759,-11.2456625002617,0.539316690926487,0.551052246771202,0.784037678924191,0.820213810387637,0.52923823644369,0.338545340224423,-0.289339913505822
121,"Male","Primary common 1st-99th",-2.07561949603393,-8.22273558132328,0.660494940673973,0.672862683335692,0.988353894288714,0.860416696421877,0.462566448947137,0.0394785901631527,-0.431779640820479
121,"Male","Strict recommended/common 5th-95th",-2.1912805975836,-8.64965871537489,0.65742254933615,0.669732774701008,0.982613055859665,0.852834057010253,0.356489804537639,0.0394785901631531,-0.421425626175865
122,"Female","Primary common 1st-99th",-1.79219210612054,-10.7167060830002,0.546818047828849,0.558275629598996,0.894815220167238,0.893617702405062,0.549304279503618,0.353089144468256,-0.17352831265456
122,"Female","Strict recommended/common 5th-95th",-1.80339712410304,-10.7062050178608,0.546882651884406,0.558341427347267,0.779413886588974,0.853845180972829,0.541335055084116,0.353089144468255,-0.186229371051593
122,"Male","Primary common 1st-99th",-2.07571718170537,-8.18538908910534,0.670953204631937,0.687307949867833,0.991155004344005,0.828057029673243,0.520270413385746,0.0309952636975188,-0.554450698554834
122,"Male","Strict recommended/common 5th-95th",-2.16412255858238,-8.51467366045927,0.668546947560776,0.684843052729953,0.984183550644797,0.806399360493081,0.420025087528042,0.0309952636975192,-0.609062183514344
123,"Female","Primary common 1st-99th",-1.77845455402872,-10.6495317555321,0.547103365468933,0.558307818238596,0.895504417500253,0.910562740183441,0.548160504699544,0.358402591428273,-0.141897739316509
123,"Female","Strict recommended/common 5th-95th",-1.8111705609949,-10.7555974621513,0.546454202390611,0.557645200835279,0.779010782934486,0.861609949037594,0.543770326206936,0.358402591428273,-0.183003828730062
123,"Male","Primary common 1st-99th",-1.93926308812865,-7.70320758565287,0.682389102631727,0.695615498549663,0.979950546727814,0.887820029165923,0.466682718081307,0.0222547979646557,-0.320863533584671
123,"Male","Strict recommended/common 5th-95th",-2.08636419547887,-8.21814832950728,0.678581983216129,0.691734601755964,0.975483888914945,0.829764980850619,0.412741899876927,0.0222547979646562,-0.492462915305134
124,"Female","Primary common 1st-99th",-1.86384409083737,-11.1186370676886,0.555468186176856,0.565730338402939,0.90860463663558,0.867412077126723,0.51723465535255,0.313887469350441,-0.248511637865163
124,"Female","Strict recommended/common 5th-95th",-1.92562700434633,-11.4231989865356,0.553565108956562,0.56379193911585,0.808299974358422,0.826802517878743,0.497256688533381,0.313887469350441,-0.282386073019326
124,"Male","Primary common 1st-99th",-2.03551431116974,-8.1035618207676,0.67416315616808,0.684212433176245,0.978457179503869,0.896727351069524,0.463899031308142,0.061130111668682,-0.294162510945249
124,"Male","Strict recommended/common 5th-95th",-2.17773724490901,-8.59483757743036,0.670559152853375,0.680554721423071,0.969691350187637,0.851294600726416,0.405911591621229,0.0611301116686825,-0.419956319126795
125,"Female","Primary common 1st-99th",-1.78883914251783,-10.7139562689526,0.546374843658282,0.555447202186352,0.893870947216717,0.912406614975177,0.552758435833661,0.358701643107303,-0.139913799893373
125,"Female","Strict recommended/common 5th-95th",-1.8240517714721,-10.8366266864981,0.545624466591029,0.554684206429825,0.77804151080491,0.87067821919723,0.547592216355083,0.358701643107303,-0.166307030504458
125,"Male","Primary common 1st-99th",-1.99271424844663,-7.88591209598341,0.676129904282957,0.691991147623833,0.989289321500935,0.858449039252276,0.460991920448072,0.0447262581412351,-0.437096963995653
125,"Male","Strict recommended/common 5th-95th",-2.09226457198777,-8.25075095769523,0.673451992214353,0.689250428226977,0.983619428995348,0.84453882271014,0.364244877844057,0.0447262581412355,-0.448771652971906
126,"Female","Primary common 1st-99th",-1.7880406800765,-10.6703672453459,0.565607817663459,0.577401814251446,0.908181297668974,0.874551610308705,0.516682889898514,0.321807153545073,-0.228079627984468
126,"Female","Strict recommended/common 5th-95th",-1.81984312653806,-10.7982572007706,0.564798358949406,0.576575310682789,0.806554159107033,0.841368287166799,0.500899194836484,0.321807153545074,-0.240306455266256
126,"Male","Primary common 1st-99th",-1.99139094416368,-7.89712544727013,0.678919493198505,0.693521601796518,0.971762526580992,0.87576122743185,0.534922767958412,0.0474413705247153,-0.356591586401902
126,"Male","Strict recommended/common 5th-95th",-2.16754064411699,-8.53083560206111,0.674248268490772,0.688749923305761,0.96920714890383,0.810622656235102,0.456995932304712,0.047441370524716,-0.556309722035541
127,"Female","Primary common 1st-99th",-1.79403185912113,-10.7209436427037,0.537372504928197,0.549290274857468,0.894543775133485,0.888629961861739,0.550110357389812,0.349214016501806,-0.191070767169349
127,"Female","Strict recommended/common 5th-95th",-1.83067211924135,-10.85826488312,0.536546250929904,0.548445538702774,0.774954634090382,0.830382339020333,0.542896848690875,0.349214016501806,-0.254950850668995
127,"Male","Primary common 1st-99th",-2.01935991882359,-8.01308498520425,0.684781486826107,0.702511748445151,0.983679599212217,0.874200968604842,0.465002875963857,0.0476546227679729,-0.378909214873738
127,"Male","Strict recommended/common 5th-95th",-2.07022799801848,-8.18634364797858,0.683491745199248,0.701188626930299,0.975603789627378,0.886255989344362,0.346283801281949,0.0476546227679734,-0.286837638838274
128,"Female","Primary common 1st-99th",-1.83893242429656,-10.9875535409706,0.535789441240255,0.547916265805318,0.910299525318449,0.885041893594797,0.509237674884762,0.320052744734624,-0.207186463489009
128,"Female","Strict recommended/common 5th-95th",-1.885172598624,-11.1909550160844,0.534565399219349,0.546664361787787,0.810703834047592,0.846697034985894,0.49566317559608,0.320052744734624,-0.233457588366749
128,"Male","Primary common 1st-99th",-2.04903359904714,-8.10516108955852,0.668077715741386,0.685566521641032,0.982158891742148,0.852920572420307,0.514137747506987,-0.000187878312417068,-0.473135873972158
128,"Male","Strict recommended/common 5th-95th",-2.16316209334481,-8.52973603606388,0.664991099677687,0.682399118151692,0.972567019311784,0.839849797007537,0.409428640361408,-0.000187878312416647,-0.502303907168887
129,"Female","Primary common 1st-99th",-1.83239073923233,-10.9587148033207,0.541459778529877,0.552804513990623,0.889347683783449,0.893185322042047,0.563437790869588,0.362920609668534,-0.17752700874988
129,"Female","Strict recommended/common 5th-95th",-1.8468242412808,-10.9772565241101,0.541347313843006,0.552689534332258,0.777556403749043,0.879632139064841,0.550937837419944,0.362920609668534,-0.131246133985638
129,"Male","Primary common 1st-99th",-1.99036061995305,-7.95462513255261,0.68009627182095,0.690683014902501,0.978498021932456,0.921458855112515,0.433968312895886,0.054041365425973,-0.187599221968317
129,"Male","Strict recommended/common 5th-95th",-2.09881773460898,-8.27915022839623,0.67769850656062,0.688247938257274,0.967918753830625,0.84851797604522,0.415083048293823,0.0540413654259735,-0.386447510922491
130,"Female","Primary common 1st-99th",-1.80289791724712,-10.7769515077427,0.548698632627174,0.559584241783309,0.895009251910118,0.891376571112553,0.548831754509525,0.355780875352834,-0.187499249210334
130,"Female","Strict recommended/common 5th-95th",-1.8393359602169,-10.927219585016,0.547774814761863,0.558641935498314,0.785655671292447,0.868619972025939,0.535852453413081,0.355780875352834,-0.16950395773091
130,"Male","Primary common 1st-99th",-1.94471402817823,-7.71375282962279,0.677128218087376,0.691258882453226,0.980921126615142,0.876575999983436,0.478459974200519,0.0487812461755813,-0.357244992443183
130,"Male","Strict recommended/common 5th-95th",-2.03553767505457,-8.0182115158252,0.674894379190215,0.688978440470636,0.968660873644186,0.835957704916307,0.426923562261877,0.0487812461755818,-0.453065367335341
131,"Female","Primary common 1st-99th",-1.78261824080837,-10.6903663026344,0.544268507903416,0.555870871317415,0.899537167257057,0.925555301988451,0.538835841481087,0.353959221043143,-0.112318856790969
131,"Female","Strict recommended/common 5th-95th",-1.81399150126681,-10.77758478866,0.543737270683573,0.5553281508425,0.785728981273343,0.872801522585856,0.536830198588856,0.353959221043144,-0.16734859502189
131,"Male","Primary common 1st-99th",-2.05559894927618,-8.14347923414605,0.675457059468601,0.693413251882892,0.989736014579413,0.859899298586917,0.455039352758288,0.0395300464670842,-0.430566406344154
131,"Male","Strict recommended/common 5th-95th",-2.13296595499957,-8.41696813789864,0.673446042946573,0.69134878835263,0.981788722303283,0.851641445719714,0.36129064661513,0.0395300464670846,-0.414552028149614
132,"Female","Primary common 1st-99th",-1.84863526253737,-11.0716228836073,0.543210127705163,0.555483609832701,0.902382757063477,0.907968579664776,0.529265265400764,0.340485106571887,-0.14407593362029
132,"Female","Strict recommended/common 5th-95th",-1.87088589823485,-11.1174068548583,0.542930748485824,0.555197759278746,0.794944410819593,0.872003969638793,0.522992977425059,0.340485106571886,-0.149890038555692
132,"Male","Primary common 1st-99th",-2.11858234546473,-8.41082209799117,0.670462762878549,0.69033759758079,0.989712102435466,0.871114016790353,0.431098037636099,0.0104676687645162,-0.409626070326334
132,"Male","Strict recommended/common 5th-95th",-2.23474351675253,-8.81891171755303,0.667475467456568,0.687261761925321,0.986063254633837,0.844876987125037,0.35454596039105,0.0104676687645165,-0.489722182870522
133,"Female","Primary common 1st-99th",-1.86280152613401,-11.1314056114514,0.552436892914527,0.564164493092393,0.897189629527958,0.883934294222508,0.543581820693208,0.344300330201207,-0.200938210745531
133,"Female","Strict recommended/common 5th-95th",-1.89851718091178,-11.269407119418,0.551579323044482,0.563288555989407,0.784430743346179,0.843792774514638,0.532184656972613,0.344300330201206,-0.220871704130934
133,"Male","Primary common 1st-99th",-2.05776016848372,-8.1364567519769,0.691778312891404,0.702089460350933,0.989643635950965,0.848443823707943,0.481020273098176,0.0272257675770572,-0.484102661167131
133,"Male","Strict recommended/common 5th-95th",-2.17348962990465,-8.55989650535517,0.688589656125764,0.698853289540484,0.985371285725543,0.819749617643942,0.395355094702616,0.0272257675770577,-0.569614275036397
134,"Female","Primary common 1st-99th",-1.86389709262985,-11.1119350796616,0.54436922033812,0.556970637097943,0.892614260315409,0.856389882489756,0.558803386505898,0.346685429366964,-0.259188211216808
134,"Female","Strict recommended/common 5th-95th",-1.87070790759179,-11.0896353707949,0.54450607824615,0.557110502945074,0.773824963041786,0.813052907770655,0.541892996920525,0.346685429366965,-0.285516265225395
134,"Male","Primary common 1st-99th",-2.05186544072777,-8.11188381343748,0.680415188878781,0.6965397296465,0.989875743661863,0.847820680037739,0.481082562356728,0.0462070443128273,-0.479021819806166
134,"Male","Strict recommended/common 5th-95th",-2.16384712632866,-8.52083185249964,0.677387056195429,0.693439849646746,0.985825713168338,0.818726042735233,0.395502041237911,0.0462070443128279,-0.557157334295141
135,"Female","Primary common 1st-99th",-1.76710105364162,-10.5895336015658,0.545913966953231,0.55755191854893,0.903320650999177,0.920081134938358,0.527469602904515,0.335571193397803,-0.112319171247568
135,"Female","Strict recommended/common 5th-95th",-1.8131859473245,-10.7677010409595,0.544826417878627,0.556441025366501,0.79312491695056,0.862338879692658,0.523472244215114,0.335571193397802,-0.161993242890754
135,"Male","Primary common 1st-99th",-2.05500214707521,-8.12228896507338,0.679389735376276,0.698618861857886,0.990535927303572,0.846551328624694,0.480162621629096,0.043918490015653,-0.489297684298888
135,"Male","Strict recommended/common 5th-95th",-2.17063594406283,-8.55946416198149,0.67615709820334,0.695294743307313,0.987406217129062,0.838763905422028,0.358767235444571,0.0439184900156535,-0.492566401430338
136,"Female","Primary common 1st-99th",-1.82161664274967,-10.8903431182905,0.541007572657446,0.551181946344758,0.894599731828398,0.889515677753283,0.549937833412052,0.353696679570023,-0.184139849537032
136,"Female","Strict recommended/common 5th-95th",-1.83224270730708,-10.8738446895723,0.541108025683403,0.551284130636724,0.777242754999177,0.843894456019307,0.542260116923122,0.353696679570023,-0.213099418467669
136,"Male","Primary common 1st-99th",-2.00886604877869,-7.97268718441306,0.673617997173689,0.688362133108346,0.989187701719748,0.877103194704792,0.422324565459146,0.0279109592664634,-0.38240086601014
136,"Male","Strict recommended/common 5th-95th",-2.13508120878946,-8.4355177759804,0.670230241950195,0.684900240221151,0.986769220898304,0.869349084203493,0.31642709031846,0.027910959266464,-0.384188737659747
137,"Female","Primary common 1st-99th",-1.89274907647206,-11.2996354399823,0.549408163246214,0.558753777020558,0.907489157402993,0.871362401276937,0.519133889464891,0.320376018371575,-0.23423187647175
137,"Female","Strict recommended/common 5th-95th",-1.92778508600495,-11.4262718671956,0.548624072037396,0.557956187709163,0.797132881322332,0.804593055401295,0.51105879794705,0.320376018371575,-0.325446736973877
137,"Male","Primary common 1st-99th",-2.07546211576627,-8.24315231693297,0.666020554092832,0.681654425447922,0.984256542370069,0.875530890354265,0.458836272422776,0.0805242142671116,-0.366031274883421
137,"Male","Strict recommended/common 5th-95th",-2.13034623484795,-8.4085039803411,0.66482039639536,0.680426109123526,0.967988628839466,0.856521006451669,0.406286448416712,0.0805242142671122,-0.375287116296199
138,"Female","Primary common 1st-99th",-1.79274447978891,-10.7480253521533,0.552840555703302,0.565667970440905,0.892844536646614,0.921902707408567,0.556863097460488,0.364768050158438,-0.111531068410005
138,"Female","Strict recommended/common 5th-95th",-1.81838128504978,-10.8087668477382,0.552464605648746,0.565283135718547,0.776810503168082,0.883403275292925,0.553236533458472,0.364768050158438,-0.120936755151296
138,"Male","Primary common 1st-99th",-2.07485252317656,-8.24912283250934,0.692900039610929,0.712159764017133,0.985551526183188,0.884060158572193,0.434606221448864,0.0441683483138894,-0.342134450781582
138,"Male","Strict recommended/common 5th-95th",-2.19541115686742,-8.66410907985101,0.689766131056702,0.708938759917436,0.978487925839847,0.849188832431353,0.376917175588165,0.0441683483138899,-0.428167599181662
139,"Female","Primary common 1st-99th",-1.79259508572777,-10.7537425504178,0.571678899861733,0.583838835620434,0.880031076723434,0.928458695991697,0.593114356634163,0.386364604224923,-0.0905353426818276
139,"Female","Strict recommended/common 5th-95th",-1.8201047553756,-10.8150455282036,0.571286517020236,0.583437940051799,0.749169687027109,0.874686828413233,0.591510839228686,0.386364604224922,-0.127713933542655
139,"Male","Primary common 1st-99th",-2.05378956430142,-8.13595703332326,0.683043864898847,0.699782505708071,0.990137685078932,0.861115272122735,0.449829481288005,0.0676307698549566,-0.432626070950469
139,"Male","Strict recommended/common 5th-95th",-2.15865967362388,-8.51759007717928,0.680206334162936,0.696875452243562,0.985175004788286,0.84927132387166,0.351526117166781,0.0676307698549571,-0.441674354211287
140,"Female","Primary common 1st-99th",-1.79185693641175,-10.7148452491827,0.546169525163454,0.559294258267089,0.898836715864571,0.894948041206739,0.538741947603448,0.347432944110763,-0.177154090811496
140,"Female","Strict recommended/common 5th-95th",-1.81920238103906,-10.7969209144886,0.54566774691696,0.558780261672388,0.784990694815335,0.846258287443654,0.531857683315862,0.347432944110763,-0.218758036947788
140,"Male","Primary common 1st-99th",-1.92142175611882,-7.64206687626022,0.688725239749277,0.702942683305797,0.960378683821499,0.901262633046774,0.572849723892112,0.064498633660833,-0.274361586120172
140,"Male","Strict recommended/common 5th-95th",-2.12917847255805,-8.39015655391244,0.683146690530587,0.697248990392394,0.981699688382082,0.830793768505095,0.390818181347895,0.0644986336608336,-0.512740535907186
141,"Female","Primary common 1st-99th",-1.82589402384099,-10.8977061581687,0.557618676058338,0.569221805342113,0.891103458640936,0.871898326820453,0.559969106610171,0.350038107543252,-0.225550712904481
141,"Female","Strict recommended/common 5th-95th",-1.84004990072401,-10.9131035968012,0.557522612356216,0.569123579310302,0.771137397400494,0.828136640583456,0.547695108159306,0.350038107543253,-0.253337995503069
141,"Male","Primary common 1st-99th",-2.00096535811737,-7.93655036125689,0.675942859233629,0.689519733227351,0.987824832337375,0.870914495821038,0.4442019313018,0.0586080033381964,-0.382011742557769
141,"Male","Strict recommended/common 5th-95th",-2.06463302816982,-8.14798951223674,0.674390497949627,0.687936204755365,0.976682797112878,0.858073110280066,0.3726127096754,0.0586080033381969,-0.368265853414713
142,"Female","Primary common 1st-99th",-1.81028944745223,-10.822378992169,0.542573722992322,0.553936755097156,0.893694698755514,0.892107781371339,0.552225478360972,0.352210451402225,-0.183360942842233
142,"Female","Strict recommended/common 5th-95th",-1.84873873640086,-10.9740754759837,0.54165106076852,0.552994610715188,0.777219909630888,0.848233054636965,0.543203359808027,0.352210451402226,-0.212583454327763
142,"Male","Primary common 1st-99th",-1.95100463067,-7.78700665078996,0.685025167226136,0.697513612501087,0.976404945962909,0.918094616266483,0.453209725957775,0.0439694699817188,-0.215108136928078
142,"Male","Strict recommended/common 5th-95th",-2.11042902930528,-8.32396057410315,0.681036337945714,0.693452078588514,0.974979811162924,0.847526949800738,0.39168301975523,0.0439694699817192,-0.433194844034233
143,"Female","Primary common 1st-99th",-1.8492551925249,-11.0316842414004,0.546650701090354,0.557417739293498,0.883961275114149,0.865963547394074,0.577855627296733,0.366979312773439,-0.244398001708893
143,"Female","Strict recommended/common 5th-95th",-1.87617873083329,-11.1311410050431,0.546039897256411,0.556794744359752,0.761635229221494,0.832760886131439,0.561538390293126,0.36697931277344,-0.253177411309583
143,"Male","Primary common 1st-99th",-2.03390326262976,-8.0802639706531,0.690201911158062,0.702921858951031,0.987669615976587,0.881555805946345,0.424282750156948,0.0529188118242414,-0.353856395566132
143,"Male","Strict recommended/common 5th-95th",-2.1532566931887,-8.49509217186803,0.687087127480634,0.699749685757679,0.98291925318645,0.847522354599491,0.362652487657028,0.0529188118242418,-0.440252946749811
144,"Female","Primary common 1st-99th",-1.77292891767121,-10.6058198087727,0.550789898727697,0.561289577407318,0.885586517216203,0.901279815536411,0.573586593207255,0.373073396834989,-0.167586652562763
144,"Female","Strict recommended/common 5th-95th",-1.8137035096764,-10.7734961573817,0.549757076655599,0.560236905579819,0.765661643742408,0.867543402340677,0.564838519734511,0.373073396834989,-0.17817018687167
144,"Male","Primary common 1st-99th",-1.96275592078442,-7.79041332332878,0.687067100441975,0.703562252376706,0.983838946751412,0.881314272665054,0.451261578587309,0.0140302045013666,-0.353954801372602
144,"Male","Strict recommended/common 5th-95th",-2.10575496817083,-8.30514964646024,0.683231780271714,0.699634867483816,0.978429050111151,0.846979735326139,0.379994969665147,0.014030204501367,-0.44365466747408
145,"Female","Primary common 1st-99th",-1.82196403880737,-10.9137666169075,0.54777779134974,0.559263656075707,0.900100131025859,0.91156420916309,0.53571379332177,0.351325628792921,-0.143369741113558
145,"Female","Strict recommended/common 5th-95th",-1.85291929368778,-11.0042388756986,0.547221781040377,0.558695827312893,0.786871876008251,0.859113582298552,0.531820628421828,0.35132562879292,-0.197674759035035
145,"Male","Primary common 1st-99th",-1.96445254455792,-7.82678756274469,0.688131286501147,0.701773779263721,0.981875499137054,0.906098728247067,0.426436271687919,0.0215103590353841,-0.283640013222232
145,"Male","Strict recommended/common 5th-95th",-2.11723325105888,-8.35637034393292,0.684177670827487,0.697741795949144,0.984488119449973,0.855901572333085,0.344835414659713,0.0215103590353846,-0.46152146432638
146,"Female","Primary common 1st-99th",-1.85531123157434,-11.0753945578611,0.541125666714517,0.550614228411184,0.884635098530219,0.872727243185156,0.575667311056892,0.363731987651889,-0.22746377463752
146,"Female","Strict recommended/common 5th-95th",-1.88066497961408,-11.1588618603321,0.540618037833798,0.550097540074373,0.761349798763997,0.835086342304872,0.562436903627833,0.363731987651889,-0.244534423394993
146,"Male","Primary common 1st-99th",-1.99662647420192,-7.94656239436717,0.661788529039228,0.675158022267627,0.988827964786343,0.894292959138408,0.391541896024597,0.0448323519220194,-0.308117314623968
146,"Male","Strict recommended/common 5th-95th",-2.08694163673493,-8.2518594350889,0.659593747997154,0.672918915189014,0.981843069968728,0.883061936847683,0.321572869940346,0.0448323519220199,-0.300073446737111
147,"Female","Primary common 1st-99th",-1.81523431879537,-10.8571132234821,0.549143487059952,0.559425129115033,0.887096963885396,0.895736826664778,0.569308692745217,0.36553530505639,-0.168403941981449
147,"Female","Strict recommended/common 5th-95th",-1.83989247502493,-10.9159962086276,0.54878104346076,0.559055739297635,0.759825048039434,0.836500054919665,0.564858132671772,0.365535305056389,-0.22627890801387
147,"Male","Primary common 1st-99th",-1.96120718187583,-7.8001849295243,0.679415641861903,0.695204662929389,0.980960330857937,0.894225360185414,0.450113791410621,0.0218784800193407,-0.31340224146885
147,"Male","Strict recommended/common 5th-95th",-2.09285632222608,-8.24363695049871,0.676147921125715,0.691861017381219,0.980631089823838,0.829843165024897,0.395766912738191,0.0218784800193412,-0.527227376707479
148,"Female","Primary common 1st-99th",-1.82925204258221,-10.9575870532664,0.554191025679884,0.56590832625897,0.911560369154779,0.912042748229622,0.50368301992016,0.321717173858926,-0.14408389626556
148,"Female","Strict recommended/common 5th-95th",-1.86835664474275,-11.0954922077671,0.553333011152041,0.565032008832792,0.809127361110482,0.85810578285844,0.499469679859242,0.321717173858927,-0.204032627799652
148,"Male","Primary common 1st-99th",-2.10135117999913,-8.32152032061093,0.676025215656586,0.689974948060699,0.992988022527843,0.854684228668074,0.446444739597017,0.0561964636214212,-0.475218997772956
148,"Male","Strict recommended/common 5th-95th",-2.19281826970572,-8.66113665705427,0.673520983502363,0.687419054624757,0.990612949382867,0.860645741012661,0.311948813846737,0.0561964636214218,-0.438978198134329
149,"Female","Primary common 1st-99th",-1.89519930990863,-11.3192707455636,0.548560756261188,0.558794675115169,0.887893311816885,0.874624582879461,0.56758737167831,0.360558191563868,-0.223867143310982
149,"Female","Strict recommended/common 5th-95th",-1.91053816124165,-11.3360201016997,0.548457439639142,0.55868927063858,0.765391470055846,0.831549450165759,0.556149579895217,0.360558191563868,-0.255418918846483
149,"Male","Primary common 1st-99th",-2.02817911496817,-8.049280221817,0.678847660157532,0.694875171968727,0.984416063403745,0.876215634128125,0.456539090427867,0.027909851462138,-0.369590975837932
149,"Male","Strict recommended/common 5th-95th",-2.16576822760947,-8.54205811123374,0.675209667102736,0.691151300012658,0.978117941623522,0.843130564060326,0.386146647732735,0.0279098514621385,-0.451079498350399
150,"Female","Primary common 1st-99th",-1.79671980284457,-10.7539117499081,0.545198068500327,0.554780093730508,0.910388405161687,0.906979130822356,0.507044716539675,0.319707852410145,-0.15754733329876
150,"Female","Strict recommended/common 5th-95th",-1.85690718286423,-11.0302590397467,0.543510171843411,0.553062372597495,0.811536566041436,0.865988553250935,0.497248223299322,0.319707852410145,-0.187831200139021
150,"Male","Primary common 1st-99th",-2.0203207555827,-8.0117246765581,0.683040783399492,0.696331557769437,0.990531564037287,0.868910610065376,0.430233843300416,0.00243293873804127,-0.411666139406229
150,"Male","Strict recommended/common 5th-95th",-2.10313936185882,-8.30736474484152,0.680845621705783,0.694093695581025,0.985222272567548,0.866352754989258,0.327383755652562,0.00243293873804177,-0.390348970549564
151,"Female","Primary common 1st-99th",-1.88348900270242,-11.2564514508659,0.549406467551995,0.561153059610224,0.898231797813624,0.88410069752364,0.540895183554323,0.339407411384442,-0.199971312258056
151,"Female","Strict recommended/common 5th-95th",-1.91862243604036,-11.3956993367368,0.548544683740671,0.560272689136904,0.790102760940298,0.857245458560641,0.526765986091809,0.339407411384443,-0.187083802013235
151,"Male","Primary common 1st-99th",-2.07445226677475,-8.22903044152158,0.683637864228506,0.698026450906359,0.987662815021914,0.867611855209511,0.451970558490874,0.0369371822401231,-0.399473449674222
151,"Male","Strict recommended/common 5th-95th",-2.16168715987188,-8.52738064312634,0.68141539212311,0.69575721582305,0.978417242841378,0.844635689118095,0.383102397679144,0.0369371822401233,-0.436307770725116
152,"Female","Primary common 1st-99th",-1.82349560666768,-10.9389620077063,0.561065595145528,0.572356231006744,0.886132151440378,0.926549983100241,0.576130988562109,0.377041133665172,-0.095672904531454
152,"Female","Strict recommended/common 5th-95th",-1.84559928304594,-10.9657128127313,0.560897366464646,0.572184453898068,0.759644979221462,0.87139050067383,0.574886283043094,0.377041133665171,-0.138109210194457
152,"Male","Primary common 1st-99th",-2.02260033047386,-8.01693423437067,0.686600853158484,0.701804634394448,0.977841041671441,0.86962229825437,0.508862564537859,0.0173943255656536,-0.399341477230531
152,"Male","Strict recommended/common 5th-95th",-2.17552737562543,-8.57394756049518,0.682443122505025,0.69755485099156,0.969322969692599,0.832101013613784,0.429432874006366,0.0173943255656539,-0.512821222458584
153,"Female","Primary common 1st-99th",-1.79969043955396,-10.7733331740968,0.544440105799189,0.556416025301395,0.892401453687995,0.906640505343003,0.55615321547892,0.360834277177104,-0.153497468762854
153,"Female","Strict recommended/common 5th-95th",-1.83788089315388,-10.9167205839892,0.543565478242628,0.555521999358141,0.775537117157229,0.864999752193534,0.549697242370713,0.360834277177104,-0.180463351195117
153,"Male","Primary common 1st-99th",-2.01608844088055,-7.96745158180424,0.681223442843225,0.696531737572626,0.990292892601032,0.847407326662481,0.479607796372307,0.029972502917838,-0.482519512910471
153,"Male","Strict recommended/common 5th-95th",-2.11341588202352,-8.32013057120304,0.678612973655783,0.693862620148781,0.984845684452976,0.819032726516942,0.398160585280665,0.0299725029178385,-0.558658001734734
154,"Female","Primary common 1st-99th",-1.82682798022814,-10.9319462332681,0.555483034485409,0.567734698605373,0.900120114045651,0.900848621218946,0.535270764513637,0.343288456835962,-0.165748121358313
154,"Female","Strict recommended/common 5th-95th",-1.85725536449282,-11.0247364964808,0.554904631700053,0.567143376151335,0.786286256086844,0.848439812376785,0.530447018945344,0.343288456835962,-0.218578601160271
154,"Male","Primary common 1st-99th",-2.15332655170507,-8.49519424150957,0.678728938328713,0.693779627225761,0.99146128644491,0.823375142629124,0.5300325470017,0.00164777466544881,-0.575773959573615
154,"Male","Strict recommended/common 5th-95th",-2.22203836652405,-8.74660788373549,0.676864154363658,0.691873505507422,0.984306003125668,0.806672748511771,0.419231512598058,0.00164777466544924,-0.616602117738109
155,"Female","Primary common 1st-99th",-1.79253057279214,-10.7233705118472,0.544318293793272,0.554806034391801,0.902618080798071,0.899885897849437,0.528555782094741,0.339410652038873,-0.168940849436933
155,"Female","Strict recommended/common 5th-95th",-1.82863709126084,-10.8579736154207,0.543497909606229,0.553969684185731,0.794226487415758,0.856581248198098,0.520703651688234,0.339410652038873,-0.200556411999306
155,"Male","Primary common 1st-99th",-1.94688923542254,-7.75284822965009,0.679811937174986,0.69206301491528,0.984338415331423,0.902772209798007,0.41240027786723,0.067468628340492,-0.276086696477556
155,"Male","Strict recommended/common 5th-95th",-2.08913358192108,-8.24397174818641,0.676192675446914,0.688378543218142,0.984745321669994,0.854882407419967,0.345226906098871,0.0674686283404923,-0.416573047587609
156,"Female","Primary common 1st-99th",-1.80472211996534,-10.7755093644944,0.544587733717751,0.55512004572747,0.897744594375062,0.877647831381553,0.542787235848901,0.34573833270774,-0.217718755109824
156,"Female","Strict recommended/common 5th-95th",-1.82017898203401,-10.809429314226,0.544380990828797,0.554909144834965,0.791411345817921,0.860793633604181,0.525626613793928,0.345738332707739,-0.187161303426763
156,"Male","Primary common 1st-99th",-1.93400021029081,-7.69729617948766,0.672024332897743,0.688585164864758,0.983760703577346,0.900314804818809,0.420568799327695,0.0732434383755852,-0.279229868694001
156,"Male","Strict recommended/common 5th-95th",-2.07630408076722,-8.20048574603971,0.668360836398477,0.684831401667542,0.979363453283528,0.868708652122895,0.349248186163478,0.0732434383755857,-0.347291949913531
157,"Female","Primary common 1st-99th",-1.83932997473795,-10.9824609413299,0.541734974889704,0.553802015348303,0.902661976189625,0.875929980505441,0.530558672969226,0.329904068206721,-0.221106113037724
157,"Female","Strict recommended/common 5th-95th",-1.86382863178801,-11.0529981215185,0.541305994078125,0.553363320015141,0.790752454435934,0.822673015997441,0.520539390062284,0.329904068206721,-0.276468428171141
157,"Male","Primary common 1st-99th",-2.02096805501417,-8.01124329813765,0.674951113230935,0.69001068808142,0.978583807281738,0.871243781792521,0.501766386745414,0.0160993133939327,-0.391884018974766
157,"Male","Strict recommended/common 5th-95th",-2.18468355359468,-8.61496110396444,0.670521494909113,0.685482249636749,0.97686617971668,0.838812336958058,0.396180699833693,0.016099313393933,-0.487104719170369
158,"Female","Primary common 1st-99th",-1.83766489109389,-11.0110492963943,0.558630254396741,0.570931973931867,0.897248902190881,0.913326923644937,0.543668874488823,0.354680855526284,-0.136865868542938
158,"Female","Strict recommended/common 5th-95th",-1.858489239919,-11.0429805850749,0.558430100186582,0.570727249016562,0.783726012725278,0.872042215275018,0.539587276211951,0.354680855526284,-0.162113545814888
158,"Male","Primary common 1st-99th",-2.05148250756563,-8.13715943119238,0.683921025313202,0.700404781634404,0.986297802716962,0.870054175342074,0.455923055153853,0.0569702028439121,-0.389737653188736
158,"Male","Strict recommended/common 5th-95th",-2.17374502801902,-8.56595682343681,0.680728673614851,0.697135502224581,0.981980529846667,0.828394549661834,0.393369428055974,0.0569702028439126,-0.503238204857905
159,"Female","Primary common 1st-99th",-1.7796338127171,-10.6232161834273,0.546554995909121,0.557200092972969,0.901310671584302,0.877837385551152,0.533714841088132,0.332219753362928,-0.215315750952694
159,"Female","Strict recommended/common 5th-95th",-1.80978184817442,-10.7281214649111,0.545913772095734,0.556546220140058,0.786864799950439,0.818848645484885,0.525337510679451,0.332219753362927,-0.281891233935239
159,"Male","Primary common 1st-99th",-1.95824926574546,-7.76871556266217,0.670179532657342,0.687958197811525,0.978865404553568,0.879798446307554,0.486183748632397,0.0643862318860238,-0.35275858298476
159,"Male","Strict recommended/common 5th-95th",-2.10119124748817,-8.29715470606979,0.666339792650819,0.684016609968737,0.967041464891262,0.865780709845762,0.400420972118701,0.0643862318860246,-0.354988037882521
160,"Female","Primary common 1st-99th",-1.83229060988175,-10.9404706345081,0.548370118482077,0.559674379637887,0.883232573336818,0.877418222595155,0.578848945172713,0.369402112294021,-0.218594082159514
160,"Female","Strict recommended/common 5th-95th",-1.86640481948842,-11.0724681483356,0.547557656073721,0.558845008099788,0.757085254561207,0.832926718401105,0.567812262359132,0.369402112294022,-0.253534264897245
160,"Male","Primary common 1st-99th",-2.0423787321142,-8.10005020871056,0.670348503874648,0.687657939299147,0.979319834270507,0.869011982725262,0.501121233799889,0.0392200838438016,-0.379529381062327
160,"Male","Strict recommended/common 5th-95th",-2.1487737569929,-8.44916656603166,0.667801987955574,0.685045682100885,0.963846409416749,0.800967884060675,0.484126991961463,0.039220083843802,-0.57470580197838
161,"Female","Primary common 1st-99th",-1.78300539367544,-10.669412363251,0.539651716096263,0.550879028467983,0.890405970387093,0.904303873967694,0.561249616580515,0.362878634110786,-0.150629720391778
161,"Female","Strict recommended/common 5th-95th",-1.82831766094135,-10.8551650628517,0.538529858563257,0.549733673081451,0.770448489842951,0.855661723700866,0.554584480229115,0.362878634110787,-0.183095834287538
161,"Male","Primary common 1st-99th",-2.09746692211388,-8.29266546084221,0.671775944099885,0.688473944815458,0.990604543252603,0.843566112743652,0.486652060313384,0.0194117463775981,-0.498333402735046
161,"Male","Strict recommended/common 5th-95th",-2.18531217488462,-8.60997936065058,0.669451605881267,0.686091845068379,0.984212589121262,0.824278103852438,0.392131335638227,0.0194117463775985,-0.541175612602061
162,"Female","Primary common 1st-99th",-1.84211729523544,-11.0238206832361,0.545004344822243,0.557440245953487,0.880243197866425,0.900626253108074,0.587269533496638,0.381524194312065,-0.157531156326917
162,"Female","Strict recommended/common 5th-95th",-1.87143037527356,-11.123382933701,0.544394786817803,0.556816619289858,0.759180155424863,0.879034394032458,0.578177375892818,0.381524194312065,-0.124863359884285
162,"Male","Primary common 1st-99th",-2.07688917609149,-8.23740934798807,0.673521163697298,0.690253389550817,0.985289422153452,0.867365342426279,0.467601321568879,0.0425072387244572,-0.394975292754099
162,"Male","Strict recommended/common 5th-95th",-2.18657259860501,-8.62167190133475,0.670700799049273,0.687362972349404,0.976920544387532,0.836030713872576,0.399669310473377,0.0425072387244576,-0.461441850839177
163,"Female","Primary common 1st-99th",-1.85014331640232,-11.0619812683324,0.534670067998929,0.547371157685232,0.904153943022031,0.889786166639497,0.52497304240204,0.336696051292799,-0.19330154556742
163,"Female","Strict recommended/common 5th-95th",-1.8720305211264,-11.1193063815326,0.534325729605493,0.547018482509962,0.799989622281536,0.861613458968948,0.513345817017616,0.336696051292798,-0.192671680754212
163,"Male","Primary common 1st-99th",-2.0605776432257,-8.14868313730086,0.682831714379037,0.697563576605173,0.986858217159659,0.8477692135438,0.49839075795429,0.0572161908857717,-0.460577339059308
163,"Male","Strict recommended/common 5th-95th",-2.1406053355355,-8.42925156743896,0.680745996301729,0.695432873460233,0.976599698134143,0.820152487065014,0.422344730794252,0.0572161908857724,-0.507069540638018
164,"Female","Primary common 1st-99th",-1.82154072783493,-10.8619751061376,0.54819381274343,0.560234085792614,0.896372890231402,0.863909243866704,0.548301884552521,0.34093041544931,-0.247565482066429
164,"Female","Strict recommended/common 5th-95th",-1.85071221902461,-10.9698710956014,0.547530550483912,0.559556094796183,0.779106535602442,0.8135429707931,0.535023544411766,0.340930415449309,-0.295793081082777
164,"Male","Primary common 1st-99th",-2.03871887782923,-8.07830945176719,0.684697791326006,0.695716419602447,0.985384145029103,0.8641505187178,0.473302541765652,0.0480217475570436,-0.405273238595714
164,"Male","Strict recommended/common 5th-95th",-2.15126124597214,-8.48327719503739,0.681681360529469,0.692651459847297,0.974853446397465,0.841881847617484,0.399142869460109,0.0480217475570441,-0.433652672304258
165,"Female","Primary common 1st-99th",-1.85236706738383,-11.0464505151181,0.549356050757458,0.560861883953883,0.906614512507585,0.862721637626622,0.523430259484277,0.316990644570765,-0.25523231066108
165,"Female","Strict recommended/common 5th-95th",-1.88843857082524,-11.2083693206358,0.548356371815966,0.559841105809365,0.807064020045729,0.841848577208388,0.500239248158637,0.316990644570764,-0.238864967161349
165,"Male","Primary common 1st-99th",-1.9554865830551,-7.75019980782145,0.670530475368095,0.678050056973162,0.987726327533323,0.871823284274357,0.443025980893755,0.0069161409839629,-0.40091471555792
165,"Male","Strict recommended/common 5th-95th",-2.08243199355182,-8.2156765794409,0.667147146983777,0.674628799968484,0.982880403767234,0.852670736663327,0.355672739297663,0.00691614098396335,-0.446831342079482
166,"Female","Primary common 1st-99th",-1.83532826894392,-10.970256925783,0.552307195292165,0.564395552910744,0.889766700114947,0.888553934396334,0.562332110370505,0.358656745830014,-0.191671437718885
166,"Female","Strict recommended/common 5th-95th",-1.87134895180969,-11.0959916608848,0.55152747695631,0.563598607173285,0.762308751245476,0.820254495846208,0.558192558263668,0.358656745830015,-0.280563522781717
166,"Male","Primary common 1st-99th",-2.03174346902782,-8.04365745785002,0.695927077982359,0.709361092778729,0.987657457739592,0.858644137887224,0.470598500574409,0.0320042087405625,-0.43986367376993
166,"Male","Strict recommended/common 5th-95th",-2.15204077723039,-8.47249706234612,0.69268166908754,0.706053049250389,0.983881851383096,0.816140350437496,0.40569268077308,0.0320042087405629,-0.569205818843623
167,"Female","Primary common 1st-99th",-1.78580391891556,-10.6631961298701,0.553950669550318,0.56488046977607,0.890419746677366,0.880558947448495,0.560939034079726,0.357893845361675,-0.211087689309231
167,"Female","Strict recommended/common 5th-95th",-1.81537051027798,-10.766899322825,0.553307931694194,0.564224888082533,0.768550748787915,0.831486852892257,0.55182387308635,0.357893845361675,-0.256569373086377
167,"Male","Primary common 1st-99th",-2.01472569189987,-8.00825412448586,0.672706504075062,0.686268026444246,0.988477138922322,0.886416825897043,0.409076975616206,0.0961082866708156,-0.342452361476397
167,"Male","Strict recommended/common 5th-95th",-2.13226552197279,-8.43184111389232,0.669609000990992,0.683108092159183,0.984617404385747,0.88218733841073,0.30957906301494,0.0961082866708159,-0.320007330670245
168,"Female","Primary common 1st-99th",-1.80017729862866,-10.7599236573698,0.541288743057842,0.552011325981164,0.905718766661467,0.89074464951686,0.520733228447361,0.329963683787249,-0.189143041236259
168,"Female","Strict recommended/common 5th-95th",-1.83809317931709,-10.9126926705903,0.540362405229295,0.551066479395435,0.801528377199799,0.852708840423236,0.509549032974255,0.32996368378725,-0.207939668547323
168,"Male","Primary common 1st-99th",-2.0284269395915,-7.99822422615899,0.677650646243794,0.690420688265904,0.991736267743148,0.832381197616637,0.506873974204967,0.0260600297863202,-0.54780335549767
168,"Male","Strict recommended/common 5th-95th",-2.13521245245551,-8.4005056279221,0.674687646639871,0.687401865727616,0.988098634475386,0.808116509523493,0.40555109147587,0.0260600297863208,-0.625611304621026
169,"Female","Primary common 1st-99th",-1.84303190358561,-11.0282305051965,0.540277831277637,0.550093420309714,0.887152788783124,0.899657461954278,0.569400098266176,0.366122294134628,-0.163002449901275
169,"Female","Strict recommended/common 5th-95th",-1.87874597659525,-11.1549738538095,0.539508473454045,0.549309927389244,0.763917542469938,0.85141381610386,0.562794203391291,0.366122294134629,-0.19786216657348
169,"Male","Primary common 1st-99th",-1.95823867327305,-7.75266692009466,0.683315543413765,0.695620843822931,0.985009822206477,0.864515836646007,0.474890392695074,0.048202413063596,-0.401707401877722
169,"Male","Strict recommended/common 5th-95th",-2.07564202460613,-8.17938543710992,0.680154711681399,0.692403104717981,0.976505943461068,0.83692997603672,0.399880463452831,0.0482024130635963,-0.450091010440104
170,"Female","Primary common 1st-99th",-1.80707558747311,-10.8075972021417,0.549061448238419,0.559319786215126,0.907513843607012,0.896876732395476,0.515423391590662,0.329633138432274,-0.181226587403883
170,"Female","Strict recommended/common 5th-95th",-1.85076768127414,-10.9861880817081,0.547962348435203,0.558199990963695,0.802862124900777,0.848160429234289,0.506958546004928,0.329633138432274,-0.232792241286381
170,"Male","Primary common 1st-99th",-2.01429596827147,-7.99786841500169,0.676655684224444,0.69390668061988,0.988821527014257,0.877782123595491,0.423535726317127,0.0699650655445499,-0.371416459848456
170,"Male","Strict recommended/common 5th-95th",-2.10747751565515,-8.31716951893974,0.674307348817418,0.691498489074596,0.981765232948574,0.854453411823668,0.357606001499581,0.0699650655445505,-0.418862689159044
171,"Female","Primary common 1st-99th",-1.82093987086531,-10.8917623912434,0.542613929910801,0.554345118905587,0.891653166059897,0.895048791656659,0.557528728493182,0.359808973243555,-0.169610724604496
171,"Female","Strict recommended/common 5th-95th",-1.83405969468704,-10.8881673361722,0.542636109283682,0.554367618968639,0.772348210556572,0.85081208942779,0.550679862676249,0.359808973243555,-0.191659463785663
171,"Male","Primary common 1st-99th",-1.97196595536031,-7.82338715050787,0.680079039750422,0.697088655501135,0.982401981754363,0.878222500540586,0.466151334197618,0.0780736973020482,-0.357173512579452
171,"Male","Strict recommended/common 5th-95th",-2.11109137997119,-8.33218770272553,0.676325164311643,0.693240904581694,0.971793457650457,0.858493085063746,0.390435111450595,0.0780736973020489,-0.378905368484547
172,"Female","Primary common 1st-99th",-1.78875448021403,-10.7118158217802,0.547004829241898,0.559432381622328,0.900899201507069,0.911060487666914,0.533485702242756,0.341273586294635,-0.140297263083664
172,"Female","Strict recommended/common 5th-95th",-1.82857079734204,-10.8576975332809,0.546111406161959,0.558518500452512,0.788765638725608,0.857020104776398,0.528641043758615,0.341273586294635,-0.192120405840564
172,"Male","Primary common 1st-99th",-2.07196123396886,-8.22800711070237,0.672799254293126,0.689726796412006,0.983206267856839,0.876908653906219,0.463213843533426,0.0527454876110322,-0.37557635019444
172,"Male","Strict recommended/common 5th-95th",-2.17616606262333,-8.57173998604222,0.670279330618804,0.687143486323028,0.981296471407327,0.822823309726404,0.403781259542051,0.0527454876110326,-0.55590363387412
173,"Female","Primary common 1st-99th",-1.85771566015936,-11.0859589409164,0.549570042751119,0.559916290621179,0.892857137505224,0.869549981843776,0.555961128036305,0.352331226300254,-0.234798715192574
173,"Female","Strict recommended/common 5th-95th",-1.88947509581204,-11.2096342144347,0.548805909077735,0.559137610305024,0.776300801105555,0.832089403526676,0.541352157548333,0.352331226300253,-0.251569402465298
173,"Male","Primary common 1st-99th",-2.01746003433874,-7.99404561697777,0.682039139085652,0.699188530608512,0.980637053212972,0.866624909586304,0.497425030055244,0.0327575524559724,-0.40411061394749
173,"Male","Strict recommended/common 5th-95th",-2.12138351359826,-8.37352808414955,0.679226093535381,0.696304767090462,0.971032125243676,0.858749758035623,0.392949686293596,0.0327575524559727,-0.390309642174118
174,"Female","Primary common 1st-99th",-1.88489017028092,-11.2523566123763,0.55408027790925,0.565490167138993,0.893451704457373,0.86998882699086,0.554445161664472,0.349423623081982,-0.228461266960222
174,"Female","Strict recommended/common 5th-95th",-1.89761479280521,-11.2570243725441,0.554051430102953,0.565460562907709,0.775804972852954,0.827552968232849,0.541278822217941,0.349423623081982,-0.251200858686519
174,"Male","Primary common 1st-99th",-2.02519696728499,-8.02014452234086,0.684018022025437,0.696872921103143,0.987391570662379,0.860544242912245,0.46824855542811,0.0279496409737593,-0.424661699203642
174,"Male","Strict recommended/common 5th-95th",-2.12602628146587,-8.38068579473604,0.681336873623509,0.694141398905489,0.980050292317605,0.836428411601919,0.388453795971383,0.0279496409737599,-0.469905278256519
175,"Female","Primary common 1st-99th",-1.80905768254844,-10.8144420679305,0.541034444185556,0.551858537597776,0.896179139973687,0.891068838791364,0.545803698989839,0.34707910266614,-0.185885269125883
175,"Female","Strict recommended/common 5th-95th",-1.84195706529746,-10.9240220725268,0.540369976155169,0.551180617823291,0.776002948943167,0.827202488047788,0.540955812054445,0.34707910266614,-0.263749344628762
175,"Male","Primary common 1st-99th",-2.06755117369858,-8.19297376899996,0.687823442259196,0.701215486061626,0.990728384346032,0.861813479885678,0.444496751214245,0.0187020673396815,-0.439974363775471
175,"Male","Strict recommended/common 5th-95th",-2.17512375776566,-8.57986572486852,0.684924881359815,0.698260503376402,0.987207327187848,0.842386903047703,0.35395040890126,0.0187020673396819,-0.491205582964724
176,"Female","Primary common 1st-99th",-1.79168968176673,-10.7246287197941,0.555011200109088,0.568745761343274,0.900787330305269,0.905853025512644,0.533554924937678,0.337522143093536,-0.147837843317203
176,"Female","Strict recommended/common 5th-95th",-1.82481392312278,-10.8302141000419,0.554355085784606,0.568073247885261,0.786616794913673,0.846868990657697,0.529684046367804,0.337522143093535,-0.207246871926129
176,"Male","Primary common 1st-99th",-1.9793068001768,-7.82676043582662,0.696438123873224,0.704800344678844,0.985566200201483,0.85604501303702,0.488475532909382,0.0682829018171968,-0.4368002476989
176,"Male","Strict recommended/common 5th-95th",-2.10950328284012,-8.30859848390188,0.692797531279731,0.701116052916475,0.980066612980649,0.826899979407513,0.401837769213961,0.0682829018171972,-0.500809066015869
177,"Female","Primary common 1st-99th",-1.7352907725076,-10.3923829162985,0.550763255722983,0.562182525357082,0.906187268696387,0.91667786438445,0.519092842182139,0.334962091321306,-0.135868579784743
177,"Female","Strict recommended/common 5th-95th",-1.80025847583269,-10.6969835891252,0.548891353904605,0.560271651136613,0.804821198144428,0.87721303670802,0.509486647879995,0.334962091321305,-0.161744647656587
177,"Male","Primary common 1st-99th",-1.9084798034254,-7.58008882319328,0.696137058129838,0.707059633758107,0.987827632262036,0.888420135121713,0.410145461537551,-0.0268307634405078,-0.352825879184643
177,"Male","Strict recommended/common 5th-95th",-2.04073955906892,-8.06608247800142,0.692476450802261,0.703341604402461,0.985811347696846,0.880240221778835,0.306327492081222,-0.0268307634405076,-0.36904571789858
178,"Female","Primary common 1st-99th",-1.7977665333749,-10.7794451460325,0.553860018655034,0.564622995611548,0.896570081268718,0.922583939700174,0.546682549160288,0.358796523371342,-0.115921179136119
178,"Female","Strict recommended/common 5th-95th",-1.82020235925546,-10.8206594316781,0.553604462960299,0.564362312449155,0.783899466020933,0.885020716018821,0.54305705474929,0.358796523371341,-0.130971289524633
178,"Male","Primary common 1st-99th",-2.00969976666062,-7.9458472212143,0.675378529439282,0.690207179852454,0.990776880778094,0.851702140212982,0.466957394657437,0.00632307527214544,-0.479508090713459
178,"Male","Strict recommended/common 5th-95th",-2.12065219782886,-8.36046627316332,0.672336626641678,0.687098502334122,0.98671081553651,0.839172283643095,0.360710462319438,0.00632307527214588,-0.509494369732247
179,"Female","Primary common 1st-99th",-1.87662028743267,-11.2168914979456,0.53725182965795,0.547859833249911,0.886618060073183,0.88496831939242,0.570310074626442,0.367330115978965,-0.197166634635962
179,"Female","Strict recommended/common 5th-95th",-1.89943145973344,-11.2816375215878,0.536860318588043,0.547460434495281,0.768520973470584,0.857814785290715,0.557913610556516,0.367330115978965,-0.184673109963096
179,"Male","Primary common 1st-99th",-1.98126404764963,-7.81601360650816,0.675065879224915,0.68947513462121,0.981088028966399,0.84134745129894,0.542626288688231,-0.0434330607879501,-0.521455619362071
179,"Male","Strict recommended/common 5th-95th",-2.08141595124083,-8.20951107383427,0.672184339055694,0.686532102212957,0.975967900102491,0.850444525341016,0.384546261588618,-0.0434330607879498,-0.483218832094929
180,"Female","Primary common 1st-99th",-1.85779557414389,-11.1259560608636,0.541364771653707,0.553437254869284,0.886817307028219,0.906101373124651,0.570855603793885,0.371631043687423,-0.149640077783481
180,"Female","Strict recommended/common 5th-95th",-1.87003575384445,-11.1106496002463,0.541458295272713,0.553532705891702,0.76546820925719,0.86800067679499,0.565260607827191,0.371631043687423,-0.163402405884316
180,"Male","Primary common 1st-99th",-2.03828387154575,-8.08998333071276,0.690995767646101,0.70591106461149,0.99259851039107,0.87334337008136,0.405993951457283,0.0399277025379344,-0.397647712957363
180,"Male","Strict recommended/common 5th-95th",-2.12637240442512,-8.39391442008106,0.688710815892718,0.703576805376029,0.989475193717778,0.856150273507466,0.323821709104195,0.039927702537935,-0.434762210690508
181,"Female","Primary common 1st-99th",-1.81894862755332,-10.8756527541286,0.549671360176363,0.560553119511506,0.886724322999528,0.89389420427501,0.570180897499446,0.366561768093378,-0.176339710291874
181,"Female","Strict recommended/common 5th-95th",-1.86466017502258,-11.0753770139561,0.5484398597689,0.559297078298023,0.768523890198108,0.862794503681403,0.559279616164089,0.366561768093377,-0.170384915026746
181,"Male","Primary common 1st-99th",-1.9849023605937,-7.88163297007686,0.674922545441338,0.693639276041776,0.975351124557672,0.883340772683554,0.502812211853544,0.0425092640569905,-0.322258249664499
181,"Male","Strict recommended/common 5th-95th",-2.1416854723824,-8.43314010693397,0.670881878998958,0.689486568964664,0.962898290449831,0.82255327059861,0.460272135926158,0.0425092640569911,-0.485048810858243
182,"Female","Primary common 1st-99th",-1.82899227176847,-10.9404954966623,0.547775310682699,0.559847234838719,0.886814410060879,0.895439481701056,0.57001944333922,0.36261862676871,-0.167866411941322
182,"Female","Strict recommended/common 5th-95th",-1.84479228903318,-10.9525378825655,0.547701532143193,0.559771670109349,0.763828930573554,0.852571927416224,0.563225597315823,0.36261862676871,-0.18573564841934
182,"Male","Primary common 1st-99th",-2.02986450042084,-8.04345271867664,0.681684068882533,0.695442964577702,0.987773542031818,0.863147586768082,0.460457914747925,0.0311937167634542,-0.415136488090941
182,"Male","Strict recommended/common 5th-95th",-2.11631749778394,-8.33534710304836,0.679520278640514,0.693235514655819,0.979251139896392,0.825075249341605,0.407080278711173,0.0311937167634547,-0.511279225522519
183,"Female","Primary common 1st-99th",-1.83546094738321,-10.9549762196061,0.548026590387998,0.558578890893135,0.894145689308402,0.874485345697633,0.552169582748697,0.343901780209117,-0.227348312576976
183,"Female","Strict recommended/common 5th-95th",-1.88882411490276,-11.2086647433296,0.546465559409517,0.556987641259899,0.781115497706353,0.838494901810915,0.535845530276907,0.343901780209117,-0.243430579144786
183,"Male","Primary common 1st-99th",-1.92450593791217,-7.62076748882398,0.681145519660578,0.693579857359113,0.980359054460229,0.869805436804472,0.493517396292924,0.018085210000941,-0.395751711050613
183,"Male","Strict recommended/common 5th-95th",-2.05378506606653,-8.10104960989342,0.677604279536641,0.689973985678294,0.975527772194297,0.852937508970012,0.383114621819629,0.0180852100009414,-0.425357381859188
184,"Female","Primary common 1st-99th",-1.77250349188356,-10.6155177985339,0.554663239721892,0.566468141312718,0.905215401465053,0.912680491634413,0.52160662903067,0.337874263570347,-0.142877889104845
184,"Female","Strict recommended/common 5th-95th",-1.80783308406877,-10.7475368604382,0.553844307537125,0.56563161744453,0.803754139929986,0.887259709765336,0.513551748425151,0.337874263570348,-0.134734587587531
184,"Male","Primary common 1st-99th",-2.03115711205437,-8.03002227671184,0.6825550148157,0.699402803105262,0.990390428733931,0.848905086588554,0.475624408301861,0.013185929857556,-0.484021935230326
184,"Male","Strict recommended/common 5th-95th",-2.13445697935604,-8.40455839558453,0.679775450833657,0.696554643705534,0.985211475747764,0.820222328913284,0.395131913476763,0.0131859298575564,-0.569664633306843
185,"Female","Primary common 1st-99th",-1.81707715384876,-10.8540174285115,0.533621145240498,0.544973463594514,0.904602793409248,0.882702234481792,0.524571401215231,0.329359766418028,-0.213944501993154
185,"Female","Strict recommended/common 5th-95th",-1.85230736191211,-10.9989993606267,0.53275357840164,0.54408728329312,0.80193579370901,0.855785298640661,0.509473871772812,0.329359766418028,-0.215817010552176
185,"Male","Primary common 1st-99th",-1.93689299391681,-7.65361683292532,0.673500857123268,0.688210225865975,0.976508579179598,0.856195245570599,0.539113916795017,0.0191459937748503,-0.439896376502586
185,"Male","Strict recommended/common 5th-95th",-2.04288186736181,-8.04531820692101,0.670644152169259,0.685291144280724,0.97386539532187,0.83139898443837,0.415816813602842,0.0191459937748508,-0.499861791158382
186,"Female","Primary common 1st-99th",-1.82383222900623,-10.8943280954046,0.551137656024421,0.562499414435446,0.885479603396977,0.879788827398884,0.573249892359927,0.365775318713349,-0.203690798266411
186,"Female","Strict recommended/common 5th-95th",-1.82529941226795,-10.8388593324616,0.551481034983401,0.562849710731577,0.767692052651439,0.857205549953018,0.558940689521304,0.365775318713349,-0.175386911765565
186,"Male","Primary common 1st-99th",-2.00168769046067,-7.92884130830158,0.67734694659255,0.692667799875547,0.985112755563403,0.864030711618765,0.475207633159798,-0.0100670652269694,-0.417065363085892
186,"Male","Strict recommended/common 5th-95th",-2.10293204837734,-8.29404362934416,0.674660289344605,0.689920386886735,0.974198290651017,0.846901265065605,0.395210478835687,-0.010067065226969,-0.439180504837347
187,"Female","Primary common 1st-99th",-1.83117489692697,-10.9272317386599,0.542006003850161,0.552882566314897,0.897521115999301,0.871334869288812,0.544205990547507,0.337386958510001,-0.231534908933027
187,"Female","Strict recommended/common 5th-95th",-1.86785426097648,-11.0821550840478,0.541063587298444,0.551921078891207,0.78595958554363,0.834626007949837,0.528535354202861,0.337386958510001,-0.246673252521131
187,"Male","Primary common 1st-99th",-2.01386886967667,-7.98453247265196,0.674538106283168,0.686311578921118,0.988201709957207,0.868766049587589,0.446091937337897,0.085280985365595,-0.392922701076541
187,"Male","Strict recommended/common 5th-95th",-2.10750831784117,-8.30562200444096,0.672184348448062,0.683916751833401,0.981540646508216,0.835208203345378,0.385020001299129,0.0852809853655956,-0.469955304593928
188,"Female","Primary common 1st-99th",-1.77777870049176,-10.6130978857386,0.54919473645255,0.559640015925202,0.916327459550496,0.878824160913344,0.494392707580247,0.30091160305307,-0.221523398878719
188,"Female","Strict recommended/common 5th-95th",-1.80688078498851,-10.7238396760443,0.548514629556743,0.558946812815441,0.822574901108116,0.846966584133663,0.478829897784535,0.300911603053069,-0.234135183163407
188,"Male","Primary common 1st-99th",-1.95306113103057,-7.72364671427978,0.689390584079285,0.701524948150398,0.987766672335962,0.857567044019781,0.472209568829749,0.032285143511128,-0.439867641455003
188,"Male","Strict recommended/common 5th-95th",-2.06514800055691,-8.13688360325974,0.686303374031206,0.698383412062995,0.981695497081242,0.835089624337156,0.38465321007801,0.0322851435111285,-0.485758107667307
189,"Female","Primary common 1st-99th",-1.80661171088755,-10.7936275446176,0.555663240725831,0.568845285127275,0.888100703489804,0.885922246942865,0.566574821185443,0.359125169418057,-0.196932177299249
189,"Female","Strict recommended/common 5th-95th",-1.84697368785173,-10.9569163415624,0.554646415978467,0.567804174886217,0.764526558124512,0.834258900199849,0.557890215700182,0.359125169418056,-0.244794401639542
189,"Male","Primary common 1st-99th",-1.9230313317386,-7.64244334573473,0.690167857862982,0.705918878581296,0.978110785559927,0.893717620784793,0.470403645639534,0.0148067235215331,-0.306461615018319
189,"Male","Strict recommended/common 5th-95th",-2.10366464211255,-8.29472407206674,0.685293561658619,0.700933355355175,0.975233375157808,0.844558769526317,0.39446802274816,0.0148067235215336,-0.452994528093109
190,"Female","Primary common 1st-99th",-1.81536057441625,-10.8298153021065,0.554670351377541,0.565382439652575,0.892899652250238,0.869543940533231,0.555857909093701,0.34691966224325,-0.238007792704974
190,"Female","Strict recommended/common 5th-95th",-1.8541381162953,-10.9900141222447,0.553674152982864,0.564366839519182,0.771480219262297,0.812689375608924,0.544921418557895,0.34691966224325,-0.304820138460674
190,"Male","Primary common 1st-99th",-1.99491505703815,-7.92378680108906,0.678064871851883,0.694627437207512,0.984606022171212,0.883009983431454,0.443051618638453,0.0161926961771055,-0.34642525358647
190,"Male","Strict recommended/common 5th-95th",-2.12123520795014,-8.36616315747481,0.674807191891053,0.691290198129583,0.977366932817621,0.845673484168423,0.385510130668084,0.016192696177106,-0.443667561967872
191,"Female","Primary common 1st-99th",-1.87607757280582,-11.2080570499133,0.550019687775078,0.559661406390439,0.891360279017841,0.879287331999453,0.558668443461741,0.353354396556267,-0.2136081317485
191,"Female","Strict recommended/common 5th-95th",-1.89703196886418,-11.2597693540909,0.549699649304588,0.559335597070566,0.773586248140301,0.841572472140652,0.546887263056173,0.353354396556267,-0.232017559244193
191,"Male","Primary common 1st-99th",-2.12939575365992,-8.42849600128308,0.675737179096275,0.693054169368319,0.990806606643014,0.847968167415525,0.47533420637551,0.00552981993192696,-0.485065924902287
191,"Male","Strict recommended/common 5th-95th",-2.19962164643017,-8.67294461498654,0.673933364667828,0.691204142323966,0.983301043307525,0.833908118713974,0.380795223854507,0.00552981993192725,-0.507658518893345
192,"Female","Primary common 1st-99th",-1.81215765679833,-10.8769081264096,0.540482099730316,0.552259287055254,0.898344486114192,0.932434279773498,0.543431196318316,0.359376990205433,-0.091963598602802
192,"Female","Strict recommended/common 5th-95th",-1.83020543208611,-10.8813365772934,0.540455528626709,0.552231979547877,0.785064490444574,0.88732975971854,0.542003783727891,0.359376990205433,-0.122650338563724
192,"Male","Primary common 1st-99th",-2.12362785914282,-8.43876744671477,0.689059732241919,0.702333210085024,0.988892499879214,0.876672726900476,0.425275011431158,0.0950253829393294,-0.37013861105067
192,"Male","Strict recommended/common 5th-95th",-2.2212730138508,-8.76927059226628,0.686572529921883,0.699798110073362,0.982982496932713,0.851800608928364,0.356472014485679,0.09502538293933,-0.418536267567817
193,"Female","Primary common 1st-99th",-1.80615210144025,-10.8179415652613,0.56077599448185,0.571909369042021,0.906861913919296,0.913288038541568,0.5170148499399,0.33106304280999,-0.140107980307401
193,"Female","Strict recommended/common 5th-95th",-1.86101672790511,-11.0553156001989,0.559283686025086,0.570387269128209,0.803337665154742,0.866176733090616,0.509344509999937,0.33106304280999,-0.180591897695799
193,"Male","Primary common 1st-99th",-1.97783295334628,-7.89015838810027,0.670936180102109,0.685864288193888,0.97233979440812,0.914555803334908,0.485664090146294,0.0323188345444497,-0.221776242528849
193,"Male","Strict recommended/common 5th-95th",-2.13039321602543,-8.39523945932432,0.667257177541251,0.682103443453588,0.968869997942713,0.83527395372752,0.427063048538421,0.0323188345444502,-0.473883300873634
194,"Female","Primary common 1st-99th",-1.8267021585144,-10.9177618986673,0.550334540715111,0.560359930978752,0.902444016834006,0.888387335797486,0.529598793691117,0.335566603998018,-0.197064313071705
194,"Female","Strict recommended/common 5th-95th",-1.86546326427547,-11.0674992379412,0.549409781816601,0.559418165060262,0.790877726724658,0.834439205076469,0.521756318595874,0.335566603998018,-0.25787968760754
194,"Male","Primary common 1st-99th",-1.98311803076521,-7.90353978141085,0.672529554835933,0.687516405221449,0.978217831834428,0.907659324653835,0.451484272146064,0.0947929875009048,-0.245097878863976
194,"Male","Strict recommended/common 5th-95th",-2.14887848947485,-8.4894830402854,0.668250788924092,0.683142303700767,0.974351852530599,0.868564625629302,0.369698865288515,0.0947929875009054,-0.336462458376821
195,"Female","Primary common 1st-99th",-1.85867443525849,-11.0975377361134,0.532173233997574,0.544280054063859,0.900938634220031,0.874686855922885,0.535125569616965,0.335506029854514,-0.222425750668505
195,"Female","Strict recommended/common 5th-95th",-1.88473968648317,-11.1872653477348,0.531636404462174,0.543730855378575,0.793333359655102,0.844633619334354,0.51985634480099,0.335506029854514,-0.220499218528801
195,"Male","Primary common 1st-99th",-2.04842409988429,-8.11628249497378,0.672619053686035,0.688157160891494,0.982618165410301,0.863917370008269,0.490534501658697,0.0109762193722489,-0.426889596980353
195,"Male","Strict recommended/common 5th-95th",-2.18409627281229,-8.60093960212617,0.669071258181087,0.684527421874907,0.97509981640396,0.818299537994353,0.429482270835923,0.0109762193722495,-0.576362368899503
196,"Female","Primary common 1st-99th",-1.81468306790205,-10.8229453482171,0.548927228539815,0.559425717664455,0.893655893471065,0.867991183066208,0.554229665914112,0.345011016475736,-0.242411686203805
196,"Female","Strict recommended/common 5th-95th",-1.86635572515381,-11.0718226259153,0.547395563443027,0.557864597451388,0.780251091333549,0.832216781608154,0.535978086379857,0.345011016475737,-0.258904964003981
196,"Male","Primary common 1st-99th",-1.93462179540936,-7.65114404244503,0.684142192957074,0.700353904037304,0.981066339309977,0.861112893458169,0.504855681895734,0.0299848013499465,-0.415016569393414
196,"Male","Strict recommended/common 5th-95th",-2.08469206409884,-8.20137926005239,0.680065975339464,0.696181108562962,0.973375842923868,0.813912931246074,0.440623473797554,0.0299848013499469,-0.544755684741207
197,"Female","Primary common 1st-99th",-1.84149383837279,-11.0048642379947,0.535289095217911,0.54741008310496,0.895613811604798,0.885651117610654,0.547501305882179,0.349651447301706,-0.197425720597624
197,"Female","Strict recommended/common 5th-95th",-1.87154799620159,-11.1101211995072,0.534656278724487,0.546762780074376,0.781770331828747,0.847642235983032,0.536662169821653,0.349651447301706,-0.212993115000851
197,"Male","Primary common 1st-99th",-2.02054314292205,-8.02770025940605,0.683285987218847,0.700336815106967,0.979322862918716,0.883000502559344,0.478241761115421,0.0709935357826225,-0.333865427173317
197,"Male","Strict recommended/common 5th-95th",-2.12165474599488,-8.36953005795459,0.680746499117832,0.697733970380644,0.970910222834985,0.848834444685398,0.4044317291242,0.070993535782623,-0.407555598412039
198,"Female","Primary common 1st-99th",-1.86166885678236,-11.1463846200543,0.547513455027513,0.559021425440762,0.897652079258987,0.904267498656306,0.541971124861812,0.354440182541411,-0.155554341285043
198,"Female","Strict recommended/common 5th-95th",-1.88735649666682,-11.2143281961613,0.547095078718044,0.558594095388038,0.786346930183624,0.868659421579461,0.534847610567213,0.354440182541411,-0.16468421587895
198,"Male","Primary common 1st-99th",-2.06421467642818,-8.19610954310455,0.67901915447396,0.691712142022742,0.980649751523151,0.877273912534718,0.479007684314096,0.05636061189534,-0.373058747575284
198,"Male","Strict recommended/common 5th-95th",-2.16463230207596,-8.54050893494672,0.676471889158832,0.689117274611072,0.974816581380489,0.848506711850932,0.391064568043069,0.0563606118953404,-0.448545632328065
199,"Female","Primary common 1st-99th",-1.84596649679588,-11.011822010183,0.545176484049382,0.556782265077568,0.900912291102536,0.866775403420612,0.536610821593461,0.32820757333524,-0.24210587179201
199,"Female","Strict recommended/common 5th-95th",-1.88476423650777,-11.1744248697165,0.544180605625426,0.555765026050348,0.788428169678215,0.81582527560982,0.522990932594428,0.32820757333524,-0.292049445345333
199,"Male","Primary common 1st-99th",-2.02802460557353,-8.02706640537468,0.676567280179955,0.695626013645922,0.987645210787317,0.858227041444114,0.471551713424202,0.031269227762121,-0.442647234722051
199,"Male","Strict recommended/common 5th-95th",-2.15547953508784,-8.49868775277146,0.673098014509089,0.692059033203224,0.982128915005267,0.838806051922867,0.377836061772431,0.0312692277621213,-0.483292604760883
200,"Female","Primary common 1st-99th",-1.84098174376074,-11.0183458673319,0.550641352159456,0.56233658003303,0.900110595301466,0.901920334843231,0.535304439444253,0.343058561948235,-0.160186442572102
200,"Female","Strict recommended/common 5th-95th",-1.87388989700808,-11.1307236424248,0.549946221540733,0.561626524225527,0.790100432833308,0.862251261871527,0.527846335006971,0.343058561948234,-0.177817476447248
200,"Male","Primary common 1st-99th",-2.05359829778931,-8.1259410392392,0.666813371885559,0.679198441122318,0.98887143634077,0.852419376761542,0.476702598450059,0.0397810012027867,-0.458223018188445
200,"Male","Strict recommended/common 5th-95th",-2.14510394857548,-8.44560778114172,0.664493314289343,0.676835305174681,0.981561708578025,0.817472752887274,0.41088950622593,0.039781001202787,-0.550416588743879
201,"Female","Primary common 1st-99th",-1.8328429127628,-10.9754917728141,0.547951673311778,0.559775843018233,0.897698962838601,0.906867141131883,0.541965824580085,0.349884318307462,-0.153478980481872
201,"Female","Strict recommended/common 5th-95th",-1.85234730080201,-11.0034318976553,0.547779990032136,0.559600294903052,0.78440433919489,0.864829865416625,0.536736168486923,0.349884318307462,-0.183466021811169
201,"Male","Primary common 1st-99th",-1.97514731682319,-7.81174862575072,0.678033599202947,0.69451863200092,0.989666019109451,0.8546202863003,0.467093898735626,0.0755892970691052,-0.445026656718236
201,"Male","Strict recommended/common 5th-95th",-2.04338479836213,-8.05676703813246,0.676231573038702,0.692672806514949,0.980672696841955,0.846501807524141,0.372427894957895,0.0755892970691059,-0.422383859492422
202,"Female","Primary common 1st-99th",-1.75438889779104,-10.514296403483,0.555686795056139,0.567447908560469,0.904761965516414,0.919335414747202,0.523326827502949,0.344363664894951,-0.124305448447327
202,"Female","Strict recommended/common 5th-95th",-1.77519892948857,-10.5418243178754,0.555516146358829,0.567273486023026,0.794539544351063,0.863259478613619,0.521611288482611,0.34436366489495,-0.185631820002416
202,"Male","Primary common 1st-99th",-1.87886555161069,-7.437205714275,0.686649211371722,0.697814111893016,0.964972649086386,0.873289842232249,0.57600589096156,0.0438425152171975,-0.3772924201766
202,"Male","Strict recommended/common 5th-95th",-2.03899344933671,-8.02652657449404,0.682277566498217,0.693371398558374,0.973550469776301,0.826217952971333,0.423578875444105,0.0438425152171979,-0.520164326889741
203,"Female","Primary common 1st-99th",-1.86736271304454,-11.2025493588833,0.542504941526127,0.55255384225451,0.877550139045528,0.925810739161094,0.599057780192399,0.399313552952687,-0.1066543948669
203,"Female","Strict recommended/common 5th-95th",-1.89812104167734,-11.2863890745152,0.541993012231484,0.55203227264689,0.749143412738773,0.886007878274088,0.595847967709138,0.399313552952687,-0.123649144414169
203,"Male","Primary common 1st-99th",-2.06521380205928,-8.22659755269524,0.683627792904599,0.700034720476358,0.984940097100355,0.896810609673801,0.417200553052128,0.0435071777275749,-0.287768271476034
203,"Male","Strict recommended/common 5th-95th",-2.16950373036123,-8.57908165307924,0.681002164668077,0.697346091251706,0.975439845372784,0.879835627169774,0.353393903910316,0.0435071777275754,-0.289627486809005
204,"Female","Primary common 1st-99th",-1.83229165824226,-10.9589208459601,0.544389217053344,0.555352897706856,0.902135413649875,0.895499897006346,0.529973644618836,0.339996583701518,-0.181280617562483
204,"Female","Strict recommended/common 5th-95th",-1.8702558411146,-11.1038921700893,0.543503164259053,0.554448841061669,0.792883449942006,0.851274102798573,0.521626804131206,0.339996583701518,-0.218745989068862
204,"Male","Primary common 1st-99th",-2.01523827841438,-7.974244574434,0.661434153977264,0.677685959737507,0.982574417096569,0.856719457993344,0.504448177989657,0.027547052585072,-0.439740793873605
204,"Male","Strict recommended/common 5th-95th",-2.11150737937853,-8.32927420972785,0.65888243524847,0.675071557214868,0.969610711105559,0.848599236227331,0.409196437129217,0.0275470525850726,-0.423308259685268
205,"Female","Primary common 1st-99th",-1.79315227927586,-10.7396538042517,0.544779112851399,0.557752355325004,0.890270621196888,0.912012915691306,0.562396939978936,0.367070610401485,-0.13418358614636
205,"Female","Strict recommended/common 5th-95th",-1.82623267734934,-10.8475126294018,0.544121110753205,0.557078524158268,0.770087274989091,0.865958695356331,0.557906878373896,0.367070610401485,-0.162210474315079
205,"Male","Primary common 1st-99th",-2.02956158585887,-8.06218003162178,0.673322340938963,0.687830359634675,0.987914600954995,0.880667994051364,0.42425448793665,0.0335168680065025,-0.358847979662981
205,"Male","Strict recommended/common 5th-95th",-2.13932288443714,-8.44110080894825,0.670547304272675,0.684995542950631,0.981325063643268,0.850254336849351,0.364927762971187,0.033516868006503,-0.431857399622683
206,"Female","Primary common 1st-99th",-1.80625405476776,-10.8049344930506,0.548390263730834,0.559278022522723,0.896730651329678,0.8989108767302,0.544289664636127,0.347182853325642,-0.165453497284027
206,"Female","Strict recommended/common 5th-95th",-1.84400028577619,-10.9503254856475,0.547496659916571,0.558366516711895,0.783782742807674,0.858778894574931,0.53619819346719,0.347182853325641,-0.182075913183063
206,"Male","Primary common 1st-99th",-1.93156189755614,-7.66463927752602,0.680729727937304,0.695020399588728,0.98683804701038,0.881533564758943,0.430210938911868,0.0491025503221588,-0.356816665570182
206,"Male","Strict recommended/common 5th-95th",-2.06993192580099,-8.16573636773384,0.677035513569278,0.6912486456519,0.984193414390588,0.852594969273172,0.350635684507187,0.0491025503221592,-0.42969873016309
207,"Female","Primary common 1st-99th",-1.8303292408743,-10.9835039012747,0.538666384478952,0.551164691642061,0.883916238067335,0.931262746377717,0.583326777648196,0.377303661684675,-0.0866480748155645
207,"Female","Strict recommended/common 5th-95th",-1.86916150986334,-11.1172579038432,0.537857282015708,0.550336658784952,0.762041205306003,0.895694730727552,0.580020335434808,0.377303661684675,-0.0825004050268951
207,"Male","Primary common 1st-99th",-2.04243942965913,-8.09152144142226,0.674454620112789,0.692557297520524,0.987042759245532,0.862543752023837,0.466272678994145,0.0470874634543995,-0.419475285186725
207,"Male","Strict recommended/common 5th-95th",-2.1621664932204,-8.5141139436688,0.671353551913384,0.689373008826811,0.981689439998742,0.819277388881965,0.407791746065356,0.0470874634544,-0.542100243188301
208,"Female","Primary common 1st-99th",-1.84989231239109,-11.0721388254603,0.531742833983243,0.543314025037155,0.88319405489518,0.900232883927856,0.579663479135467,0.374301016667129,-0.162516443841355
208,"Female","Strict recommended/common 5th-95th",-1.86172836382041,-11.0590973599165,0.531821096707104,0.543393835400848,0.759395399601243,0.8640013869954,0.572891408300367,0.374301016667129,-0.17173082334706
208,"Male","Primary common 1st-99th",-2.01659514649428,-7.99210638619867,0.664165543352782,0.677915553952885,0.98749984353514,0.866931466786597,0.4544098050729,0.0611832131574919,-0.400330425656597
208,"Male","Strict recommended/common 5th-95th",-2.12935542193069,-8.40088799439605,0.66121477782139,0.674903712875967,0.981147318750059,0.849334682317669,0.366837601993409,0.0611832131574926,-0.417957238572042
209,"Female","Primary common 1st-99th",-1.86941258478984,-11.1865356468053,0.544863764732268,0.556545774611579,0.898703086636468,0.897269531183249,0.539058912583641,0.348786894050152,-0.176068711851902
209,"Female","Strict recommended/common 5th-95th",-1.89023838745644,-11.2158952925583,0.544683933989714,0.556361929084916,0.78060728422851,0.834567820243354,0.53587353007797,0.348786894050152,-0.257374518607243
209,"Male","Primary common 1st-99th",-2.08227709958442,-8.24544548036849,0.676563490357179,0.692806676977235,0.991501647934037,0.856040959856957,0.452606061334455,0.0360531875815123,-0.459522305343325
209,"Male","Strict recommended/common 5th-95th",-2.18404291015155,-8.61692574233619,0.673824389616666,0.690001828402879,0.987446305045138,0.845550753877221,0.348219004302551,0.0360531875815127,-0.474367344519184
210,"Female","Primary common 1st-99th",-1.84130097405085,-11.0029152723351,0.552339479906273,0.562730060806482,0.887708813592751,0.883683690548118,0.567598643513156,0.364078976267493,-0.201253973079977
210,"Female","Strict recommended/common 5th-95th",-1.85519034881698,-11.0166833331332,0.552254325036318,0.562643142519143,0.77018880626657,0.856534078950368,0.555181755343374,0.364078976267494,-0.191318049041727
210,"Male","Primary common 1st-99th",-2.04756107942208,-8.07313267263876,0.664485430043513,0.681033342454326,0.990180457133087,0.829260315494911,0.522367969653634,0.0149109943364174,-0.546793306569433
210,"Male","Strict recommended/common 5th-95th",-2.13448558345492,-8.39540843850376,0.662155941344673,0.678645854891522,0.982013213715706,0.804357843687194,0.429533495985359,0.0149109943364179,-0.609248238275861
211,"Female","Primary common 1st-99th",-1.81352937548246,-10.8409647020695,0.549719315226766,0.560709099129976,0.907233443118875,0.891924988488031,0.51657425128246,0.325746418341106,-0.189023426762477
211,"Female","Strict recommended/common 5th-95th",-1.86099613438244,-11.0534371179602,0.548409586937543,0.559373026041585,0.807114649910348,0.862030456464538,0.503044211486369,0.325746418341106,-0.191025323399164
211,"Male","Primary common 1st-99th",-1.98953964216764,-7.9179588880859,0.676644241475687,0.690212754064288,0.988010296583683,0.894896264640524,0.396884269773753,0.00884173119968736,-0.311369077838483
211,"Male","Strict recommended/common 5th-95th",-2.09334961932012,-8.27307752855681,0.674034786479155,0.687550986017349,0.981400791289656,0.875925797763421,0.331935708225375,0.0088417311996878,-0.3413621485073
212,"Female","Primary common 1st-99th",-1.86139827987625,-11.1091654241988,0.548716457070172,0.558598158476077,0.901195410185189,0.86877296444381,0.535513427918896,0.333118418675991,-0.231902985497464
212,"Female","Strict recommended/common 5th-95th",-1.87381786558275,-11.1120480388413,0.548698954702592,0.558580180464314,0.788934249999312,0.821437719894469,0.522844508880827,0.33311841867599,-0.267297215053061
212,"Male","Primary common 1st-99th",-1.98862300335923,-7.88216110533757,0.668833589022047,0.684121188470623,0.98006002384353,0.871846248593254,0.491827879828825,0.0510145743868926,-0.386660448966343
212,"Male","Strict recommended/common 5th-95th",-2.13581527411611,-8.42450501289465,0.66489588395012,0.680093492547475,0.973339713853775,0.846475833287337,0.398734468801049,0.0510145743868931,-0.441594607651673
213,"Female","Primary common 1st-99th",-1.80898759487551,-10.8142662882051,0.542974624261906,0.553758161552825,0.88647260181717,0.889559232847685,0.570695070513175,0.371758703210399,-0.187869116204885
213,"Female","Strict recommended/common 5th-95th",-1.8176841125904,-10.792478557476,0.543107558852994,0.553893577545061,0.766032210201851,0.8559959295059,0.560995354500831,0.371758703210398,-0.193256364860591
213,"Male","Primary common 1st-99th",-1.95474418908074,-7.81041424419783,0.667064109450344,0.680636126908685,0.976213515609083,0.922721928403631,0.450188908012022,0.0833557303276693,-0.191781053555379
213,"Male","Strict recommended/common 5th-95th",-2.08953632872922,-8.23506251762542,0.663991498822336,0.677501015089503,0.965451326655441,0.837267942473001,0.435665137381241,0.0833557303276699,-0.455085445318867
214,"Female","Primary common 1st-99th",-1.83448372455588,-10.9690861262786,0.545348891071995,0.557312796065831,0.881777313530825,0.889884561181405,0.582532960996245,0.372593744599348,-0.181050424062811
214,"Female","Strict recommended/common 5th-95th",-1.83650627524012,-10.9035962036604,0.545750331117853,0.557722883418873,0.756729376905093,0.853303440818664,0.573544168343402,0.372593744599348,-0.186143001839967
214,"Male","Primary common 1st-99th",-1.94924268938102,-7.76173456314135,0.679381071098256,0.692366129140049,0.979179514524769,0.901556863471608,0.452343273158175,0.0334151963930889,-0.283206881700151
214,"Male","Strict recommended/common 5th-95th",-2.05141221124428,-8.08837858564794,0.676975228044471,0.689914317324906,0.976211483106497,0.845763576922603,0.389508859185403,0.0334151963930894,-0.45515829247472
215,"Female","Primary common 1st-99th",-1.83946348382953,-10.9960279483603,0.535769342418746,0.547202715509334,0.892931362480897,0.888943544798516,0.554243333074085,0.349378016998312,-0.188415408643928
215,"Female","Strict recommended/common 5th-95th",-1.86748385916279,-11.0949230371447,0.535174317131056,0.54659483517801,0.781701439438705,0.867544413943306,0.541372395458017,0.349378016998312,-0.161985900422976
215,"Male","Primary common 1st-99th",-1.88262208665079,-7.45400649763222,0.670726125647279,0.685997041013641,0.972832787038105,0.875537652963188,0.52905075325355,0.0132783296582991,-0.36962069844634
215,"Male","Strict recommended/common 5th-95th",-2.07983529644381,-8.20740862084382,0.665265904940911,0.680412517267181,0.972872564579838,0.857262424914602,0.387832629132487,0.0132783296582997,-0.403458821734758
216,"Female","Primary common 1st-99th",-1.86108753188739,-11.1204869122704,0.551083815206459,0.56168056317693,0.886532650210589,0.882263509668632,0.570568797974353,0.359318997707351,-0.203393602984654
216,"Female","Strict recommended/common 5th-95th",-1.88409707271578,-11.1736058308929,0.550754751868576,0.561345011308593,0.75811142960362,0.82225809745717,0.564178661074777,0.359318997707351,-0.270266850883791
216,"Male","Primary common 1st-99th",-2.03569142327332,-8.03914476732951,0.676732173093222,0.690720747501386,0.992511483520127,0.84096159624564,0.482018918491473,0.044932740701601,-0.515975979477761
216,"Male","Strict recommended/common 5th-95th",-2.12375363206018,-8.3692315423924,0.674303147085512,0.688241525046746,0.98771023945437,0.832894304829311,0.366811796424075,0.0449327407016015,-0.524967021676629
217,"Female","Primary common 1st-99th",-1.80175045499308,-10.764874409114,0.547914466501592,0.559715232953299,0.898233960510842,0.885622839865104,0.540769436061172,0.342640199728095,-0.203281164761733
217,"Female","Strict recommended/common 5th-95th",-1.83074127761848,-10.8705037710544,0.54726618086282,0.559052823957637,0.789165485741169,0.856425586237034,0.527942362560761,0.342640199728095,-0.205482522209137
217,"Male","Primary common 1st-99th",-2.00743342950971,-7.95411039142414,0.679179829522577,0.691336108487576,0.984821111701989,0.866608556058565,0.471994749457327,0.00323250994496286,-0.40425330168557
217,"Male","Strict recommended/common 5th-95th",-2.13114758143949,-8.40809874779928,0.675830036489813,0.687926372788285,0.977026014770808,0.849288895780411,0.382137413600344,0.00323250994496304,-0.425652638343471
218,"Female","Primary common 1st-99th",-1.85031334850552,-11.0488591195251,0.537855851779957,0.548307620956028,0.890884971767509,0.877526009731939,0.559981647260205,0.354515874129679,-0.218982907155445
218,"Female","Strict recommended/common 5th-95th",-1.89292071617757,-11.2275473723484,0.536775673828337,0.54720629504895,0.769654298220723,0.825391346808735,0.549227816016368,0.354515874129679,-0.272179287805161
218,"Male","Primary common 1st-99th",-2.06318138528336,-8.14106747230365,0.671075817200052,0.686278374935991,0.99001591913681,0.834065529132754,0.511940704565928,0.0641278023170579,-0.522213347234996
218,"Male","Strict recommended/common 5th-95th",-2.16592232801769,-8.52580663144395,0.668265157945864,0.683404056345324,0.98431741637668,0.813065871016662,0.409128521192444,0.0641278023170586,-0.562808398248817
219,"Female","Primary common 1st-99th",-1.84295378242625,-11.0054333567383,0.536102592314628,0.547278308683449,0.867979921405939,0.876826518143762,0.615604054080389,0.401054450261446,-0.213319588968393
219,"Female","Strict recommended/common 5th-95th",-1.86094251936995,-11.0439928674631,0.535870595098095,0.547041318023546,0.732616438474877,0.841228248576469,0.604026125938871,0.401054450261445,-0.219133356868446
219,"Male","Primary common 1st-99th",-2.00625542638088,-7.92028314792383,0.670317937221108,0.687389252755091,0.991449208709738,0.840877018101133,0.48818885480328,0.0112068573436711,-0.512499608752318
219,"Male","Strict recommended/common 5th-95th",-2.09398590058888,-8.23945300970882,0.667994512505326,0.685006669639719,0.985452710850916,0.813488392855323,0.404962794792401,0.0112068573436716,-0.592102439327862
220,"Female","Primary common 1st-99th",-1.84185781659155,-11.0087799548645,0.543291105449002,0.554656045883624,0.889083045140047,0.886861092127808,0.564083066913468,0.355940083495843,-0.190684754539986
220,"Female","Strict recommended/common 5th-95th",-1.86587042947519,-11.0730149564519,0.542899239299492,0.55425582336661,0.767030195227074,0.840699715387017,0.55582364315835,0.355940083495843,-0.220882912618619
220,"Male","Primary common 1st-99th",-2.04922304209101,-8.11839983262971,0.672364667290161,0.688804788669476,0.987159704410013,0.861567936078622,0.467556454297498,0.0207972608567412,-0.422355158002681
220,"Male","Strict recommended/common 5th-95th",-2.15169560214488,-8.48820257845743,0.669658605255028,0.686032573618229,0.979842219208539,0.845356393090126,0.37700710343519,0.0207972608567416,-0.438712207091713
221,"Female","Primary common 1st-99th",-1.82679675457847,-10.8858037986511,0.537675301390658,0.548816937776569,0.893785291865696,0.85403983673243,0.556556398883663,0.345254104951121,-0.271517735448338
221,"Female","Strict recommended/common 5th-95th",-1.82815184873425,-10.8426960858501,0.537935680816949,0.549082554693906,0.781468469484492,0.828317147083432,0.533728455229643,0.345254104951121,-0.265331442628018
221,"Male","Primary common 1st-99th",-1.93748853663459,-7.66784919993767,0.685827304611547,0.698008087897224,0.985677530615731,0.865007758848717,0.469793990363967,0.0268596683006834,-0.414965296919788
221,"Male","Strict recommended/common 5th-95th",-2.07710408181911,-8.18806478531007,0.681963288076573,0.69407545744286,0.981361736223358,0.84206975705241,0.375993869116396,0.0268596683006838,-0.466634376455215
222,"Female","Primary common 1st-99th",-1.78729689854582,-10.6738267169101,0.548001846697918,0.558526736150339,0.914264044046699,0.883441008482084,0.498919874945045,0.311253037957534,-0.210670518342839
222,"Female","Strict recommended/common 5th-95th",-1.83545259447927,-10.8902250294609,0.546674569350024,0.557173806530064,0.817169457069259,0.838656472220911,0.485830408792511,0.311253037957533,-0.252217683947535
222,"Male","Primary common 1st-99th",-2.02653424868019,-8.03562590680582,0.675699303782667,0.691746173599225,0.983490033873445,0.869196672890206,0.475387692860639,0.0588301992328922,-0.389522519478847
222,"Male","Strict recommended/common 5th-95th",-2.12549644648617,-8.38971673128406,0.673097710573013,0.689082809980372,0.970931356616216,0.855622212725476,0.396732567969692,0.0588301992328926,-0.384596484730093
223,"Female","Primary common 1st-99th",-1.85049925897411,-11.0384843168525,0.545748299914771,0.555399801231102,0.892709697040931,0.866354341850268,0.556778633977221,0.350009394027236,-0.24571419836847
223,"Female","Strict recommended/common 5th-95th",-1.89101314169451,-11.2237941527285,0.544611779124292,0.554243021052133,0.78102547000779,0.841929300843815,0.536594704573655,0.350009394027236,-0.235318788102424
223,"Male","Primary common 1st-99th",-1.98324660962994,-7.87446283832846,0.674701233923695,0.688103306237883,0.976455062129672,0.883387573036886,0.495874516539343,0.0469119222703199,-0.330590285842416
223,"Male","Strict recommended/common 5th-95th",-2.13011288749379,-8.39783246280871,0.67086827691396,0.684194226607031,0.972865993676485,0.838548197176352,0.410034061112243,0.0469119222703203,-0.448941783153241
224,"Female","Primary common 1st-99th",-1.84023615397494,-11.0334816376823,0.554499421331446,0.566020405119899,0.883151736470045,0.920334617608018,0.582819803041184,0.38476371233339,-0.116038431844414
224,"Female","Strict recommended/common 5th-95th",-1.86424660775923,-11.0796221396653,0.554212135433667,0.565726988606979,0.757471453543874,0.876542974380035,0.579849441053411,0.38476371233339,-0.139621547985116
224,"Male","Primary common 1st-99th",-2.09903086956052,-8.3229754074183,0.673132383748312,0.68953942417343,0.989743849953477,0.863631518400965,0.446871771108127,0.0381217187334245,-0.42285591820634
224,"Male","Strict recommended/common 5th-95th",-2.20078142366789,-8.67887790969782,0.6705192480344,0.68686260891213,0.984138196648433,0.837244398167368,0.372938768961305,0.0381217187334249,-0.486455748327134
225,"Female","Primary common 1st-99th",-1.83962176790975,-11.0006718929253,0.55055092076547,0.561433343503046,0.89654713197048,0.891834783281819,0.544824304983663,0.347901681995411,-0.181704132256328
225,"Female","Strict recommended/common 5th-95th",-1.86034653097879,-11.0515571251226,0.550236436396597,0.561112481841515,0.786600919213532,0.86543127474872,0.533679131470426,0.347901681995411,-0.167371943137925
225,"Male","Primary common 1st-99th",-2.02734861432952,-8.03677468874374,0.688495995768657,0.699326671212999,0.972731626106326,0.871868070543789,0.534961710100401,0.015903423173714,-0.395510855087673
225,"Male","Strict recommended/common 5th-95th",-2.22005403622978,-8.74480849203903,0.683195253140888,0.693942557226655,0.978275320092355,0.819034585153828,0.418769204544105,0.0159034231737143,-0.578908662056809
226,"Female","Primary common 1st-99th",-1.77256803142034,-10.5734397924074,0.560252575356201,0.572109984587825,0.902701223844759,0.871019840721711,0.531317746945712,0.325831884832397,-0.233041774800292
226,"Female","Strict recommended/common 5th-95th",-1.80472491577113,-10.6885834273884,0.559531504697818,0.571373488557258,0.786574211617431,0.798811862540666,0.524333245351115,0.325831884832397,-0.334973307288222
226,"Male","Primary common 1st-99th",-1.9386770718015,-7.68055649133988,0.689917320261902,0.709158058796137,0.98658018333299,0.870805192427754,0.452612439301702,-0.0130766835411764,-0.405445382569497
226,"Male","Strict recommended/common 5th-95th",-2.07387968258355,-8.17827326252835,0.686197862358481,0.7053348848674,0.982689982565632,0.846578383165887,0.364833555525914,-0.013076683541176,-0.47412816306022
227,"Female","Primary common 1st-99th",-1.78559817354656,-10.7006792075984,0.558205449599217,0.569309697122222,0.899738444207274,0.918176512296821,0.537300501240196,0.347661415797861,-0.121633056903387
227,"Female","Strict recommended/common 5th-95th",-1.81824537950712,-10.7975790439001,0.55760002877214,0.568692070170306,0.785309357480843,0.860583719994884,0.534410237391802,0.34766141579786,-0.178864205107706
227,"Male","Primary common 1st-99th",-1.9291111422311,-7.65110046579372,0.685483588348162,0.698494230227389,0.980149862934009,0.880557875893104,0.476800519637369,0.02272374190155,-0.368780833584003
227,"Male","Strict recommended/common 5th-95th",-2.10086922994497,-8.28458974212795,0.68078140487875,0.693702812473225,0.980005621800396,0.844851125784305,0.377092512363361,0.0227237419015504,-0.486086297516169
228,"Female","Primary common 1st-99th",-1.86609847120771,-11.1425633876142,0.546738813073617,0.557196201018049,0.904531137074546,0.873956918028107,0.526140910624571,0.32623037630621,-0.221378935750249
228,"Female","Strict recommended/common 5th-95th",-1.8830456676839,-11.17152063557,0.54656093009681,0.557014755697721,0.796633211678948,0.831114089317963,0.513473565199268,0.326230376306209,-0.246979218479639
228,"Male","Primary common 1st-99th",-2.05879954699518,-8.18478603058243,0.665376255536736,0.68175472243039,0.98351030300422,0.884793005372689,0.447490186549131,0.0198419565609456,-0.342266328635102
228,"Male","Strict recommended/common 5th-95th",-2.16935935923155,-8.55604599098307,0.662685822052988,0.678998076914855,0.977130340444796,0.842429520548499,0.390541263128433,0.0198419565609461,-0.464386282478186
229,"Female","Primary common 1st-99th",-1.8606379604088,-11.1474520053065,0.534916716839756,0.547528535636087,0.9028029901129,0.909527669753361,0.528167351615046,0.340032575215356,-0.142803952512039
229,"Female","Strict recommended/common 5th-95th",-1.86249643927672,-11.0700413612791,0.53538303278941,0.548005689638641,0.796686502637399,0.877746729468728,0.521804999418083,0.340032575215356,-0.143231941645662
229,"Male","Primary common 1st-99th",-2.05672599612011,-8.18579555031864,0.696447685409077,0.710860910008892,0.986663510051736,0.892379149852719,0.411716401406402,0.048077707415338,-0.309972024056236
229,"Male","Strict recommended/common 5th-95th",-2.17287987082099,-8.59158633209853,0.693369655314564,0.707719192921647,0.981228678937155,0.878329804190398,0.329861412197347,0.0480777074153387,-0.31139864963022
230,"Female","Primary common 1st-99th",-1.82089904141603,-10.8655866887022,0.544995836295234,0.555753879088523,0.909275799563409,0.871915382933203,0.514444143625979,0.314571387927719,-0.235989726609122
230,"Female","Strict recommended/common 5th-95th",-1.85802791924976,-11.0285964512793,0.543999433827183,0.554737647952425,0.810684949513308,0.847122257460987,0.495739248749994,0.314571387927718,-0.230555992357768
230,"Male","Primary common 1st-99th",-1.97456100979287,-7.8430566607259,0.675302666996592,0.692411345522544,0.985489931474356,0.884353730704304,0.434512148931967,0.0289442727177296,-0.353566956735218
230,"Male","Strict recommended/common 5th-95th",-2.08768414480861,-8.2297468329912,0.672469152866911,0.689506058902722,0.984677437189096,0.8404514884816,0.366266598420104,0.0289442727177298,-0.497035783965295
231,"Female","Primary common 1st-99th",-1.77990361023609,-10.6368589340842,0.539503103157387,0.550546810984541,0.893860693632381,0.890302939026394,0.55182365616218,0.352336116816917,-0.186329429195897
231,"Female","Strict recommended/common 5th-95th",-1.81957715660111,-10.794631492805,0.538550885282106,0.549574943101833,0.774948951868717,0.837188016918178,0.544128101994941,0.352336116816916,-0.236457752080706
231,"Male","Primary common 1st-99th",-1.94683936739373,-7.68143525777804,0.677802044651778,0.692610781705646,0.985200350902047,0.844814808846249,0.513818572740169,-0.00455343418563169,-0.48991375953577
231,"Male","Strict recommended/common 5th-95th",-2.08129417301603,-8.18863026815522,0.674078278217643,0.688805671422709,0.978474923107536,0.814311407839362,0.424973223843833,-0.00455343418563144,-0.576592939476506
232,"Female","Primary common 1st-99th",-1.80947218934487,-10.8124328938591,0.553679522789102,0.565100759077418,0.894497979422382,0.88586330516579,0.550345094727424,0.353505383942103,-0.200146921684864
232,"Female","Strict recommended/common 5th-95th",-1.83090416157569,-10.8647705957891,0.553354902649611,0.564769280533791,0.777531649218393,0.841395407306167,0.541358660016944,0.353505383942103,-0.235956293399377
232,"Male","Primary common 1st-99th",-1.93538986738272,-7.66332081201278,0.688597268047617,0.700173022477793,0.988477089384822,0.866823693785297,0.448309816379257,0.0154964513155814,-0.418365092693016
232,"Male","Strict recommended/common 5th-95th",-2.05693647846163,-8.10626481781659,0.685294085601856,0.696814325179705,0.984184743345433,0.838816940211426,0.370459524374523,0.0154964513155818,-0.498715730138251
233,"Female","Primary common 1st-99th",-1.7848142438089,-10.6549535675906,0.551884545809336,0.56430632990032,0.889316692125847,0.877282014994457,0.563888922710804,0.353439393257937,-0.213398430141675
233,"Female","Strict recommended/common 5th-95th",-1.80050675066937,-10.6762917362752,0.551753033128264,0.564171695175918,0.765784280237026,0.826749513080005,0.554692356418622,0.353439393257937,-0.256753444100265
233,"Male","Primary common 1st-99th",-1.91159581325311,-7.57308233497623,0.679880383897564,0.693428397406862,0.979587140707679,0.873728746137642,0.491549583053013,0.00451302449315927,-0.400311448424572
233,"Male","Strict recommended/common 5th-95th",-2.00815226713565,-7.91576787397001,0.677359686693188,0.690857484442439,0.973252117550746,0.849234706241814,0.395747848275162,0.00451302449315979,-0.479477045013991
234,"Female","Primary common 1st-99th",-1.83842545984607,-10.9507638726256,0.550931518339077,0.562017377616373,0.899822189299131,0.85087018626908,0.543145440199795,0.326358758544275,-0.27545581554906
234,"Female","Strict recommended/common 5th-95th",-1.86466467887849,-11.0499981590235,0.550317867639827,0.561391217125719,0.787025532878784,0.806494724366721,0.524136728696902,0.326358758544275,-0.308469938221111
234,"Male","Primary common 1st-99th",-1.9830145325567,-7.90310173885768,0.676451637561405,0.68983209599652,0.981608622179453,0.903937760662971,0.431428348488891,0.0930027822950817,-0.259761103752996
234,"Male","Strict recommended/common 5th-95th",-2.06495329168422,-8.16163999235791,0.674552729018268,0.687895640164676,0.965291301316906,0.878197147324646,0.395821958122144,0.0930027822950823,-0.286300676007074
235,"Female","Primary common 1st-99th",-1.83136083073919,-10.9475200340998,0.534266358683719,0.545798893915853,0.891330609487301,0.88979304009979,0.558331510159359,0.356089399625094,-0.187753678464395
235,"Female","Strict recommended/common 5th-95th",-1.86628720727243,-11.0802205991049,0.533470511462677,0.544985711056751,0.774034937889536,0.851035942947149,0.54834020552845,0.356089399625095,-0.203992881588055
235,"Male","Primary common 1st-99th",-1.98639977504084,-7.89481458424575,0.671950645285348,0.685898230824479,0.98520351193553,0.888200526440343,0.429756665235482,0.0448355650982451,-0.326733518688127
235,"Male","Strict recommended/common 5th-95th",-2.12650869844671,-8.39348348920996,0.668312675259143,0.682184761500119,0.982316770445281,0.855895296603185,0.353512978047078,0.0448355650982456,-0.404900745633086
236,"Female","Primary common 1st-99th",-1.77153247400258,-10.5599399443617,0.560515435364373,0.572482109652779,0.90446064103265,0.863735389499545,0.528509404874055,0.322342733256248,-0.248045372627928
236,"Female","Strict recommended/common 5th-95th",-1.7971562349056,-10.652721961319,0.559934274719447,0.571888376844602,0.796183615719755,0.819573597657046,0.513027587574872,0.322342733256248,-0.281911623197651
236,"Male","Primary common 1st-99th",-2.04745733054865,-8.1166329431224,0.676325594971328,0.693154944382425,0.983877010895238,0.865545872174892,0.479854367324621,0.0106379224280208,-0.402394978550862
236,"Male","Strict recommended/common 5th-95th",-2.14778657070494,-8.46036930674784,0.673795510449636,0.690561916074903,0.971862838002661,0.825147656113824,0.430215906357333,0.0106379224280214,-0.503313734106472
237,"Female","Primary common 1st-99th",-1.8361450433218,-10.9871468307678,0.552319972572822,0.563234222976505,0.886913539113422,0.901008019545354,0.570122518737739,0.371174984577889,-0.160627680012436
237,"Female","Strict recommended/common 5th-95th",-1.8810108511281,-11.1689194680105,0.55119237611723,0.562084182924773,0.764175832806086,0.853250988602731,0.562912123126272,0.371174984577889,-0.194600126049548
237,"Male","Primary common 1st-99th",-1.993394828014,-7.86567532465305,0.679562922930676,0.690670771193345,0.989978484313751,0.83933745859735,0.499901326050441,0.0199620508251073,-0.512785076954844
237,"Male","Strict recommended/common 5th-95th",-2.09222791811695,-8.23397863646237,0.676846452028391,0.687909911462346,0.984272179134823,0.815592980028763,0.405324316545209,0.0199620508251078,-0.574645655958629
238,"Female","Primary common 1st-99th",-1.86528114032208,-11.1586266716867,0.538839293221419,0.549917225506268,0.87398704523851,0.895408829675266,0.602481513703092,0.392057882888759,-0.172479291663602
238,"Female","Strict recommended/common 5th-95th",-1.89373816577141,-11.2506324806167,0.538281546725099,0.549347854801631,0.745549631563437,0.865801126058266,0.59366785868825,0.39205788288876,-0.163830175051217
238,"Male","Primary common 1st-99th",-2.07975103688466,-8.26129092586352,0.687688355744002,0.70588091008131,0.990085446904318,0.876157957172045,0.417913915898913,0.0453471228434685,-0.375745685843308
238,"Male","Strict recommended/common 5th-95th",-2.17160596748844,-8.56196376187557,0.685434518739602,0.703567462379656,0.984485478162356,0.836344014461044,0.373031975591588,0.045347122843469,-0.484899503146585
239,"Female","Primary common 1st-99th",-1.78229714424925,-10.6614271440462,0.545699220032102,0.557401521449532,0.906817095354071,0.901364507187199,0.517103804785995,0.330489405054043,-0.173863035872308
239,"Female","Strict recommended/common 5th-95th",-1.83924003260678,-10.9256211107725,0.544085756768421,0.555753297891289,0.806605735858493,0.866444260675727,0.504591753965929,0.330489405054043,-0.194655149121708
239,"Male","Primary common 1st-99th",-1.97410612643086,-7.8349987298796,0.66860958022866,0.68435402852187,0.989491657265151,0.879137171587866,0.416019951933093,0.0190842956231648,-0.380581873333234
239,"Male","Strict recommended/common 5th-95th",-2.09815344088767,-8.28139919015917,0.665371228935774,0.681039433814119,0.986738488365274,0.85747724226525,0.333371445803724,0.0190842956231654,-0.442000561157206
240,"Female","Primary common 1st-99th",-1.83812321896328,-10.9847322714639,0.55760071025644,0.568703979545452,0.895355116160727,0.883886920298171,0.548272951215297,0.349120507673798,-0.199525031750376
240,"Female","Strict recommended/common 5th-95th",-1.8448011044053,-10.9416960500615,0.557870589172914,0.568979069556351,0.775666796796276,0.827752601185392,0.541497541236743,0.349120507673798,-0.257869891043769
240,"Male","Primary common 1st-99th",-1.99904370896324,-7.9306361446049,0.67823776535936,0.692026707409763,0.986713243925506,0.875540209512754,0.442499262786494,0.0488637507927819,-0.378495857772417
240,"Male","Strict recommended/common 5th-95th",-2.13412961886217,-8.41869676055162,0.674642474926787,0.688358336372495,0.982420621985721,0.84772212431951,0.364252994028708,0.0488637507927823,-0.447308438981884
241,"Female","Primary common 1st-99th",-1.83530204573428,-10.9489235718803,0.550379302374051,0.561740305384702,0.90027733662559,0.867035338505547,0.538129242434144,0.331756142112417,-0.239142334311052
241,"Female","Strict recommended/common 5th-95th",-1.85759536403999,-11.0161928263202,0.549963838347319,0.561316103802039,0.788622135524654,0.824419530482409,0.523579900910701,0.331756142112418,-0.26729118167165
241,"Male","Primary common 1st-99th",-2.03482805925607,-8.08005131966471,0.689889765369848,0.709075381490566,0.988058380857771,0.8782053963242,0.428056681805947,0.0425818320958044,-0.364571801786684
241,"Male","Strict recommended/common 5th-95th",-2.14606058351985,-8.47371310567368,0.686935258596608,0.706038724671387,0.982580271874571,0.859702867055731,0.347384290010302,0.0425818320958049,-0.389291467604652
242,"Female","Primary common 1st-99th",-1.7967003132356,-10.7660738269149,0.542440766478485,0.553013751121701,0.892377744971968,0.916282861603555,0.557278778889732,0.36593194660178,-0.134297902613048
242,"Female","Strict recommended/common 5th-95th",-1.82348421294094,-10.8363521026881,0.542013841383858,0.552578346547223,0.775583108683213,0.87774482197452,0.553303860251224,0.36593194660178,-0.157688044717604
242,"Male","Primary common 1st-99th",-2.05675742358347,-8.161544275178,0.682269298571669,0.700232014048934,0.988511778278093,0.872614387144487,0.436144282221714,0.0191739536692668,-0.402846487820445
242,"Male","Strict recommended/common 5th-95th",-2.18820230168519,-8.62620262549241,0.678817399550917,0.696689247627981,0.987065461106937,0.832799822454076,0.36925360515539,0.0191739536692671,-0.535973696400178
243,"Female","Primary common 1st-99th",-1.81685144375264,-10.8827270959472,0.546256126365405,0.557768579798362,0.891768473733601,0.910684939162802,0.558230660197812,0.367938736492491,-0.143835210749672
243,"Female","Strict recommended/common 5th-95th",-1.83422603295604,-10.9117299195061,0.546078639290538,0.557587192336466,0.783215832808928,0.900563959548956,0.549209290065931,0.367938736492491,-0.0955265380662991
243,"Male","Primary common 1st-99th",-2.00060786103179,-7.90645894825609,0.693876253929196,0.70746392283666,0.989843114160591,0.850555176790195,0.475107283312973,0.0266022939682036,-0.481787541839112
243,"Male","Strict recommended/common 5th-95th",-2.13259021660782,-8.40220352716849,0.690141136087121,0.703655676790568,0.987097392825864,0.829850121984139,0.373752847033467,0.026602293968204,-0.543473209159218
244,"Female","Primary common 1st-99th",-1.90791105951433,-11.3593293235712,0.55079024556804,0.560271850255309,0.909090696128426,0.838494309432178,0.525838865437908,0.308164080944837,-0.310771651653445
244,"Female","Strict recommended/common 5th-95th",-1.91850442870882,-11.3690451722264,0.550730168024207,0.560210576908275,0.805710864045358,0.798946995636897,0.500124385265396,0.308164080944837,-0.343602677674244
244,"Male","Primary common 1st-99th",-2.07367570802799,-8.17787591101252,0.680990385179927,0.696467953978019,0.973717128996545,0.832134535308339,0.596268642584552,-0.0228370705041957,-0.545950294837045
244,"Male","Strict recommended/common 5th-95th",-2.16530797612857,-8.55009218660455,0.67822993093226,0.693644774076566,0.958154091302857,0.861155790793332,0.436078290331934,-0.0228370705041954,-0.414071902088933
245,"Female","Primary common 1st-99th",-1.77927519425831,-10.6834579371239,0.554604926497822,0.565839073506438,0.894809272031277,0.939111770102003,0.555013252402487,0.368045693378628,-0.0769456601604906
245,"Female","Strict recommended/common 5th-95th",-1.81655641025549,-10.809955435085,0.553819741873457,0.565037822523885,0.784009613646042,0.910038434075541,0.551411321241686,0.368045693378629,-0.0673588159528094
245,"Male","Primary common 1st-99th",-1.99138559113284,-7.88746427036016,0.682298148300214,0.699217164312421,0.979282017375626,0.866457757079353,0.505729558694723,0.0306041232622521,-0.399589331640852
245,"Male","Strict recommended/common 5th-95th",-2.12570784384482,-8.37459758348264,0.678689897722526,0.695519453653422,0.970577828069915,0.82956446261091,0.428604578506297,0.0306041232622526,-0.492535960570948
246,"Female","Primary common 1st-99th",-1.82011564072284,-10.8885119380398,0.545958037332871,0.556652088426883,0.912064409747427,0.897862394593246,0.50287606893915,0.322310429585083,-0.176510425217698
246,"Female","Strict recommended/common 5th-95th",-1.8497849126248,-10.9852572234409,0.545365599266278,0.556047886207055,0.812776752941339,0.858314313557835,0.494207515954458,0.322310429585084,-0.203677865371499
246,"Male","Primary common 1st-99th",-2.0504087302528,-8.12459645891004,0.676326638142292,0.692331907826171,0.988465724605109,0.862186507315493,0.458116413319633,0.0195791064448944,-0.42616276208017
246,"Male","Strict recommended/common 5th-95th",-2.14937895269833,-8.47094836872637,0.673777076545879,0.689722024402214,0.981725654302059,0.831666048788805,0.389468942158305,0.0195791064448949,-0.504076823416897
247,"Female","Primary common 1st-99th",-1.81014591098119,-10.8047154938425,0.542239676254551,0.553282965612307,0.900162269586054,0.876529024869835,0.536816598329371,0.336955118893897,-0.225299091813603
247,"Female","Strict recommended/common 5th-95th",-1.85821956558061,-11.0227720877909,0.54091434656037,0.551930484885403,0.789420162421533,0.831103906417823,0.523307070719269,0.336955118893898,-0.267469012734125
247,"Male","Primary common 1st-99th",-2.0726863230526,-8.19905419928541,0.672987610386845,0.689321159933792,0.989487067708566,0.850093969231719,0.478232103275087,0.02722213197469,-0.474172305556638
247,"Male","Strict recommended/common 5th-95th",-2.18022130397175,-8.59529652508533,0.670082834349742,0.686345897842561,0.984159314803956,0.834348659281429,0.377147931997902,0.0272221319746904,-0.503623147967073
248,"Female","Primary common 1st-99th",-1.81163510139253,-10.8398649608415,0.542654568194586,0.554864550962763,0.899699520753,0.900037472307939,0.536395346924556,0.342488146846984,-0.166312383507708
248,"Female","Strict recommended/common 5th-95th",-1.83636126173878,-10.9010698059473,0.542282345214693,0.554483793924303,0.786166970890274,0.849975286705067,0.530914064907375,0.342488146846985,-0.212104896342587
248,"Male","Primary common 1st-99th",-2.05390383780855,-8.17438757606591,0.65792673508604,0.672199486903238,0.988925912024667,0.891543263396365,0.395913314722737,0.0424956254711789,-0.323986925889441
248,"Male","Strict recommended/common 5th-95th",-2.15963825324726,-8.53122010168344,0.655370097856581,0.669587400357959,0.98374040807388,0.865411698675026,0.335013368345911,0.0424956254711793,-0.383556288476997
249,"Female","Primary common 1st-99th",-1.84924690170456,-11.0404281006133,0.544767718900076,0.557870046827477,0.888664249175897,0.87395754476574,0.565750203452054,0.351825418703686,-0.219598750512438
249,"Female","Strict recommended/common 5th-95th",-1.86827310329433,-11.0859139096218,0.544489463952889,0.55758493931555,0.768904821972522,0.837693985562839,0.552577003020295,0.351825418703686,-0.227155722266096
249,"Male","Primary common 1st-99th",-2.04189376783091,-8.1127394642126,0.675247911825967,0.69019971515904,0.979464749260842,0.877399773802011,0.486262998551855,0.0601582205225152,-0.367657934141084
249,"Male","Strict recommended/common 5th-95th",-2.05444365419547,-8.10021969362356,0.675339968705222,0.690293824315215,0.96347483949965,0.847052872509819,0.431528718149601,0.0601582205225157,-0.428960172067311
250,"Female","Primary common 1st-99th",-1.75843075697106,-10.5448146184882,0.554882871887147,0.564374368429867,0.904611179831112,0.927272075628228,0.524650859853993,0.340972801318233,-0.106519253703069
250,"Female","Strict recommended/common 5th-95th",-1.80483625077268,-10.7242399657483,0.553770205380732,0.563242507919082,0.797364347734244,0.875470496151202,0.520230834222342,0.340972801318233,-0.155185288383736
250,"Male","Primary common 1st-99th",-1.99756522748396,-7.89409080194927,0.677023252094405,0.689790029407136,0.986999794675396,0.84972482881703,0.493401478531012,0.037406612445518,-0.463843648709948
250,"Male","Strict recommended/common 5th-95th",-2.11033368792891,-8.31197190962116,0.67395167723413,0.686660546695347,0.98040793701973,0.826235205227067,0.401680811953019,0.0374066124455184,-0.510585898088494
251,"Female","Primary common 1st-99th",-1.83674914724003,-10.9594237418884,0.555658164708408,0.568009825224069,0.895691043224729,0.868857013360807,0.549112318846759,0.340930441866451,-0.236682709778816
251,"Female","Strict recommended/common 5th-95th",-1.86300848843146,-11.0422071072289,0.555141850369789,0.567481870551392,0.775793023499073,0.809960671186651,0.538973542524869,0.340930441866451,-0.305413499725411
251,"Male","Primary common 1st-99th",-1.96648217358818,-7.78393310406292,0.685936794258877,0.698252463267826,0.976924800064401,0.865485764085196,0.521027016775122,0.0548578704182031,-0.405116869533005
251,"Male","Strict recommended/common 5th-95th",-2.1071391086142,-8.31018663313337,0.682022381819726,0.694267783724319,0.973371048548857,0.846870095483187,0.398150945116331,0.0548578704182036,-0.439071325446544
252,"Female","Primary common 1st-99th",-1.83858403467251,-10.9542490307003,0.541304835994213,0.552904622659493,0.889743196392273,0.851983702231256,0.566459942857307,0.349372444400209,-0.272168845711851
252,"Female","Strict recommended/common 5th-95th",-1.84747547241651,-10.9478494706968,0.541344026952226,0.552944494397625,0.767876205916308,0.807039013466199,0.548922013130504,0.34937244440021,-0.306653420077988
252,"Male","Primary common 1st-99th",-1.9475231570076,-7.67996069260395,0.688760501989535,0.704132314447044,0.973777635006104,0.843235694304651,0.575902178585735,0.030899922288432,-0.47446624322566
252,"Male","Strict recommended/common 5th-95th",-2.10300299965129,-8.27454730564762,0.68432459941862,0.699597425193995,0.959314575937784,0.814100942623202,0.480267012672099,0.0308999222884323,-0.535131566019856
253,"Female","Primary common 1st-99th",-1.85205471011728,-11.0552399176713,0.546456920047059,0.557851870647111,0.897544265105034,0.870836103342548,0.54422599113557,0.341196193287398,-0.233957476200489
253,"Female","Strict recommended/common 5th-95th",-1.86103533682935,-11.0358586523075,0.54657628461876,0.557973564150958,0.781521149657393,0.821878226881636,0.532790541437919,0.341196193287397,-0.282479315695574
253,"Male","Primary common 1st-99th",-2.05432979934554,-8.1558762690626,0.682208813908009,0.694536909565306,0.984569219301575,0.875619202855614,0.456624805315848,0.0530655036740465,-0.366405620713135
253,"Male","Strict recommended/common 5th-95th",-2.1564641118791,-8.50178380638826,0.679639502737973,0.691921182549562,0.975990195447052,0.837268335834123,0.401179617652245,0.0530655036740469,-0.458781450521622
254,"Female","Primary common 1st-99th",-1.7944725295446,-10.7152692813188,0.550280102833069,0.561344219301363,0.900377257581389,0.880080904232034,0.535805841273733,0.339088093226951,-0.215580900191326
254,"Female","Strict recommended/common 5th-95th",-1.82210210473925,-10.8141209414514,0.549671152573904,0.5607228639403,0.791582429960472,0.84630729434824,0.522593400495135,0.339088093226951,-0.229044338409099
254,"Male","Primary common 1st-99th",-2.06358134700651,-8.19646934854664,0.677511222051598,0.692763170410637,0.991402286313216,0.877074212892051,0.406485524817797,0.0597059760442435,-0.379544627055944
254,"Male","Strict recommended/common 5th-95th",-2.15670768469639,-8.5180855347914,0.67513774538271,0.690336276121854,0.987016113920982,0.862444826029166,0.325050423995265,0.0597059760442439,-0.400044258710699
255,"Female","Primary common 1st-99th",-1.82397353364601,-10.8872562509111,0.552033392714899,0.56268322295704,0.894983509639344,0.875637280237016,0.549952237980908,0.341735430293773,-0.217041990174089
255,"Female","Strict recommended/common 5th-95th",-1.8723012267545,-11.1049489391876,0.550685129555951,0.561308787192118,0.778953705099726,0.82676639659848,0.536903179550872,0.341735430293772,-0.253885753000028
255,"Male","Primary common 1st-99th",-2.02043737097405,-8.03384165620053,0.680844465509507,0.695776329563032,0.98262014358245,0.890234200884959,0.444665556550611,0.0458154299743245,-0.315530030907772
255,"Male","Strict recommended/common 5th-95th",-2.17632059389979,-8.59429651010599,0.67669535731246,0.691536239421989,0.978644831995787,0.860822313051696,0.361679893939064,0.045815429974325,-0.378551107665295
256,"Female","Primary common 1st-99th",-1.77527750473214,-10.6259579681487,0.547907480951799,0.560294530201057,0.897699043587009,0.906632340406101,0.541953076513778,0.338399114719991,-0.144801946280047
256,"Female","Strict recommended/common 5th-95th",-1.81160371673251,-10.7539421765615,0.547123164093227,0.559492321196677,0.782020770824619,0.852465256182302,0.537315086310679,0.338399114719992,-0.190438173666462
256,"Male","Primary common 1st-99th",-1.99416408415372,-7.89776467330931,0.685015914052169,0.697027712359853,0.986890867747764,0.863608838111981,0.465040803892869,0.0934223699714884,-0.410650415208835
256,"Male","Strict recommended/common 5th-95th",-2.10156534280575,-8.27938000222435,0.682177682529103,0.694139725860865,0.97792892710303,0.831688311832219,0.402155981612075,0.0934223699714891,-0.4803632412563
257,"Female","Primary common 1st-99th",-1.78603398548879,-10.6839308153111,0.542595578104528,0.554235860286226,0.874286025618057,0.90087248684411,0.602444468837952,0.388809494939188,-0.15578974345314
257,"Female","Strict recommended/common 5th-95th",-1.83442563616556,-10.8876500038161,0.541358270813649,0.552971850214137,0.739547947718665,0.847125304308919,0.596106740633148,0.388809494939189,-0.19714263091056
257,"Male","Primary common 1st-99th",-2.02237337469544,-8.0428861701433,0.667399302396689,0.683521368456357,0.990125404744823,0.887137912909041,0.395176250774405,0.0814147078937417,-0.333948576368307
257,"Male","Strict recommended/common 5th-95th",-2.10610283507679,-8.31380737182571,0.665433085382959,0.681507667669251,0.984143629166907,0.857773053775131,0.343639422283436,0.0814147078937424,-0.397274074634291
258,"Female","Primary common 1st-99th",-1.8754425554104,-11.183270704812,0.545257659634666,0.557459607849198,0.890310954350672,0.859126879415006,0.563723906264235,0.345048037623018,-0.255056414069896
258,"Female","Strict recommended/common 5th-95th",-1.89666053735161,-11.2538484590358,0.544824664166255,0.55701676212959,0.775164042599301,0.833428938768815,0.543140552297947,0.345048037623019,-0.240517055489716
258,"Male","Primary common 1st-99th",-1.97831981569701,-7.86380684174932,0.691892695362329,0.707704980345152,0.985280347717196,0.889417381449807,0.427094264593378,0.0556571446268671,-0.319487285056433
258,"Male","Strict recommended/common 5th-95th",-2.11203531108075,-8.34078048637823,0.688310938629992,0.704041381217555,0.980205523716538,0.864901141637492,0.350400402086575,0.0556571446268673,-0.362103165101729
259,"Female","Primary common 1st-99th",-1.80898613137702,-10.8116385427297,0.549381318972374,0.560212689516883,0.894725900831446,0.888697925525317,0.549639256091038,0.349854999575421,-0.193883677436753
259,"Female","Strict recommended/common 5th-95th",-1.84041328059746,-10.920875635426,0.548708733500062,0.559526682897218,0.777353342645629,0.840485637089589,0.54142998895401,0.349854999575421,-0.238095799643241
259,"Male","Primary common 1st-99th",-2.02130208192665,-7.98175341604911,0.675080261112011,0.693219012918833,0.990114230037163,0.84247054487657,0.491932950300747,0.0368249305753039,-0.498049265192889
259,"Male","Strict recommended/common 5th-95th",-2.1226301581133,-8.36255363101644,0.67228662289704,0.690350325875077,0.984710643070226,0.829045168723704,0.3832093987012,0.0368249305753044,-0.515044191173131
260,"Female","Primary common 1st-99th",-1.79470167189338,-10.7130253236374,0.551919753796425,0.563081618531887,0.903893792535404,0.876413982976892,0.52733718724777,0.332675952672201,-0.219632739338716
260,"Female","Strict recommended/common 5th-95th",-1.82051542537213,-10.7932540100543,0.551424120338123,0.562575799919504,0.792641566335221,0.822057739103433,0.517954233878841,0.332675952672201,-0.277485196802576
260,"Male","Primary common 1st-99th",-1.87205881713211,-7.44785585012432,0.680319138103071,0.690757917652494,0.969493385124942,0.905469877330225,0.513307524612981,0.0276012432092793,-0.260037909004194
260,"Male","Strict recommended/common 5th-95th",-2.0693112591484,-8.16390404050186,0.675055766304055,0.685413799211093,0.976805958085386,0.854758257936607,0.376162035022757,0.0276012432092798,-0.417800790572683
261,"Female","Primary common 1st-99th",-1.81452236725143,-10.8897119362473,0.545735904975186,0.556550910308278,0.897183298538034,0.933041163168647,0.546853401688796,0.35376534876457,-0.0874564020092976
261,"Female","Strict recommended/common 5th-95th",-1.85998340721733,-11.0477812551153,0.544768132902655,0.555563800913946,0.778470679050919,0.8631415770423,0.54494221708055,0.353765348764569,-0.171346674528197
261,"Male","Primary common 1st-99th",-2.0684493706268,-8.18701479225726,0.674960581747141,0.689512078881468,0.987999434325685,0.855039387658914,0.476196323124768,0.0203797728087081,-0.452684467419948
261,"Male","Strict recommended/common 5th-95th",-2.18937668717501,-8.63690735598815,0.671653263676046,0.686133471718161,0.983446965961138,0.843212628536566,0.366780433698626,0.0203797728087084,-0.463549556833503
262,"Female","Primary common 1st-99th",-1.79947976976547,-10.7641559599703,0.55630318718479,0.566894066993413,0.898013346302344,0.897399647268467,0.540886057913512,0.348363173093898,-0.173463972391217
262,"Female","Strict recommended/common 5th-95th",-1.81765052680706,-10.7928901312907,0.55612435110624,0.566711663823242,0.785440144723925,0.857738137314491,0.533577284354244,0.348363173093898,-0.19653420682001
262,"Male","Primary common 1st-99th",-2.04628216277586,-8.11588982683149,0.684493848807832,0.699668584306802,0.990430791955273,0.86825868556022,0.432326516968722,0.0521548557173307,-0.405726513601098
262,"Male","Strict recommended/common 5th-95th",-2.13457151547488,-8.42078200902512,0.682222599356472,0.697346996514192,0.984753031131211,0.846629994266139,0.356968407160239,0.052154855717331,-0.448359774596562
263,"Female","Primary common 1st-99th",-1.80235625217292,-10.7664750904545,0.545540672736029,0.558348534900746,0.895531944320672,0.884434351315046,0.547785644617166,0.347500311069098,-0.202118893357154
263,"Female","Strict recommended/common 5th-95th",-1.84081164752313,-10.9241449588793,0.544577027727195,0.55736210564242,0.781074538149698,0.843045852945901,0.536736873382282,0.347500311069097,-0.227973909506753
263,"Male","Primary common 1st-99th",-2.00387023723681,-7.92345460438121,0.673330979861476,0.688350620892884,0.984278334278594,0.85334052111819,0.501388271154354,0.0257052586768926,-0.461722153778594
263,"Male","Strict recommended/common 5th-95th",-2.11265218268352,-8.30934589133091,0.670509114098349,0.685465823286969,0.973878175684944,0.808353229096442,0.446873904290043,0.025705258676893,-0.605261838451204
264,"Female","Primary common 1st-99th",-1.79768557523876,-10.7678781485323,0.54571542864135,0.557940415211495,0.888528187575618,0.91296157781073,0.567179678720668,0.366708789637437,-0.1293704922637
264,"Female","Strict recommended/common 5th-95th",-1.83330786117411,-10.8854366140817,0.544996766909728,0.557205494696434,0.764074282014687,0.856694978092454,0.563992586564381,0.366708789637438,-0.178179767657945
264,"Male","Primary common 1st-99th",-2.04328275378974,-8.08773842968631,0.680666934393548,0.693833773961834,0.990293806154425,0.855452419736028,0.461414637333739,0.0529419402128146,-0.449113048081544
264,"Male","Strict recommended/common 5th-95th",-2.13623757268482,-8.41747213148713,0.678225108211539,0.691344726547408,0.984792891988651,0.829593727629368,0.382096006550808,0.0529419402128151,-0.508100669536875
265,"Female","Primary common 1st-99th",-1.76396849825642,-10.5333965158509,0.550396765342964,0.562146353901441,0.900021909167413,0.880452162599132,0.536670697391895,0.339571462095388,-0.20985704341365
265,"Female","Strict recommended/common 5th-95th",-1.76523859856228,-10.4789077465795,0.550732271618866,0.562488861032451,0.79322804360379,0.85531573970527,0.521892043015105,0.339571462095389,-0.198058775907466
265,"Male","Primary common 1st-99th",-1.99499726450331,-7.92792514429119,0.663247141466119,0.678219769297697,0.982978244758438,0.883392365101018,0.453490194080997,0.0573628372954402,-0.341896637219129
265,"Male","Strict recommended/common 5th-95th",-2.05837690683558,-8.1031244248332,0.661985135126918,0.676929286936979,0.96473217730661,0.825836887198067,0.451013153671875,0.0573628372954405,-0.505371314975253
266,"Female","Primary common 1st-99th",-1.80419701618603,-10.8310260955956,0.547056160250163,0.558260700074244,0.891566856387107,0.935719716013161,0.563312633700852,0.37451730914357,-0.090129771278928
266,"Female","Strict recommended/common 5th-95th",-1.83593903125094,-10.9250012515195,0.546479906835954,0.557672484724057,0.778183733689672,0.908373109280614,0.559920189237054,0.374517309143569,-0.0844288037870063
266,"Male","Primary common 1st-99th",-2.01394790092182,-8.02011580302462,0.674627732972664,0.690750737164069,0.985208670088362,0.89772422796597,0.413679221676049,0.0670546638514332,-0.281745373423404
266,"Male","Strict recommended/common 5th-95th",-2.12026592536841,-8.37148162358937,0.672050690081038,0.688112118756788,0.977131516821756,0.860758534357305,0.367674444183488,0.0670546638514338,-0.358298423692133
267,"Female","Primary common 1st-99th",-1.81056339901425,-10.8614666662225,0.5421694556602,0.552854733210504,0.884523314860882,0.928195241276477,0.580895023339411,0.379950440291132,-0.0989072072947735
267,"Female","Strict recommended/common 5th-95th",-1.84542357263086,-10.9705301890827,0.541506382320718,0.552178433920907,0.760546200167273,0.884161092439052,0.577959016799448,0.379950440291133,-0.122547507313471
267,"Male","Primary common 1st-99th",-2.00113596746084,-7.9032343055262,0.669425619618856,0.686552217473386,0.990117522505264,0.845611046711224,0.484717008641877,0.00865346712611483,-0.500677238825088
267,"Male","Strict recommended/common 5th-95th",-2.11992000338583,-8.35436800805059,0.66614650900907,0.683189227455587,0.986465409273101,0.833609098111717,0.370129459392854,0.00865346712611499,-0.530258506389622
268,"Female","Primary common 1st-99th",-1.81830953805276,-10.8495314893596,0.543372221592513,0.555637361794191,0.899624876971242,0.870397811892262,0.539126633205365,0.32936583977825,-0.228268147485906
268,"Female","Strict recommended/common 5th-95th",-1.84210721261817,-10.9312032278101,0.542874721708389,0.555128472316361,0.791073990836391,0.840398200206527,0.522347720755068,0.32936583977825,-0.221199490574434
268,"Male","Primary common 1st-99th",-1.99551967040978,-7.90141603858536,0.673282705928753,0.682730098723881,0.982348317896789,0.863664702772754,0.492614913454464,0.0149552016685316,-0.429966257716324
268,"Male","Strict recommended/common 5th-95th",-2.10534177434075,-8.29428886404725,0.670410679594102,0.679817786658729,0.984307817350376,0.830658671665526,0.382147902592626,0.0149552016685319,-0.534675155653332
269,"Female","Primary common 1st-99th",-1.82472575739545,-10.8762147212101,0.547528019648174,0.558969805510843,0.895857480327215,0.859485375434906,0.550433350638605,0.33905337147153,-0.257146934456577
269,"Female","Strict recommended/common 5th-95th",-1.85920062388581,-11.0267668267165,0.54660340168141,0.558025704521891,0.783610807830108,0.826673596730456,0.530603348052088,0.33905337147153,-0.262538917065192
269,"Male","Primary common 1st-99th",-1.90640523713323,-7.56041058010307,0.690047460730381,0.70676832256206,0.97862200636317,0.879673223691336,0.48791239032719,-0.00737345012320095,-0.348306829829894
269,"Male","Strict recommended/common 5th-95th",-2.04552993835762,-8.06402203712142,0.686288133600034,0.702917915323094,0.966460841999226,0.845282672740047,0.423521330957741,-0.00737345012320059,-0.423957737115436
270,"Female","Primary common 1st-99th",-1.81238869548205,-10.8383388528498,0.540106654308193,0.55192693739231,0.896446889314589,0.896011232657731,0.545023516653917,0.346551865579689,-0.172209688094648
270,"Female","Strict recommended/common 5th-95th",-1.86056978240923,-11.035522346486,0.538912479887556,0.550706470195006,0.777150978220021,0.828985563930561,0.539682875070514,0.346551865579688,-0.253090400599549
270,"Male","Primary common 1st-99th",-1.97556601526723,-7.83639601191604,0.672255386485628,0.688781715466286,0.98371662216469,0.877954322247989,0.458012119059828,0.0222645359384857,-0.374362361197181
270,"Male","Strict recommended/common 5th-95th",-2.14098124973764,-8.45284646513441,0.667758956943871,0.684174761973321,0.981353543723925,0.860095890847245,0.351821837690512,0.0222645359384862,-0.413463502290109
271,"Female","Primary common 1st-99th",-1.82531364673859,-10.89731061785,0.555013458633613,0.566528056197147,0.885378747532494,0.876331242611234,0.573641919323722,0.35919390202365,-0.213727141974389
271,"Female","Strict recommended/common 5th-95th",-1.85613670541405,-11.0134124788916,0.554290564804501,0.565790001999761,0.762707033487715,0.837707311686818,0.561149997344638,0.359193902023651,-0.225020190766376
271,"Male","Primary common 1st-99th",-1.95310594249045,-7.75768889839386,0.682123162989425,0.697084070648514,0.985337821091062,0.886160940864149,0.432371736601689,0.0433041753694853,-0.333310916621932
271,"Male","Strict recommended/common 5th-95th",-2.08884102644423,-8.24570398234406,0.678514392733784,0.69339616344157,0.980989712727474,0.860153696039928,0.353207045332807,0.0433041753694858,-0.385499105618267
272,"Female","Primary common 1st-99th",-1.82663417652242,-10.9403480808532,0.541199157034016,0.552172037249442,0.886219668647149,0.909526269240632,0.572840162003566,0.374484078024614,-0.142255259086525
272,"Female","Strict recommended/common 5th-95th",-1.84832741415747,-10.9832532865739,0.54093871650904,0.551906158260642,0.765145300064108,0.873253922571046,0.567378420074393,0.374484078024614,-0.15091406299963
272,"Male","Primary common 1st-99th",-2.00263105050162,-7.925323190004,0.663301317382524,0.676240541879343,0.989056291118498,0.857302802859478,0.464920798504183,0.075857036687714,-0.435184401856077
272,"Male","Strict recommended/common 5th-95th",-2.10098705660331,-8.26868129784146,0.660827836710931,0.673718823428621,0.983380595928603,0.815938581521714,0.407565265603734,0.0758570366877144,-0.545068087276239
273,"Female","Primary common 1st-99th",-1.85231620706997,-11.0892597663167,0.554296611305653,0.565235620508278,0.889091342017068,0.904733369952948,0.564747194254414,0.364002157108904,-0.15267833339485
273,"Female","Strict recommended/common 5th-95th",-1.89096007725582,-11.2277366581054,0.553433597699154,0.564355413652854,0.766123929097961,0.852219977620097,0.559868027948796,0.364002157108904,-0.19917480462526
273,"Male","Primary common 1st-99th",-2.1246291193096,-8.39451817526324,0.665022301078308,0.680484529501306,0.989051491849883,0.837159659330295,0.509900393938815,0.0627846287996238,-0.507520548289824
273,"Male","Strict recommended/common 5th-95th",-2.21167259344017,-8.71069881202549,0.662726999027954,0.678135873326409,0.980875706392817,0.817171563498703,0.413463934976226,0.0627846287996242,-0.537392330468735
274,"Female","Primary common 1st-99th",-1.80540941826424,-10.8289010270803,0.55371538011367,0.565209975924847,0.899416225297275,0.9266384541144,0.539347517889518,0.355214240834746,-0.107935210246569
274,"Female","Strict recommended/common 5th-95th",-1.83905870958475,-10.931427298512,0.553079027322085,0.564560251605598,0.787702620599845,0.88159897406537,0.536314391904981,0.355214240834745,-0.141440664324897
274,"Male","Primary common 1st-99th",-1.95585535719095,-7.77408663220077,0.679900988513899,0.698967164221854,0.971556557110181,0.890919578992207,0.516265843213299,0.0361726755334812,-0.302161163296033
274,"Male","Strict recommended/common 5th-95th",-2.09677218729592,-8.25641965154441,0.676345222683298,0.695311699966908,0.953511360181852,0.826385153129253,0.483212028224833,0.0361726755334818,-0.487436158848552
275,"Female","Primary common 1st-99th",-1.85475257564875,-11.0886362207591,0.544023648978485,0.55479922344098,0.896631308498498,0.887143891632871,0.544801777400533,0.344668748912722,-0.193623826434346
275,"Female","Strict recommended/common 5th-95th",-1.86065335638431,-11.0388766610981,0.544328401966083,0.555109853923386,0.778825253166569,0.833237401421412,0.538094589129957,0.344668748912721,-0.248484740727942
275,"Male","Primary common 1st-99th",-2.04355406366171,-8.06982910421875,0.679415763529585,0.697502945095449,0.987802168223418,0.84120686551958,0.507502260747673,0.006013997077184,-0.501901446069781
275,"Male","Strict recommended/common 5th-95th",-2.15177669368192,-8.47944060847755,0.676388558569709,0.694395164495948,0.98050311620639,0.830425812237693,0.395361905287419,0.00601399707718437,-0.508718854516811
276,"Female","Primary common 1st-99th",-1.81852360182386,-10.8759765126195,0.542943397607526,0.553331044984189,0.886904408771433,0.89450746403559,0.569745846694498,0.3689620899313,-0.175529700604173
276,"Female","Strict recommended/common 5th-95th",-1.83801241539769,-10.9197868049709,0.542676793606108,0.553059181562221,0.769531335516518,0.868955362214676,0.559595427027544,0.368962089931301,-0.158775244343659
276,"Male","Primary common 1st-99th",-1.96611596779466,-7.80964421809613,0.673297641228211,0.69139943407415,0.987505867378483,0.883605325509862,0.421546881570031,0.0174583860334178,-0.345891420216737
276,"Male","Strict recommended/common 5th-95th",-2.06650996147876,-8.15148208522687,0.670801137083475,0.688835824227464,0.98018893900571,0.850693781468921,0.368628629366477,0.0174583860334182,-0.424622988954538
277,"Female","Primary common 1st-99th",-1.84336089874123,-11.0611899941989,0.5522802294336,0.563596235016315,0.880846583344344,0.928525248275834,0.590934692554135,0.392240996454284,-0.0984008777521776
277,"Female","Strict recommended/common 5th-95th",-1.86339179633549,-11.0779652446456,0.552176352029003,0.563490068508465,0.753032695150901,0.883823100568768,0.589138772844323,0.392240996454284,-0.125014953820552
277,"Male","Primary common 1st-99th",-2.0848004282799,-8.26883100404389,0.6878342475144,0.702603549286689,0.987258622929099,0.868311465607995,0.45316861323179,0.0309957101817878,-0.407718764500135
277,"Male","Strict recommended/common 5th-95th",-2.22361335715344,-8.77085680520678,0.684069927729255,0.698758415210507,0.9850304384346,0.839307880191007,0.366668158246446,0.0309957101817883,-0.487828908061376
278,"Female","Primary common 1st-99th",-1.86710019776801,-11.1636345837657,0.543837358377307,0.555212247638563,0.889656403999546,0.889451745016139,0.562609268008593,0.359873597226437,-0.188575189152264
278,"Female","Strict recommended/common 5th-95th",-1.89589656258467,-11.252212145548,0.543295393913349,0.554658788293093,0.767457321169446,0.840358047018899,0.555154190306739,0.359873597226437,-0.230216504136911
278,"Male","Primary common 1st-99th",-2.12333769135845,-8.41496323472699,0.659238609633564,0.672193541286896,0.990695311698922,0.858021265635131,0.453168727667587,0.0560421195774295,-0.440964050067557
278,"Male","Strict recommended/common 5th-95th",-2.20943699253438,-8.72515739945666,0.657005853141147,0.669916921132577,0.985982292662767,0.856192502714203,0.338347100895317,0.0560421195774301,-0.407768190887266
279,"Female","Primary common 1st-99th",-1.81810688941821,-10.869113293416,0.557663628250404,0.569791102726014,0.89853761749339,0.890833653524814,0.539668500525675,0.340769234354384,-0.181749096407938
279,"Female","Strict recommended/common 5th-95th",-1.84528268679008,-10.9473812970993,0.557174225870783,0.569290894141618,0.78239379917996,0.835658568218122,0.53359863413105,0.340769234354384,-0.233355365858889
279,"Male","Primary common 1st-99th",-2.05036789218593,-8.13608336797685,0.681913580723411,0.693947831719784,0.988707696732886,0.872723031557878,0.434592345687046,0.00200555272984317,-0.401876793484331
279,"Male","Strict recommended/common 5th-95th",-2.16874515752114,-8.55937274520903,0.678771522992433,0.690750337352067,0.984154226761335,0.85166589282497,0.352095322234451,0.0020055527298436,-0.459536405701723
280,"Female","Primary common 1st-99th",-1.81371557933901,-10.8377913550132,0.540283447429786,0.550270538289275,0.898382677115933,0.885768481080671,0.540375000940088,0.34444735856649,-0.197512050784973
280,"Female","Strict recommended/common 5th-95th",-1.83623226556084,-10.8978141130768,0.53992002313588,0.549900238212225,0.785642288761407,0.844519575230377,0.530620800976453,0.344447358566489,-0.221838739774573
280,"Male","Primary common 1st-99th",-1.98496198782529,-7.86992838543196,0.666062231922291,0.682797400661066,0.982539296812759,0.871749610068176,0.47667014153417,0.0438039576170246,-0.376676798032802
280,"Male","Strict recommended/common 5th-95th",-2.07265446367869,-8.18575362156508,0.66377899956293,0.680456814369129,0.969914637432047,0.869000303978454,0.386497510125718,0.0438039576170252,-0.328042981269359
281,"Female","Primary common 1st-99th",-1.83641789995601,-10.9557438109647,0.544468883147186,0.555551817227902,0.892622389691656,0.865887728933063,0.557061780912592,0.345070374851755,-0.238869978457519
281,"Female","Strict recommended/common 5th-95th",-1.84211853964309,-10.9317686004423,0.544615771488702,0.55570153580965,0.779618129778346,0.841044800340198,0.538388104665101,0.345070374851755,-0.221737413326973
281,"Male","Primary common 1st-99th",-2.07814714279858,-8.21474465205049,0.682558428712241,0.693321014906368,0.99301356395415,0.843460911796707,0.473128924538197,0.00750942499418418,-0.511936801041894
281,"Male","Strict recommended/common 5th-95th",-2.16080908235981,-8.51710330443509,0.680310002449824,0.691037148904607,0.988701362913665,0.832149116946348,0.364452991820812,0.0075094249941845,-0.539322832583327
282,"Female","Primary common 1st-99th",-1.8226332055162,-10.8922586210474,0.543370654704389,0.554804161837,0.886589473197591,0.886416232311633,0.57037432999837,0.36635354967081,-0.193466168896143
282,"Female","Strict recommended/common 5th-95th",-1.84597244428904,-10.9597269311359,0.542959527948745,0.554384224970782,0.766274861593635,0.852342679794624,0.559685038101865,0.36635354967081,-0.197020322263898
282,"Male","Primary common 1st-99th",-2.04472313558901,-8.07314118511618,0.664875945099492,0.682866759051679,0.989084120802329,0.839873384181019,0.503541156995079,0.0371858171804837,-0.506861352455634
282,"Male","Strict recommended/common 5th-95th",-2.15288836732918,-8.47433370129753,0.661974308745438,0.679886620944676,0.981816876589701,0.814866714810737,0.414023616384024,0.0371858171804843,-0.567956447278551
283,"Female","Primary common 1st-99th",-1.8459577537044,-11.0213676566239,0.540652704725505,0.551083122544845,0.905760529389098,0.875298380809536,0.522754210303605,0.325397888223839,-0.220754323291993
283,"Female","Strict recommended/common 5th-95th",-1.87306120382063,-11.1138048475322,0.540091324804534,0.550510753920725,0.800108401189914,0.835821740297389,0.50922816737356,0.325397888223839,-0.240579024280488
283,"Male","Primary common 1st-99th",-2.08878459402542,-8.24078047283591,0.661068392950148,0.675606222699776,0.989785785995795,0.830932843765353,0.520456636966607,0.00574685728788042,-0.543790804375133
283,"Male","Strict recommended/common 5th-95th",-2.19010530210865,-8.62680709290801,0.658287363414214,0.672764047564419,0.983838387941238,0.820672976121876,0.398856002714563,0.005746857287881,-0.556107349889491
284,"Female","Primary common 1st-99th",-1.83345798530783,-10.9220083514618,0.542091644210607,0.554017776273409,0.897076732192732,0.852144916671431,0.549271331278549,0.332176761499736,-0.275264501916245
284,"Female","Strict recommended/common 5th-95th",-1.86222189044513,-11.0315496460803,0.541425310647655,0.553336623607038,0.779192427755371,0.797307099405607,0.533594144146141,0.332176761499735,-0.33634359236324
284,"Male","Primary common 1st-99th",-2.009348344888,-7.98436348759548,0.670478902711113,0.686849510105363,0.989330828000911,0.882448753258579,0.410516679356219,0.053032009640515,-0.348083235267362
284,"Male","Strict recommended/common 5th-95th",-2.09131353059488,-8.25216717458578,0.668527585260573,0.684850562040444,0.981833393540886,0.853505289030152,0.358609677215866,0.0530320096405156,-0.406687801139665
285,"Female","Primary common 1st-99th",-1.84824016320473,-11.0332254315303,0.540763721086012,0.552047083733064,0.906118789544928,0.872157901999252,0.522452554376819,0.325170116785364,-0.228249561965203
285,"Female","Strict recommended/common 5th-95th",-1.85892613327514,-11.0355839652179,0.540749673055402,0.552032583891761,0.804763297182661,0.848779917330749,0.504350380260109,0.325170116785365,-0.211505787281038
285,"Male","Primary common 1st-99th",-1.97981236958653,-7.87155619885438,0.671128165514582,0.685558770010144,0.972898051761182,0.890818554509198,0.508049627008712,0.0324783898347783,-0.298542282764641
285,"Male","Strict recommended/common 5th-95th",-2.11185553454631,-8.33514545104263,0.667751110396228,0.682109115096536,0.954881209213792,0.856828280706583,0.450696696514472,0.0324783898347787,-0.356077359288329
286,"Female","Primary common 1st-99th",-1.84481440389674,-11.0348982061624,0.54344796648941,0.555176085775907,0.899848538141356,0.894794721163101,0.536072343247723,0.347866772623366,-0.183556772264935
286,"Female","Strict recommended/common 5th-95th",-1.86998987864193,-11.1017482401535,0.543039897801627,0.554759051491636,0.787482600496808,0.849584626264676,0.528974731530817,0.347866772623365,-0.225206500608822
286,"Male","Primary common 1st-99th",-2.05482589261499,-8.18452537056771,0.678624622491501,0.692861863016785,0.967486290100835,0.899673588780968,0.531688871869997,0.0844631746414598,-0.250159288063755
286,"Male","Strict recommended/common 5th-95th",-2.20337562385954,-8.67303654850309,0.675014001593871,0.689175507574964,0.964992880416183,0.809615749525045,0.470034994872063,0.0844631746414603,-0.520837090090944
287,"Female","Primary common 1st-99th",-1.78031055808474,-10.6541932301966,0.543423967524545,0.555870049882266,0.888746140666624,0.903985378249527,0.56558800255919,0.361214683361298,-0.153506524364766
287,"Female","Strict recommended/common 5th-95th",-1.80899039705243,-10.7425324118409,0.542886954022558,0.555320577964668,0.767891013025509,0.861635916336942,0.55987035139695,0.361214683361299,-0.175237906380845
287,"Male","Primary common 1st-99th",-2.04065942884696,-8.10539064925103,0.658888847015337,0.67481079275975,0.987868063481492,0.878385434216899,0.429034132925434,0.080935758499002,-0.36688725188434
287,"Male","Strict recommended/common 5th-95th",-2.12054643715883,-8.36866115428084,0.657001237740322,0.672877582808394,0.976858000170718,0.854986772370519,0.375687566755575,0.0809357584990022,-0.40920718532655
288,"Female","Primary common 1st-99th",-1.78609600146602,-10.6768969256516,0.544059064074743,0.556248357629161,0.899890467977591,0.892066301233736,0.536066227556155,0.339005099844594,-0.180898947312235
288,"Female","Strict recommended/common 5th-95th",-1.81557555471223,-10.7737253837723,0.543469579271567,0.55564550631733,0.787052447198313,0.843341253097129,0.528437232584905,0.339005099844594,-0.219221410042504
288,"Male","Primary common 1st-99th",-2.03231161248387,-8.03955945020015,0.687233960365453,0.698355869333572,0.987612697584003,0.851837982015532,0.485344710401921,0.0405909130450952,-0.45093589522034
288,"Male","Strict recommended/common 5th-95th",-2.11300965443649,-8.3207629144515,0.685132541032789,0.696220455057788,0.977940654210576,0.822470673081414,0.414928566952203,0.0405909130450957,-0.509062943757159
289,"Female","Primary common 1st-99th",-1.83605110581123,-10.9885925727454,0.537575702058033,0.548854228930227,0.896816787908048,0.899850116654942,0.544075706777336,0.350473424938345,-0.167048577015814
289,"Female","Strict recommended/common 5th-95th",-1.84230058057022,-10.9418387235185,0.537858351800266,0.549142651835364,0.783585887682819,0.861592509697075,0.537141237739103,0.350473424938344,-0.18658950489575
289,"Male","Primary common 1st-99th",-2.0184815241075,-7.96894770637474,0.687429261413549,0.700725653141382,0.988884359132546,0.842689158747668,0.498267198872017,0.0448828078128789,-0.503887453169731
289,"Male","Strict recommended/common 5th-95th",-2.15153656283552,-8.46907944390823,0.683693564713948,0.696917713699238,0.986357780807602,0.814812923959323,0.400030700266007,0.0448828078128794,-0.588690521665269
290,"Female","Primary common 1st-99th",-1.75914295031332,-10.5266522095606,0.549045331052397,0.560989167152349,0.891768287060268,0.903620940535898,0.55760457183467,0.362739158126436,-0.157633647493996
290,"Female","Strict recommended/common 5th-95th",-1.77999050749026,-10.5684642783621,0.54878904585234,0.560727146165413,0.772674122687355,0.859071638025085,0.552270878400256,0.362739158126436,-0.189488902550054
290,"Male","Primary common 1st-99th",-2.02075641365887,-8.01343703623463,0.662700457792097,0.681654573366719,0.982395675319629,0.870591823980361,0.479646600122873,0.0227112795857548,-0.39201350441524
290,"Male","Strict recommended/common 5th-95th",-2.12352039722123,-8.3738929307899,0.660103672245914,0.678983529770298,0.978305882674942,0.841646794607752,0.387443963480867,0.0227112795857552,-0.459994202372845
291,"Female","Primary common 1st-99th",-1.81849473783856,-10.8837721059617,0.546879944825338,0.558604957874677,0.890344688125497,0.901702256268066,0.561222113759263,0.36454453385713,-0.156828092468901
291,"Female","Strict recommended/common 5th-95th",-1.83197295086885,-10.879768912112,0.54690480078527,0.55863018691861,0.770853254304701,0.860565838204442,0.555293340857206,0.364544533857129,-0.174303123301468
291,"Male","Primary common 1st-99th",-2.09190929053525,-8.27474449751097,0.674983712631184,0.686181200311547,0.990119568154908,0.847579285617743,0.480219477160164,0.0548755825704154,-0.478745054079829
291,"Male","Strict recommended/common 5th-95th",-2.18748173025398,-8.61657242766929,0.672468339107228,0.683624111943889,0.983982647353017,0.821122968251296,0.397703012060417,0.0548755825704159,-0.542953513826208
292,"Female","Primary common 1st-99th",-1.84115056601141,-10.9866410494143,0.551064322494582,0.562284079880507,0.902931804568883,0.872167224367565,0.530522772697803,0.330785322497925,-0.236675143518503
292,"Female","Strict recommended/common 5th-95th",-1.89785238919157,-11.2645146819789,0.549344355191449,0.560528931679224,0.799605403622827,0.842932426652045,0.510813652335724,0.330785322497925,-0.241890872870428
292,"Male","Primary common 1st-99th",-2.0458137390438,-8.05282188407642,0.6788893558764,0.694760438157188,0.97641165853708,0.821429928102514,0.604596503030079,0.0623792032080933,-0.558879775663413
292,"Male","Strict recommended/common 5th-95th",-2.15213360694817,-8.47670597859985,0.675759673517807,0.691557603956114,0.963473447678206,0.825708685501058,0.454914442408884,0.0623792032080937,-0.496221624015325
293,"Female","Primary common 1st-99th",-1.73788003208633,-10.4364566725421,0.555145343978342,0.568548257088722,0.891459290737468,0.944006687476418,0.565899759214321,0.368156237557524,-0.0642664465359097
293,"Female","Strict recommended/common 5th-95th",-1.7998137376693,-10.7021512192563,0.553498771965636,0.566861769393459,0.774563938826354,0.894004151109938,0.560215818841391,0.368156237557523,-0.100560958813124
293,"Male","Primary common 1st-99th",-1.91924248434154,-7.61871857260808,0.675608238764612,0.689218894915425,0.974079498719027,0.886825999521249,0.505876991771406,0.0321876257062,-0.318995880634707
293,"Male","Strict recommended/common 5th-95th",-2.07675629614908,-8.19512029195741,0.671392917237328,0.684918666671103,0.964637728161557,0.85653878162405,0.418024144989698,0.0321876257062006,-0.379052427038897
294,"Female","Primary common 1st-99th",-1.80035471328336,-10.765685733469,0.544660036467932,0.556208697660264,0.886615889103531,0.894159010929085,0.570469187976582,0.366465732650966,-0.175860768784924
294,"Female","Strict recommended/common 5th-95th",-1.82400288273444,-10.8225053960346,0.544313514693387,0.555854669111899,0.760152201338882,0.839666010145114,0.565146064055228,0.366465732650966,-0.227765555674708
294,"Male","Primary common 1st-99th",-1.97954560806432,-7.86975106464634,0.67918957472239,0.691260278991482,0.985956153513802,0.889865384341392,0.421391760246265,0.0230537283985515,-0.330074008838668
294,"Male","Strict recommended/common 5th-95th",-2.10894059147242,-8.32286344660017,0.675849258326983,0.68786061148349,0.981426744838624,0.855180458481729,0.357960374445218,0.023053728398552,-0.426877125273307
295,"Female","Primary common 1st-99th",-1.81754334471238,-10.8907894157306,0.540060799408181,0.55136866380231,0.890662322659582,0.918078529901688,0.562196006746052,0.365452636954891,-0.132029818582278
295,"Female","Strict recommended/common 5th-95th",-1.88411990671984,-11.1979574766052,0.538199444194276,0.549468177172701,0.775830272586604,0.876243239534903,0.552479758045985,0.365452636954891,-0.162162414172648
295,"Male","Primary common 1st-99th",-2.10885757521039,-8.38640525605457,0.669583503200142,0.685153666506635,0.987310499312472,0.883318976208849,0.423492028050882,0.0507180455092114,-0.348231729970463
295,"Male","Strict recommended/common 5th-95th",-2.22473768866357,-8.78134106590987,0.666697058862109,0.682200115641966,0.981660277406295,0.849252993572907,0.365016210193451,0.0507180455092117,-0.4348116756332
296,"Female","Primary common 1st-99th",-1.79029738348982,-10.6864492903604,0.549653290909645,0.561364049261422,0.905937005144107,0.876317017161115,0.522115830677422,0.327744804303994,-0.21955522657375
296,"Female","Strict recommended/common 5th-95th",-1.81446863419027,-10.7594568603592,0.549204280222969,0.560905310798123,0.797709581229207,0.826275732501202,0.511532577961959,0.327744804303994,-0.266374334473378
296,"Male","Primary common 1st-99th",-2.01705329514008,-8.02690528325289,0.685076834060855,0.702208804027276,0.972592802125163,0.895053713662703,0.504771167181414,0.0430409777952282,-0.288049263948968
296,"Male","Strict recommended/common 5th-95th",-2.12794364385614,-8.390455314232,0.682368925067695,0.699433191908298,0.954196276388928,0.842637434728412,0.465398030769411,0.0430409777952286,-0.427925622720518
297,"Female","Primary common 1st-99th",-1.8552862047839,-11.0491265583917,0.53552996302408,0.546338938116053,0.909177036335307,0.846683982627751,0.522354891660511,0.310668894907349,-0.297516197929547
297,"Female","Strict recommended/common 5th-95th",-1.87332883345473,-11.1091247695614,0.535169029189777,0.545970561632597,0.809830856802964,0.821420123529181,0.494936679481295,0.31066889490735,-0.302058995045067
298,"Female","Primary common 1st-99th",-1.84028067946116,-11.0139566000998,0.546463128910435,0.557469702194418,0.885440653409183,0.900646729955474,0.573908842399634,0.375009629425656,-0.160464138639736
298,"Female","Strict recommended/common 5th-95th",-1.85815278443071,-11.0383150593817,0.546313833175452,0.557317239812895,0.76378253628323,0.865184851253274,0.566868302504862,0.375009629425655,-0.165699603724947
298,"Male","Primary common 1st-99th",-2.09174464314174,-8.28702829772171,0.696501007965356,0.705995243624896,0.987265297404563,0.85898537679629,0.4722696830921,0.0431167203330264,-0.428239205003519
298,"Male","Strict recommended/common 5th-95th",-2.19883876969294,-8.67377558257225,0.693563967538365,0.703018181172073,0.979876873217302,0.841861746692611,0.381597890653182,0.0431167203330269,-0.44428227566987
299,"Female","Primary common 1st-99th",-1.85897483234881,-11.0993377324631,0.550767587169233,0.560850866976757,0.899303658955457,0.875530703625488,0.53912695747785,0.339374569754506,-0.224415105341887
299,"Female","Strict recommended/common 5th-95th",-1.89760794982378,-11.2626535758094,0.549756087422975,0.559820687665089,0.789923732919926,0.841157541352983,0.524066939583979,0.339374569754506,-0.236809669164756
299,"Male","Primary common 1st-99th",-2.0218618485971,-8.01097971309337,0.663607067323561,0.675118456252087,0.984143584811927,0.865680552439832,0.477963978115182,0.0325144762384938,-0.411210420620462
299,"Male","Strict recommended/common 5th-95th",-2.13417412875233,-8.41464442267808,0.66069509072262,0.672155979900178,0.973931782430998,0.841165823943033,0.403192310599498,0.0325144762384942,-0.465162036187226
300,"Female","Primary common 1st-99th",-1.81660265828839,-10.8750358774242,0.564115271752562,0.575637604103314,0.891968832584483,0.90652965176727,0.557294827025354,0.360746869942058,-0.147733636024631
300,"Female","Strict recommended/common 5th-95th",-1.85943289856661,-11.0390144057879,0.563077670789191,0.574578644785534,0.771330481517049,0.850857278727555,0.552133926844581,0.360746869942057,-0.199896615369783
300,"Male","Primary common 1st-99th",-1.97852511286153,-7.84440386564504,0.669001135596286,0.681221621362097,0.972634831498895,0.876075826572251,0.52943215158582,0.0394884107820194,-0.356359330598167
300,"Male","Strict recommended/common 5th-95th",-2.14625030973284,-8.45662286006309,0.664556800212029,0.676696116434114,0.972695833680233,0.830116841193577,0.421214999538659,0.0394884107820199,-0.485974804788254
301,"Female","Primary common 1st-99th",-1.75294315557994,-10.5292454288171,0.542129291667981,0.554195405633937,0.894596979652033,0.944137764339821,0.556979760434522,0.36509071617237,-0.0584547473475918
301,"Female","Strict recommended/common 5th-95th",-1.79269529680969,-10.6646715517451,0.541308991442694,0.553356690003862,0.780812885493153,0.904572659140751,0.554383604046185,0.365090716172369,-0.0640441252984626
301,"Male","Primary common 1st-99th",-2.0031235419259,-7.91155390996154,0.670726802650342,0.689865991372154,0.987219195117897,0.844927447063402,0.502518995641826,0.0396013143594277,-0.479454002950579
301,"Male","Strict recommended/common 5th-95th",-2.10295418502972,-8.28316703367872,0.66802021089916,0.687082180119737,0.977767486125944,0.828358265542426,0.407263297986514,0.0396013143594282,-0.493485716232949
302,"Female","Primary common 1st-99th",-1.83946054311087,-10.9707553739775,0.541890385215425,0.5539945856288,0.897369420836339,0.863032265077991,0.546051878418328,0.341463636129426,-0.249589836451017
302,"Female","Strict recommended/common 5th-95th",-1.85094857899245,-10.9832896577135,0.541814382102546,0.553916725382533,0.788273502776041,0.83846452795928,0.525933728465603,0.341463636129426,-0.237199962944156
302,"Male","Primary common 1st-99th",-1.90385857717457,-7.57189635563964,0.679138426332537,0.690888162611908,0.971260173477732,0.900174695265686,0.507420870696573,0.0341815477455228,-0.272543833131738
302,"Male","Strict recommended/common 5th-95th",-2.09692890491649,-8.26107193180302,0.674074591154036,0.685736732679042,0.971231196023561,0.832088220547374,0.423391665707444,0.0341815477455233,-0.486651841622453
303,"Female","Primary common 1st-99th",-1.81644987768218,-10.8383785664319,0.546719397131419,0.556317777389737,0.910441096740701,0.871552787429527,0.511538326176775,0.316743348870038,-0.234516486421572
303,"Female","Strict recommended/common 5th-95th",-1.8552484403703,-11.0098844341867,0.545668052536879,0.555247814804558,0.812214117491767,0.841207769672421,0.492964126863209,0.316743348870038,-0.238920701085148
303,"Male","Primary common 1st-99th",-1.91775191786677,-7.6234197498449,0.669419634232969,0.682385685002268,0.982962742990367,0.893291629715038,0.437368758679862,0.0338457170945095,-0.311146854764613
303,"Male","Strict recommended/common 5th-95th",-2.03888777310307,-8.05646185126898,0.666281589065207,0.679186871922407,0.973942955346432,0.878569362114326,0.360947899626354,0.0338457170945099,-0.318235884211832
304,"Female","Primary common 1st-99th",-1.80377123112946,-10.8067005055214,0.542787740316614,0.554382082577116,0.885927770910151,0.916203274977668,0.574624080629611,0.372417128322166,-0.131887310350317
304,"Female","Strict recommended/common 5th-95th",-1.85607146525206,-11.0296928635575,0.541431003215889,0.552996205774027,0.765087699609644,0.874820367049889,0.567969196356167,0.372417128322166,-0.156448990400195
304,"Male","Primary common 1st-99th",-2.03672365234719,-8.08097721347495,0.683364929016668,0.697695150685591,0.982882342817385,0.874021066547599,0.470436025471523,0.0452913345057754,-0.379083885833758
304,"Male","Strict recommended/common 5th-95th",-2.16793158170961,-8.55018636651959,0.679876683714155,0.694133770825648,0.980834570311793,0.840396225937632,0.380202827974026,0.0452913345057759,-0.472363255010924
305,"Female","Primary common 1st-99th",-1.74595641330569,-10.4292607659722,0.55609208792729,0.568513582958935,0.901507021907092,0.887104584993317,0.532160396070558,0.341766003260809,-0.201518533863399
305,"Female","Strict recommended/common 5th-95th",-1.77452798426985,-10.5329040765518,0.55544892330923,0.567855888536158,0.793655791351543,0.853019648593498,0.520846392983956,0.34176600326081,-0.217494909607092
305,"Male","Primary common 1st-99th",-1.9090925168654,-7.53624207252687,0.692556688352171,0.706645907740757,0.98279239752596,0.852313125503639,0.511797378242867,0.0146788541644392,-0.464739730021631
305,"Male","Strict recommended/common 5th-95th",-2.06801360017296,-8.14491011124866,0.687997799804974,0.701994288133854,0.977737770246985,0.830447706852922,0.404485341096294,0.0146788541644396,-0.521649570859629
306,"Female","Primary common 1st-99th",-1.82980773596035,-10.9802131076499,0.549433683595831,0.560177189031398,0.882512805691095,0.928841519067594,0.586513124808992,0.385609559279766,-0.0911232681468205
306,"Female","Strict recommended/common 5th-95th",-1.84212088106951,-10.9487286330574,0.549628296540745,0.560375447824085,0.754356605021173,0.878923973193801,0.585335922307583,0.385609559279765,-0.122102369357001
306,"Male","Primary common 1st-99th",-2.0606022369132,-8.16358710305235,0.664752490007352,0.679754663387263,0.990589295707624,0.86044446713748,0.448430860931121,0.0433667283854863,-0.437071989139544
306,"Male","Strict recommended/common 5th-95th",-2.16015530413912,-8.51551983942274,0.662205099260461,0.6771497962499,0.985601830643575,0.834742211091283,0.371464788307125,0.0433667283854867,-0.501769640684237
307,"Female","Primary common 1st-99th",-1.83453257302665,-10.9587923387503,0.544060371776472,0.556616694700262,0.902061994550362,0.882585102753755,0.531177000700945,0.33249647356673,-0.212295660697196
307,"Female","Strict recommended/common 5th-95th",-1.8749880829315,-11.1323600154468,0.54300012650559,0.555531820123267,0.796238787080526,0.852259910050665,0.51702481959036,0.33249647356673,-0.219701872667546
307,"Male","Primary common 1st-99th",-2.05606308517486,-8.15496063939701,0.677061940488239,0.692274972642426,0.987641750958269,0.868943956867388,0.449397591639399,0.040827930082003,-0.396620622520269
307,"Male","Strict recommended/common 5th-95th",-2.16648157975114,-8.54237267739571,0.674206076644236,0.689354953441538,0.981983875125241,0.837549822379885,0.380136561805625,0.0408279300820035,-0.471947458597147
308,"Female","Primary common 1st-99th",-1.84138854695915,-11.0358023951615,0.550341225530082,0.562286783040349,0.907822444857741,0.915734632938499,0.514408581888824,0.331283471720442,-0.127472414698937
308,"Female","Strict recommended/common 5th-95th",-1.86572083513831,-11.0821475455789,0.550054820621904,0.561994000974432,0.801338424816381,0.86291005427864,0.511632092157013,0.331283471720442,-0.174543401776511
308,"Male","Primary common 1st-99th",-2.02813944554813,-8.04384960103416,0.689523705681342,0.701948445477841,0.98087933629235,0.873655183079817,0.483689088120456,0.0651071111372818,-0.388934158359374
308,"Male","Strict recommended/common 5th-95th",-2.16856466196257,-8.55968756762474,0.685655802956809,0.698010859916966,0.974034642360774,0.855381459075577,0.385707643922621,0.0651071111372823,-0.427592693446149
309,"Female","Primary common 1st-99th",-1.89920090969334,-11.3524509360353,0.545149087565172,0.555960157419502,0.878931782441149,0.882545812885922,0.589352254124543,0.381501822998771,-0.199856907405117
309,"Female","Strict recommended/common 5th-95th",-1.90177586463764,-11.2919019522526,0.545521730123833,0.556340030704284,0.75272321253055,0.849537339139771,0.578163187310501,0.381501822998771,-0.199599923630125
309,"Male","Primary common 1st-99th",-2.00769165359636,-7.97771879467469,0.675156238326097,0.689426265234228,0.987489267975591,0.884716788941789,0.419569015618022,0.0503158702073752,-0.344234241553668
309,"Male","Strict recommended/common 5th-95th",-2.12979834466389,-8.40796759623511,0.671999610003494,0.686202932254581,0.981837271518366,0.858976914283058,0.351337003626191,0.0503158702073757,-0.39956239804007
310,"Female","Primary common 1st-99th",-1.80578723031184,-10.8120998838331,0.551082515129135,0.56239862948712,0.895698803277978,0.90751807177448,0.547396892389041,0.35600809371979,-0.148911856906418
310,"Female","Strict recommended/common 5th-95th",-1.83240362362749,-10.8805409640597,0.550659916797243,0.561967192459609,0.778559975516378,0.856751033062678,0.543232205625911,0.356008093719791,-0.195000778653593
310,"Male","Primary common 1st-99th",-1.98677654714954,-7.87382195053024,0.684074658025354,0.700885645344391,0.988755684086981,0.868713579261421,0.442547854968469,0.0708338381090104,-0.39755771819844
310,"Male","Strict recommended/common 5th-95th",-2.10022843102116,-8.28324513662739,0.681034578307368,0.697770869994388,0.984067443875337,0.84639573218829,0.359908305109477,0.0708338381090108,-0.437750682510107
311,"Female","Primary common 1st-99th",-1.85346790061709,-11.0788194715961,0.547853137309145,0.558368140245498,0.897828112399231,0.886691413323694,0.541741772115708,0.346896248349538,-0.196839482867912
311,"Female","Strict recommended/common 5th-95th",-1.87734728040498,-11.1464787938977,0.547436571822604,0.557943419327661,0.786306952067194,0.851011436869253,0.530920810419983,0.346896248349538,-0.209492777827372
311,"Male","Primary common 1st-99th",-1.92103175328896,-7.62495157576838,0.674150426709681,0.696505130310704,0.970355441279224,0.886154923908794,0.529430339439466,0.0343494633468953,-0.31536142442549
311,"Male","Strict recommended/common 5th-95th",-2.05803703225005,-8.11472045880414,0.670576160509166,0.692812356644308,0.947992662936807,0.850525561108043,0.477814441741499,0.034349463346896,-0.385561890352595
312,"Female","Primary common 1st-99th",-1.79096383171259,-10.7009293709926,0.541387572793172,0.552447418573014,0.893620620256954,0.887457748144204,0.552520874578813,0.347089929281345,-0.189914675386153
312,"Female","Strict recommended/common 5th-95th",-1.82550396130082,-10.8397626883338,0.540546165181304,0.551588663329871,0.780906282046247,0.858154614297348,0.54019408187772,0.347089929281345,-0.179521576732178
312,"Male","Primary common 1st-99th",-1.92240593655213,-7.63277278203901,0.680258864799794,0.693272153089298,0.98760416591914,0.884578208149,0.41899620518756,0.0460254867768232,-0.339816587418473
312,"Male","Strict recommended/common 5th-95th",-2.03622171152551,-8.03600383225664,0.677289235583341,0.690245728719078,0.982767852296622,0.859687884353823,0.346642783649523,0.0460254867768237,-0.386649107087977
313,"Female","Primary common 1st-99th",-1.86318162465089,-11.1557700697155,0.552013628350908,0.563812844252286,0.894701259980369,0.904308695118872,0.549866745244021,0.355022103799705,-0.151666866998601
313,"Female","Strict recommended/common 5th-95th",-1.88613793560754,-11.2015251087022,0.551729631856827,0.563522616119278,0.777390000743804,0.856784897755257,0.544918595159925,0.355022103799706,-0.184567249260763
313,"Male","Primary common 1st-99th",-1.99892814518852,-7.933900474315,0.69196913226795,0.703056696180583,0.983975419840442,0.877998601374511,0.45622300751742,0.0393705264135872,-0.356817442699486
313,"Male","Strict recommended/common 5th-95th",-2.12065557214536,-8.36917126323153,0.688697691385551,0.699732850084339,0.975445702065448,0.854261278439654,0.381825229625347,0.0393705264135876,-0.392814132093454
314,"Female","Primary common 1st-99th",-1.86356994878587,-11.1579149189952,0.549389304995862,0.561745119894713,0.882926060213682,0.903949956077278,0.580750898704176,0.378199190136001,-0.151369374172815
314,"Female","Strict recommended/common 5th-95th",-1.88276034613901,-11.1872471545183,0.549208208517537,0.561559789880629,0.759766383789439,0.869970803286726,0.574243152467601,0.378199190136,-0.150815877277391
314,"Male","Primary common 1st-99th",-2.00621853935427,-7.93331848024643,0.675694077924212,0.685625308911702,0.991053304767429,0.850623314191186,0.467771764639217,0.0471405714182368,-0.466279478482299
314,"Male","Strict recommended/common 5th-95th",-2.06801389469718,-8.14905843359806,0.674110778133839,0.684018751250553,0.982733143582954,0.836298117300366,0.379297040957606,0.0471405714182373,-0.475763532418175
315,"Female","Primary common 1st-99th",-1.80613872145845,-10.8237719724894,0.551029182777464,0.562155533435461,0.893084209731492,0.916658220646711,0.555410786369505,0.363333595804518,-0.126278286669767
315,"Female","Strict recommended/common 5th-95th",-1.82980243384418,-10.8722538698944,0.550729899305376,0.561850046273931,0.775630838349843,0.873253818530164,0.551885914731928,0.363333595804517,-0.151974731984555
315,"Male","Primary common 1st-99th",-2.07007737086706,-8.23346755164118,0.668662016599575,0.681415767517607,0.989990112192144,0.886262219060267,0.397962808464142,0.0489478021188408,-0.34777177751986
315,"Male","Strict recommended/common 5th-95th",-2.17645037102057,-8.59338679035333,0.666039498800746,0.678743242357001,0.985710350765787,0.85706941993842,0.338213545956356,0.0489478021188413,-0.425861839957491
316,"Female","Primary common 1st-99th",-1.7823425079681,-10.7239764362984,0.544614478972493,0.556845296616562,0.874106645476919,0.958710061256532,0.62018097772043,0.410756843847775,-0.0185277742033435
316,"Female","Strict recommended/common 5th-95th",-1.79607035232696,-10.6921765497908,0.544808755215274,0.557043777713528,0.743228943564791,0.919686616086317,0.61998758375203,0.410756843847776,-0.01445536229985
316,"Male","Primary common 1st-99th",-1.98647035224497,-7.88146199199109,0.681180175507649,0.699473667062586,0.989147763858934,0.876102566487615,0.424645154314,0.0207188201456601,-0.386276083985752
316,"Male","Strict recommended/common 5th-95th",-2.10805044556742,-8.3196561132143,0.677939958201605,0.696146445530589,0.986007729077676,0.855152469354509,0.339735456897766,0.0207188201456606,-0.43928984226809
317,"Female","Primary common 1st-99th",-1.80561318007991,-10.7884536300982,0.535211818420355,0.547210014780799,0.890127468518899,0.886210132739278,0.561450997078019,0.359642736498309,-0.195694632475528
317,"Female","Strict recommended/common 5th-95th",-1.83644193724676,-10.9062697733785,0.534505282000474,0.546487482271822,0.775507790681191,0.860913628516203,0.548660184523724,0.359642736498308,-0.180197165207303
317,"Male","Primary common 1st-99th",-1.97959952559298,-7.83640607858103,0.662632808577224,0.67757364427339,0.979526263274143,0.864612432569018,0.507513849054709,-0.0198703431711007,-0.422921664010907
317,"Male","Strict recommended/common 5th-95th",-2.10105146209148,-8.2980461072687,0.659313786713731,0.674179799800743,0.970697252425684,0.868349296845149,0.38415302094076,-0.0198703431711004,-0.380560843555717
318,"Female","Primary common 1st-99th",-1.81456833812507,-10.8689049090459,0.552557940852264,0.562457349750893,0.891158112524578,0.912174878451899,0.560038484130407,0.364298075656616,-0.13764734385585
318,"Female","Strict recommended/common 5th-95th",-1.85126192495588,-11.0093518647095,0.551687549281285,0.561571203319092,0.779917155512852,0.892136939278244,0.551388432608878,0.364298075656615,-0.107787952758798
318,"Male","Primary common 1st-99th",-2.00940246622004,-7.96096587616133,0.6781362283136,0.689572540876134,0.987254584030399,0.865562433542308,0.458768230658432,0.0292591737328514,-0.414494290246089
318,"Male","Strict recommended/common 5th-95th",-2.13552775231008,-8.41731011173411,0.674773975313535,0.686153599279585,0.982235443410078,0.835393753042154,0.382342428312816,0.0292591737328521,-0.493653422162296
319,"Female","Primary common 1st-99th",-1.87578355811314,-11.1892356888176,0.559091435063963,0.569371628550457,0.907972338537025,0.862700786030948,0.520061020342173,0.317847666181631,-0.251751248875602
319,"Female","Strict recommended/common 5th-95th",-1.89753550685919,-11.2472716810771,0.558726377928435,0.568999695357341,0.800265873821906,0.807729414043896,0.507098257941022,0.317847666181631,-0.313576655707819
319,"Male","Primary common 1st-99th",-2.01492299625123,-7.97973613418698,0.678852230226487,0.691012229397323,0.978978606148034,0.864370968610392,0.511113783963864,0.0609794989351497,-0.403730685886615
319,"Male","Strict recommended/common 5th-95th",-2.15786772445358,-8.50877334674792,0.674949469461038,0.687039573771701,0.968849261094867,0.84035285774143,0.42116853309295,0.0609794989351501,-0.443603561591175
320,"Female","Primary common 1st-99th",-1.83680629453693,-10.9554273674547,0.555115529671307,0.565164021773465,0.897560714658785,0.863561910776301,0.545480718040017,0.336137402096736,-0.248662994825223
320,"Female","Strict recommended/common 5th-95th",-1.84843195040259,-10.9563825294865,0.555109870413915,0.565158097675191,0.780978985227542,0.812553869218047,0.532470050757629,0.336137402096736,-0.300073785214913
320,"Male","Primary common 1st-99th",-1.98598708227789,-7.82285912214688,0.683942330044331,0.69746312493944,0.98824222533725,0.829738517950773,0.531070009376388,0.0206402957902028,-0.544592329324898
320,"Male","Strict recommended/common 5th-95th",-2.09699263754526,-8.24309734915479,0.680824272468798,0.694283440483231,0.9817407861436,0.799537999430389,0.437801044953487,0.0206402957902033,-0.631354605809817
321,"Female","Primary common 1st-99th",-1.79232290417115,-10.7586921355088,0.553315304340696,0.56354761498834,0.897751486287392,0.935948781697436,0.54586603226165,0.356151501149947,-0.0818037074534559
321,"Female","Strict recommended/common 5th-95th",-1.83355851767982,-10.9080965467799,0.552389257273452,0.562604281772567,0.788525729526565,0.902513393362902,0.541641723812732,0.356151501149946,-0.0794057202110032
321,"Male","Primary common 1st-99th",-1.99818078166304,-7.93958534774498,0.662222056377678,0.677156373082964,0.986277706224203,0.885074883835082,0.427628126937622,0.0202159369310536,-0.341632890282337
321,"Male","Strict recommended/common 5th-95th",-2.12403440330251,-8.3868753577579,0.659004599847361,0.673866370300361,0.981328574757479,0.861188869117644,0.350513492083127,0.020215936931054,-0.39004860430026
322,"Female","Primary common 1st-99th",-1.80844504625459,-10.8214174002767,0.553442848478986,0.564271982348448,0.88566242531937,0.900245012935149,0.573301706115524,0.36958322795352,-0.155951156192045
322,"Female","Strict recommended/common 5th-95th",-1.82062731748235,-10.8216578512364,0.553441649752507,0.564270598435666,0.769359575478147,0.881425596329281,0.563776866710685,0.369583227953519,-0.114332402085701
322,"Male","Primary common 1st-99th",-1.99047332573804,-7.88127092394594,0.684421149337647,0.701501603515658,0.986965123291094,0.863221620757821,0.465367633937345,0.0607942601575371,-0.415572780100399
322,"Male","Strict recommended/common 5th-95th",-2.11740460085871,-8.34249175783048,0.680994438998267,0.697989389761055,0.982016799514857,0.831136580390044,0.389249307747106,0.0607942601575376,-0.493898306923019
323,"Female","Primary common 1st-99th",-1.86077757608721,-11.1083350006246,0.547638218498563,0.559923045384918,0.892411564356685,0.873535419786438,0.556570739087519,0.345922771610612,-0.226199947275601
323,"Female","Strict recommended/common 5th-95th",-1.89879185605387,-11.2625830554259,0.546688228189396,0.558951583555343,0.773117045352612,0.825303091503632,0.544548784514748,0.345922771610612,-0.268385348922509
323,"Male","Primary common 1st-99th",-1.99641658969541,-7.89408412239674,0.674922525432181,0.687311730405348,0.986871229729704,0.853627039652172,0.485857682432851,0.0214593275711361,-0.452824706027617
323,"Male","Strict recommended/common 5th-95th",-2.11097497393308,-8.31732180295662,0.671821230280812,0.684153519861647,0.980126897755114,0.831263179878318,0.395431205816174,0.0214593275711367,-0.49796532850009
324,"Female","Primary common 1st-99th",-1.83084571561736,-10.9630360528501,0.540543072198892,0.551879224851439,0.889654951622807,0.907906215608591,0.563566575553323,0.365012458206989,-0.142683611132949
324,"Female","Strict recommended/common 5th-95th",-1.86543438940936,-11.0796020454505,0.539835686741904,0.55115684631884,0.768796630349212,0.861358941503939,0.558482845224544,0.365012458206988,-0.170978986011699
324,"Male","Primary common 1st-99th",-2.07896659183199,-8.23264986901983,0.660379026883137,0.676981801127679,0.992636369681149,0.853938619087087,0.45040662111461,0.0559758286647159,-0.460960648843413
324,"Male","Strict recommended/common 5th-95th",-2.13536189859172,-8.41486644078798,0.659067807938151,0.675637629537546,0.986188397788668,0.830754845158942,0.375506715160867,0.0559758286647165,-0.512316440259356
325,"Female","Primary common 1st-99th",-1.85003311132435,-11.0752622506466,0.54475888155439,0.555412068664178,0.892826177779534,0.90295475265674,0.55476654681067,0.364018071210296,-0.16317906595419
325,"Female","Strict recommended/common 5th-95th",-1.86825115795278,-11.1027211942511,0.544590954922397,0.555240699036001,0.779178126812733,0.874186350400734,0.546908336963016,0.364018071210297,-0.1627045253678
325,"Male","Primary common 1st-99th",-2.05724087681784,-8.14412556264116,0.667566939551689,0.682564690688649,0.991419337327424,0.856017949666803,0.45317257706961,0.0275662050117477,-0.463781795621284
325,"Male","Strict recommended/common 5th-95th",-2.16200843766284,-8.52503186618199,0.664798738771211,0.679734312044686,0.987383411133701,0.838561507746853,0.359164190122937,0.027566205011748,-0.510981971952974
326,"Female","Primary common 1st-99th",-1.82981372692467,-10.9414140637032,0.540476836503322,0.552164187188512,0.890664320294775,0.892931141886056,0.560048496040371,0.360010090137389,-0.179837645944883
326,"Female","Strict recommended/common 5th-95th",-1.86271519907195,-11.0634019497339,0.539736805908323,0.551407995696603,0.77471224970173,0.861858173428646,0.550057359978659,0.360010090137389,-0.176850616043499
326,"Male","Primary common 1st-99th",-2.0084765543983,-7.9478935195874,0.67266665643184,0.684615931770363,0.989975544871342,0.856683291280319,0.460629643774809,0.00827555793018744,-0.452630452039358
326,"Male","Strict recommended/common 5th-95th",-2.10298857603198,-8.29367981326345,0.670139892865486,0.682044296028599,0.984174929401139,0.84489723156699,0.361654575419169,0.0082755579301878,-0.466656396182532
327,"Female","Primary common 1st-99th",-1.83797325394768,-10.9568458625269,0.539808400643314,0.550555125020544,0.888931824517179,0.859661396252229,0.566897095500865,0.349210821886489,-0.262465059481127
327,"Female","Strict recommended/common 5th-95th",-1.86902478011435,-11.0825256606281,0.539046777037031,0.549778180073239,0.76859686759591,0.819878873424708,0.549746221083463,0.349210821886489,-0.29231956552037
327,"Male","Primary common 1st-99th",-1.94707998982007,-7.70905886108315,0.681364408960175,0.695678657801383,0.980515736018028,0.866652352791882,0.498098501025385,0.0189787140467559,-0.408251113227521
327,"Male","Strict recommended/common 5th-95th",-2.06507821925126,-8.16042193868544,0.678032146470361,0.692276403790533,0.962470868660016,0.878133888531915,0.40661201366325,0.0189787140467565,-0.317913094740992
328,"Female","Primary common 1st-99th",-1.83869868303815,-11.0010816772699,0.547967262751198,0.558243825841702,0.891831298474185,0.90025789997564,0.557241956568045,0.357380959689856,-0.167233738827442
328,"Female","Strict recommended/common 5th-95th",-1.89195742502161,-11.2394699772374,0.546499794544344,0.556748676561216,0.777433371812189,0.865151488816431,0.546975755891209,0.357380959689856,-0.176992441267618
328,"Male","Primary common 1st-99th",-2.06272442422015,-8.15373454747644,0.679945741756859,0.698417880227518,0.990296326210067,0.845207245780531,0.484621232965402,0.0399006146644625,-0.493575927185847
328,"Male","Strict recommended/common 5th-95th",-2.15919233276649,-8.4991042841976,0.677388995123029,0.695791687898732,0.983914468120568,0.813362966677329,0.409901306744974,0.0399006146644628,-0.586305904894968
329,"Female","Primary common 1st-99th",-1.79237651902698,-10.7415935217652,0.553015707209177,0.564325322511206,0.890862787613955,0.916150005441235,0.561362143519259,0.364954228568739,-0.120425617719796
329,"Female","Strict recommended/common 5th-95th",-1.79761872929843,-10.6794022495371,0.5534013159343,0.564718656154798,0.77074210988696,0.870577917405021,0.558300822418309,0.364954228568739,-0.143068266975751
329,"Male","Primary common 1st-99th",-1.99770474001462,-7.94368035335,0.687137789213979,0.699408160506871,0.984187642712616,0.889218945808811,0.43527188688752,0.0953002000056271,-0.308109738206144
329,"Male","Strict recommended/common 5th-95th",-2.10495897354374,-8.30975088408792,0.684405377391802,0.696626969048867,0.974596883217148,0.859493252712536,0.378862351937316,0.0953002000056275,-0.353262700869702
330,"Female","Primary common 1st-99th",-1.85278129904581,-11.0696630419221,0.555230935586093,0.565653300572118,0.89085024553235,0.881990986952796,0.559783134240306,0.352710248646798,-0.199330524912037
330,"Female","Strict recommended/common 5th-95th",-1.87685921796185,-11.1374531610441,0.554807987010989,0.565222250499633,0.770952392486675,0.838509685233678,0.54991334115004,0.352710248646797,-0.220480564366052
330,"Male","Primary common 1st-99th",-2.05110566844389,-8.12394957205582,0.687561707858574,0.700754885440101,0.987927998348928,0.860720701556666,0.464567147588561,0.0403909679242391,-0.429424088718571
330,"Male","Strict recommended/common 5th-95th",-2.16910128211605,-8.5539477616421,0.684343837649092,0.697475283416205,0.983764238430763,0.839490613998849,0.37099333382797,0.0403909679242397,-0.472472002865237
331,"Female","Primary common 1st-99th",-1.8088941274723,-10.8565458954041,0.547030483088843,0.558258881188341,0.898563280350042,0.933082164339182,0.542939145520274,0.357641138855333,-0.0892769945073359
331,"Female","Strict recommended/common 5th-95th",-1.8441516364195,-10.9589871138814,0.546402139234482,0.557617480680211,0.783199432531497,0.875325146875474,0.541267334334034,0.357641138855333,-0.14732045474085
331,"Male","Primary common 1st-99th",-2.02768564008917,-8.06078888865642,0.681232982600758,0.693324107535597,0.981108097963003,0.888088008188268,0.458484361351233,0.00505932809494002,-0.333858809272924
331,"Male","Strict recommended/common 5th-95th",-2.16636342235203,-8.55674250749042,0.677558218174955,0.689584134013176,0.980115235758896,0.863122356387655,0.352973565835194,0.00505932809494042,-0.394127539149762
332,"Female","Primary common 1st-99th",-1.85465043160586,-11.0869670709761,0.547100206744527,0.558957109487421,0.891008113354076,0.888398815180301,0.559172148090255,0.351446114121585,-0.185375140596088
332,"Female","Strict recommended/common 5th-95th",-1.8869398823928,-11.1993489010688,0.546408988598377,0.55825075076462,0.770980530677875,0.841925623704895,0.550591919756992,0.351446114121585,-0.213149416711335
332,"Male","Primary common 1st-99th",-2.03007891667305,-8.0399871977021,0.678291932230195,0.691911205957065,0.990051260395288,0.861301306539675,0.44997241070487,0.0200067885229503,-0.442567130781564
332,"Male","Strict recommended/common 5th-95th",-2.14506413599055,-8.46244418970937,0.675175967817074,0.688732690278855,0.985562970375141,0.847388642573824,0.352760030049821,0.0200067885229506,-0.473117610944727
333,"Female","Primary common 1st-99th",-1.84593378549876,-11.0412510926602,0.54776885315872,0.55957671278682,0.872434835396959,0.894739480065008,0.606272396165304,0.394309675023667,-0.167828354114831
333,"Female","Strict recommended/common 5th-95th",-1.8717439378705,-11.1097271578211,0.547347497978914,0.559146114493958,0.735767174312134,0.844518886448605,0.600630497678687,0.394309675023668,-0.200273669333418
333,"Male","Primary common 1st-99th",-2.04981163662667,-8.11127037651786,0.688130417068816,0.703348312409978,0.989390278185242,0.85421812247675,0.469648018069289,0.0291603195505698,-0.458304618572954
333,"Male","Strict recommended/common 5th-95th",-2.16373180532205,-8.52932969810318,0.684999736847429,0.700148411448338,0.985196446246805,0.833810206370837,0.374309771391113,0.0291603195505704,-0.504775236135527
334,"Female","Primary common 1st-99th",-1.84753825057692,-11.0507954960965,0.548281202452665,0.559789066627083,0.904506680989853,0.894508122208934,0.523685925070405,0.330694920925897,-0.177350126105359
334,"Female","Strict recommended/common 5th-95th",-1.87336896510324,-11.1284921900155,0.547802572462786,0.559300230169589,0.800279635086463,0.86427618121653,0.513446984093193,0.330694920925898,-0.174014054534137
334,"Male","Primary common 1st-99th",-2.0174022292227,-8.01567990462421,0.684262428812006,0.697830712127211,0.978064758106315,0.884754851186624,0.483653405584697,0.0751020415797582,-0.325911219715781
334,"Male","Strict recommended/common 5th-95th",-2.13764197281918,-8.41800844817727,0.68126959935271,0.694778552280161,0.973874606787361,0.822698785381734,0.427240772033493,0.0751020415797587,-0.50938090523857
335,"Female","Primary common 1st-99th",-1.77299104886568,-10.6060794838795,0.546769958956568,0.559041973612989,0.910346861579491,0.901295279006115,0.50738059025435,0.321465777563757,-0.16515723537967
335,"Female","Strict recommended/common 5th-95th",-1.81626144090316,-10.7824353144526,0.545691584338756,0.557939235070011,0.808415202135689,0.854381474478908,0.499934575679827,0.321465777563757,-0.204364097911213
335,"Male","Primary common 1st-99th",-2.00320904290603,-7.94760868346648,0.676971237269783,0.686383706713712,0.990736984775731,0.872776546323557,0.420481477443364,0.0156195051485606,-0.395523154102304
335,"Male","Strict recommended/common 5th-95th",-2.08785767774928,-8.23585098405948,0.674851502096985,0.684234512497816,0.984595236061841,0.848721721076523,0.354562463548004,0.0156195051485611,-0.452923838387319
336,"Female","Primary common 1st-99th",-1.82976530153448,-10.9196605675165,0.544604422158729,0.555536675898687,0.903905245988652,0.871090680259108,0.528273044996355,0.331519943267868,-0.23450445938168
336,"Female","Strict recommended/common 5th-95th",-1.85388024664486,-10.9945904836948,0.544146618063339,0.555069522261259,0.794849801834981,0.825168862222543,0.515284389003478,0.331519943267868,-0.276022850076305
336,"Male","Primary common 1st-99th",-1.98910051091109,-7.85856858844181,0.689982668953569,0.70234943891692,0.988080002156903,0.848201389342481,0.490543093002329,0.0305438665849143,-0.472175712587221
336,"Male","Strict recommended/common 5th-95th",-2.09331838775143,-8.23960032453915,0.687129444765907,0.699445089276414,0.981066837466913,0.818662088425349,0.410657491178309,0.0305438665849146,-0.544388377560365
337,"Female","Primary common 1st-99th",-1.81917307443417,-10.8810068610894,0.554383936590594,0.566432821611042,0.896228909083069,0.892948770252599,0.545627855664768,0.348140329634121,-0.176920592648565
337,"Female","Strict recommended/common 5th-95th",-1.80667845874546,-10.7277285517151,0.55533773076402,0.567407183423274,0.783971113192079,0.857632442711115,0.535666029315293,0.348140329634122,-0.183534441555914
337,"Male","Primary common 1st-99th",-1.98648361414283,-7.88142903897188,0.688206402919082,0.700186306476309,0.988380267910297,0.876522340434932,0.429152916347827,0.0163912103002025,-0.385201550598627
337,"Male","Strict recommended/common 5th-95th",-2.11540890904985,-8.35012782795603,0.684704867922321,0.69662383254114,0.98616947400588,0.857014333154346,0.336399325573792,0.0163912103002028,-0.434615889761943
338,"Female","Primary common 1st-99th",-1.82593288912305,-10.9047384571777,0.540492595984078,0.550689801798596,0.900403223680352,0.879013025774287,0.535871857480283,0.338303142952796,-0.217200427230594
338,"Female","Strict recommended/common 5th-95th",-1.84678147837285,-10.9649743693194,0.540127464988096,0.550317623761765,0.793753791608158,0.85332114504964,0.520762301064773,0.338303142952796,-0.210656828331147
339,"Female","Primary common 1st-99th",-1.83708642264681,-10.9974851109917,0.536844273202906,0.547919016930244,0.90730361322542,0.904325221454346,0.515688596949879,0.334949549000625,-0.160522815385124
339,"Female","Strict recommended/common 5th-95th",-1.86885273544765,-11.1017380598013,0.536215726219214,0.547277346442035,0.803685210361179,0.864238165114013,0.508458524148405,0.334949549000625,-0.186608341475086
339,"Male","Primary common 1st-99th",-2.0484834301536,-8.11830126001629,0.675677781212798,0.692485760182409,0.989857786060951,0.864112295337761,0.445093290448148,0.0226420752986093,-0.424525346765647
339,"Male","Strict recommended/common 5th-95th",-2.15760028466652,-8.51073046024948,0.672791997954259,0.689528204455161,0.984728527965016,0.844532779877062,0.360103633774089,0.0226420752986097,-0.466284554554085
340,"Female","Primary common 1st-99th",-1.85235532380706,-11.0836383471731,0.550256007094282,0.561826871820021,0.894974992521136,0.896878602063771,0.548893331897023,0.355880931962797,-0.175211304698354
340,"Female","Strict recommended/common 5th-95th",-1.86297066389893,-11.0657669555065,0.550366895040298,0.56193993075106,0.781280367728063,0.862678547092943,0.540747633856333,0.355880931962797,-0.186779727997924
340,"Male","Primary common 1st-99th",-2.06630184267854,-8.1851793723494,0.677649910188488,0.689433425836052,0.987871757574048,0.859932114649968,0.466573849037783,0.0312070556348039,-0.43405809298534
340,"Male","Strict recommended/common 5th-95th",-2.18070814009347,-8.59100054168674,0.674654754753647,0.686386201801874,0.982077858131502,0.824079441576993,0.399406097928428,0.0312070556348043,-0.534276930444296
341,"Female","Primary common 1st-99th",-1.81414054133422,-10.8541326902189,0.545192449429832,0.557085096202888,0.878485909647491,0.898520235606866,0.591509175540573,0.385030632920088,-0.161290760910331
341,"Female","Strict recommended/common 5th-95th",-1.8283192237989,-10.8506571235335,0.545213993481003,0.557106950956132,0.745487416780765,0.845219538089115,0.587137853198141,0.385030632920087,-0.204745628962086
341,"Male","Primary common 1st-99th",-2.00468808702284,-7.95837623347006,0.6865339729647,0.701378221764737,0.984442642745575,0.878189706286785,0.452775548528999,0.0511830534069302,-0.354051740669354
341,"Male","Strict recommended/common 5th-95th",-2.11974417732884,-8.34887426466154,0.683621322658117,0.698402607906082,0.976625137101195,0.825916148777807,0.414290296860584,0.0511830534069306,-0.497013200149989
342,"Female","Primary common 1st-99th",-1.83880496568867,-10.9572224174995,0.540767980893197,0.552361190315991,0.908963664214879,0.854909077315126,0.519967160507166,0.312209165818674,-0.271282355425924
342,"Female","Strict recommended/common 5th-95th",-1.86688193819876,-11.0636767146218,0.540121758975823,0.551700955340782,0.803915731539484,0.807007660720161,0.502371350096001,0.312209165818673,-0.31879953134179
342,"Male","Primary common 1st-99th",-2.12692426006406,-8.42863514706473,0.666517955308375,0.68402848201953,0.985966210793929,0.856617254980902,0.48495215947173,0.0569355155134635,-0.428522354772738
342,"Male","Strict recommended/common 5th-95th",-2.20124403307644,-8.67405450263237,0.664731682005902,0.682195293683107,0.974715432613608,0.825666033736502,0.420659756335512,0.0569355155134641,-0.485418488114634
343,"Female","Primary common 1st-99th",-1.86753773950604,-11.158281507742,0.539928000554375,0.551939564666225,0.90320162035022,0.88166242032217,0.528343668267219,0.329939778060524,-0.204944252732661
343,"Female","Strict recommended/common 5th-95th",-1.89605354151876,-11.2512495209315,0.539363282204701,0.551362124836275,0.79389784538295,0.836052513012044,0.517818029745036,0.329939778060524,-0.237178814900604
343,"Male","Primary common 1st-99th",-2.05480179539302,-8.1640721438046,0.681197423716877,0.694154522115775,0.990331298808648,0.880348921331253,0.40742631834741,0.0568767484013853,-0.367721273905872
343,"Male","Strict recommended/common 5th-95th",-2.16144202037372,-8.53810362386184,0.678423082226425,0.691327423254728,0.986920020746221,0.864419539907366,0.322659209765268,0.0568767484013859,-0.39483760238652
344,"Female","Primary common 1st-99th",-1.84410439655844,-11.0637445065598,0.547649626244191,0.5599450193677,0.912366993672012,0.927893588267806,0.502135393488748,0.327018646654437,-0.105804902994704
344,"Female","Strict recommended/common 5th-95th",-1.88127388388215,-11.1826952820901,0.546917443063372,0.559196237987311,0.812135662944294,0.880092056725762,0.499100098125943,0.327018646654437,-0.146812253941423
344,"Male","Primary common 1st-99th",-2.06297131854299,-8.21766661549108,0.678691952313221,0.694252434647717,0.981361304334401,0.898117230394223,0.441531825676815,0.0738651449494133,-0.283873551489751
344,"Male","Strict recommended/common 5th-95th",-2.17934316048445,-8.60919514823071,0.675796817466576,0.691290936175427,0.964527075797892,0.866661155974971,0.408795430385846,0.0738651449494139,-0.340955299605505
345,"Female","Primary common 1st-99th",-1.78031162389015,-10.6348448406533,0.548454418690437,0.55966716303996,0.891769201575364,0.886523214008743,0.557276284537145,0.35318687429616,-0.191054619624459
345,"Female","Strict recommended/common 5th-95th",-1.82402522884908,-10.8294530824969,0.54726035531748,0.558448526954539,0.777635795471298,0.855105404627212,0.544166155381187,0.353186874296159,-0.183755404492314
345,"Male","Primary common 1st-99th",-1.99093926708748,-7.89556086631671,0.677002379488819,0.697436408267639,0.98743607247986,0.873940051913194,0.440751931915377,0.0396869849820254,-0.391537439105968
345,"Male","Strict recommended/common 5th-95th",-2.13313468708294,-8.41308674124937,0.673198423535636,0.693517650941736,0.986458454009074,0.844304638653751,0.353894501561428,0.039686984982026,-0.478643082256517
346,"Female","Primary common 1st-99th",-1.82009138142059,-10.8629462489685,0.552296239684074,0.563206155103593,0.902352142923854,0.87383466294258,0.531691324548289,0.328016238642978,-0.225985409027982
346,"Female","Strict recommended/common 5th-95th",-1.85609835741181,-11.0088093089398,0.551392761290433,0.562284667624077,0.792475582619282,0.827943819160634,0.518775710025662,0.328016238642978,-0.2631825813639
346,"Male","Primary common 1st-99th",-2.04733817831194,-8.07093674772904,0.678891508507893,0.695037044216893,0.991117056029609,0.829054903746924,0.518072536486846,0.0166575389815632,-0.553702447959996
346,"Male","Strict recommended/common 5th-95th",-2.14566365951369,-8.44656280768763,0.676117583861231,0.692197163049746,0.985511116586499,0.815747665813855,0.401203708797166,0.0166575389815636,-0.580926385432986
347,"Female","Primary common 1st-99th",-1.84902069015255,-11.0697955778599,0.555743556130142,0.567833718484928,0.89654386481861,0.904057020668356,0.544933439824206,0.351253949748405,-0.155188508000509
347,"Female","Strict recommended/common 5th-95th",-1.87408325398719,-11.1286190912051,0.55537624968037,0.567458258942863,0.780522616387098,0.855404284376116,0.540106089830914,0.351253949748404,-0.194838355582585
347,"Male","Primary common 1st-99th",-2.07035837522056,-8.15741424568211,0.684140106037352,0.695377602665988,0.99167335769003,0.823573824641453,0.528501662496617,0.000249245479031232,-0.58240650076754
347,"Male","Strict recommended/common 5th-95th",-2.1711898701633,-8.54603186930858,0.681245328728352,0.692435290133245,0.987164097257404,0.811272185836924,0.403234903982153,0.000249245479031512,-0.618630426784942
348,"Female","Primary common 1st-99th",-1.86875798340607,-11.1328870492012,0.550571402868438,0.561626029931461,0.888503708910395,0.847412460264858,0.570339390404835,0.348259608128051,-0.278455006781995
348,"Female","Strict recommended/common 5th-95th",-1.86365645136872,-11.0463466745891,0.551107852380053,0.562173088955786,0.768505605143448,0.810378516010115,0.548517107398778,0.348259608128051,-0.289810690756295
348,"Male","Primary common 1st-99th",-2.01255172988256,-7.95733445917601,0.677472699230833,0.693946918498214,0.98640008241642,0.850619569542208,0.49491831300102,0.0155610391045739,-0.468158316960825
348,"Male","Strict recommended/common 5th-95th",-2.07967848945269,-8.19451191163865,0.675727027177617,0.692158810588845,0.978493461911184,0.83514773090471,0.395539777019068,0.0155610391045742,-0.489924644250356
349,"Female","Primary common 1st-99th",-1.76451705278174,-10.5047791963858,0.550751111579673,0.562038667739397,0.907542419453601,0.853510587129219,0.523879245789306,0.313680672039339,-0.275885078439353
349,"Female","Strict recommended/common 5th-95th",-1.81767592217361,-10.773534712416,0.549097492457328,0.560350995464265,0.805958409231647,0.815683466421,0.499883742394113,0.313680672039339,-0.299008172288708
349,"Male","Primary common 1st-99th",-1.97454115348937,-7.80259317217814,0.674622757564793,0.69156333648425,0.981646293104922,0.852312695794003,0.518154181690361,0.00829802591232493,-0.464472909594636
349,"Male","Strict recommended/common 5th-95th",-2.08057425364649,-8.19249492724754,0.671769838508773,0.688638791511816,0.976753219759553,0.826213128581282,0.413475589145307,0.0082980259123254,-0.540786886989077
350,"Female","Primary common 1st-99th",-1.79829442432604,-10.763993835342,0.539509485066549,0.550432772638972,0.884441739681157,0.905788964916464,0.577031833143334,0.374932966517658,-0.150911756551373
350,"Female","Strict recommended/common 5th-95th",-1.8362949808528,-10.9009721607253,0.538681617458918,0.549587985851878,0.75708635074926,0.851414027212414,0.572500657271573,0.374932966517659,-0.202435644729736
350,"Male","Primary common 1st-99th",-2.02541735506073,-7.970012046748,0.667142088085024,0.681596315111581,0.982543771942237,0.818302852086531,0.58367442118273,0.025373568416482,-0.58604221774552
350,"Male","Strict recommended/common 5th-95th",-2.0890693708322,-8.23320477044849,0.665234210065102,0.679647114312965,0.973094348308175,0.83723189746876,0.41091357087006,0.0253735684164824,-0.47752243246755
351,"Female","Primary common 1st-99th",-1.85628502259148,-11.0585043115628,0.552686590535295,0.564790195956749,0.899339984181208,0.850126176364092,0.54449635655408,0.324072126928148,-0.274512556853875
351,"Female","Strict recommended/common 5th-95th",-1.87439551754959,-11.112837631948,0.552349255455841,0.564445310738711,0.789106342915124,0.816599953378156,0.522163086562279,0.324072126928148,-0.278795748976387
351,"Male","Primary common 1st-99th",-2.04855851857675,-8.1623206708497,0.683791886275303,0.698138395627598,0.986620763044059,0.89953123482024,0.399755491487452,0.109928733310325,-0.281265707712772
351,"Male","Strict recommended/common 5th-95th",-2.15342235862707,-8.51416693343096,0.681172214919216,0.695463775037383,0.979272537355998,0.8788259074924,0.337955017047879,0.109928733310326,-0.301342909257116
352,"Female","Primary common 1st-99th",-1.80009782088762,-10.7377962318778,0.547403923821501,0.559545387701941,0.899683714369835,0.869428761966078,0.539150732153679,0.332961493093826,-0.237779441635788
352,"Female","Strict recommended/common 5th-95th",-1.83450417147778,-10.8732782689733,0.546573366561032,0.558696247643536,0.784445051747575,0.813720781367583,0.528040443794161,0.332961493093827,-0.301411903126631
352,"Male","Primary common 1st-99th",-1.98063010057195,-7.87619527349452,0.682931770510477,0.694566304450332,0.968292466812286,0.894340874058565,0.532320809855255,0.0629462680468645,-0.293845159095804
352,"Male","Strict recommended/common 5th-95th",-2.1470462445109,-8.46053958138912,0.678599966233333,0.690160717050177,0.965083608573195,0.830802510561214,0.444168035455614,0.0629462680468652,-0.486299034923703
353,"Female","Primary common 1st-99th",-1.80574109368925,-10.8224443871332,0.552989615507815,0.565817603489307,0.885355305003718,0.917609809889279,0.576400779827443,0.379200678270951,-0.125919364817047
353,"Female","Strict recommended/common 5th-95th",-1.82717018763476,-10.8590458156688,0.552762942461989,0.56558551056711,0.762719250458368,0.878963963143382,0.572872794545734,0.379200678270951,-0.142663004473793
353,"Male","Primary common 1st-99th",-2.00168976327202,-7.98257390962882,0.676565316202888,0.690864645585732,0.9795959768732,0.909693987032939,0.4388798560263,0.0368480036107287,-0.253666611431224
353,"Male","Strict recommended/common 5th-95th",-2.13332720581533,-8.41438430171591,0.673390450061319,0.687622692365597,0.973391409252213,0.847420822203178,0.397418725652201,0.0368480036107293,-0.450675207262952
354,"Female","Primary common 1st-99th",-1.81594336438462,-10.9027972600828,0.552958778615077,0.564141856106191,0.879858329993477,0.937017664235396,0.596059981777984,0.395575714454059,-0.0736141170949476
354,"Female","Strict recommended/common 5th-95th",-1.85307656525095,-11.0196522522624,0.552233839980959,0.563402095360277,0.752126394596461,0.89161855198576,0.593557630909705,0.395575714454058,-0.0925370219212788
354,"Male","Primary common 1st-99th",-2.10090116503811,-8.33915110692018,0.66103396032997,0.678366919060717,0.989239735790963,0.870925995827352,0.43469948187394,0.0618300004698604,-0.391240144457613
354,"Male","Strict recommended/common 5th-95th",-2.20256815292606,-8.697946869395,0.658446473007082,0.675711598486013,0.983751597310026,0.857629306671329,0.345427626294904,0.0618300004698608,-0.396680334881774
355,"Female","Primary common 1st-99th",-1.81598598774518,-10.8493907707187,0.551152915988038,0.563797656024624,0.912647192799053,0.885689752181771,0.502854199126724,0.305364907458449,-0.197423712283063
355,"Female","Strict recommended/common 5th-95th",-1.86641061169359,-11.0613340779926,0.549842918486034,0.562457442366444,0.807889673054393,0.80899442603111,0.497241516237172,0.305364907458449,-0.304539313070471
355,"Male","Primary common 1st-99th",-2.06188671752435,-8.15234349185675,0.69794139053586,0.714318980929638,0.986073322295178,0.849400262081649,0.499340085957586,0.040924377158859,-0.467447826631767
355,"Male","Strict recommended/common 5th-95th",-2.20084040783646,-8.67107743588411,0.693999638056229,0.710284747077631,0.981596657569464,0.824408414782588,0.400480632556591,0.0409243771588596,-0.525483146596506
356,"Female","Primary common 1st-99th",-1.81563485531085,-10.8422423783114,0.53921072801499,0.550748525534557,0.903978169048494,0.880254160049286,0.5265282395355,0.324684035003357,-0.212596543817517
356,"Female","Strict recommended/common 5th-95th",-1.85720084435741,-11.0136416522031,0.538174421609694,0.54968988645095,0.79352170743326,0.824631527437776,0.517018899625198,0.324684035003358,-0.273899940086933
356,"Male","Primary common 1st-99th",-1.99864570079047,-7.94049223985348,0.677524611494283,0.692672074281827,0.97508272712389,0.88717793402034,0.499127110049313,0.0908604795283479,-0.328345257345302
356,"Male","Strict recommended/common 5th-95th",-2.15092125995826,-8.49397739261877,0.673451214164338,0.688507622123052,0.972168061878687,0.862398446474935,0.384785812845368,0.0908604795283486,-0.385432387864113
357,"Female","Primary common 1st-99th",-1.84127978146233,-10.9880602767356,0.543177234237002,0.553755889675702,0.890146855255952,0.871747080005929,0.562328346388588,0.356371290469154,-0.23132671325485
357,"Female","Strict recommended/common 5th-95th",-1.8858462419333,-11.1875323934781,0.541960285754412,0.552515081080133,0.771486439907735,0.83056240655353,0.547649880969055,0.356371290469155,-0.257632532031666
357,"Male","Primary common 1st-99th",-1.99352356838572,-7.88898715864109,0.670559500154512,0.686891195633368,0.975271549744644,0.860082754166446,0.539243293977152,0.00057938904795016,-0.417439765895871
357,"Male","Strict recommended/common 5th-95th",-2.12574791096655,-8.36541046316283,0.667091237039533,0.683338475661187,0.955541578138042,0.815008853798747,0.489602807670974,0.000579389047950673,-0.53527002240426
358,"Female","Primary common 1st-99th",-1.84528584929321,-11.0345504019884,0.536155454296743,0.548374768547292,0.899193188986703,0.893743014057113,0.537835307054836,0.336157226301084,-0.179273398099293
358,"Female","Strict recommended/common 5th-95th",-1.89441769632931,-11.2481010454293,0.534868763809186,0.547058596151405,0.788758043736152,0.851433722347437,0.527521910151094,0.336157226301084,-0.203355609136917
358,"Male","Primary common 1st-99th",-2.00822249828157,-7.94516843786803,0.685440098405273,0.701539921065841,0.987458723834805,0.856064956677488,0.477240147312586,0.0123131298806608,-0.447072631738889
358,"Male","Strict recommended/common 5th-95th",-2.11646411116174,-8.34354146383055,0.682473868807026,0.698504033579541,0.981545603856527,0.838197571709232,0.380762233046389,0.0123131298806611,-0.47829267840047
359,"Female","Primary common 1st-99th",-1.83842621462947,-10.9988467789651,0.556594838291211,0.568426013171611,0.889546842254463,0.895425307036121,0.562987367209132,0.359989105559903,-0.168391197128307
359,"Female","Strict recommended/common 5th-95th",-1.83857074467553,-10.9110073123976,0.557144462451993,0.568987157942897,0.766060775974348,0.842640532096025,0.557614299101889,0.359989105559903,-0.211956618873087
359,"Male","Primary common 1st-99th",-2.0209905686115,-8.01975259272471,0.66631471019142,0.686256644901883,0.990023439079137,0.872706382093214,0.42559879315339,0.006054808480285,-0.398821422344428
359,"Male","Strict recommended/common 5th-95th",-2.0982083228539,-8.27179011264288,0.664488977271162,0.684376283634767,0.982414346903229,0.840195738464452,0.374841041413875,0.0060548084802855,-0.491863159755972
360,"Female","Primary common 1st-99th",-1.84031480560056,-10.978483900431,0.554865622309033,0.565738301010141,0.902256518892525,0.867585007547652,0.533110291015733,0.326891328827522,-0.241054101447861
360,"Female","Strict recommended/common 5th-95th",-1.87848366172617,-11.1440182107,0.55383415311368,0.564686457028806,0.794910868118949,0.831022087051867,0.515812239872117,0.326891328827521,-0.257324381191591
360,"Male","Primary common 1st-99th",-1.99518593282402,-7.92374429802326,0.674149058320684,0.683839108744068,0.983920249156132,0.88217282844287,0.449209882260909,0.0152380373577145,-0.345944009267635
360,"Male","Strict recommended/common 5th-95th",-2.12080869251395,-8.36546515539974,0.670914992208782,0.680558570483165,0.976179399076243,0.84725426940067,0.3877475057116,0.0152380373577149,-0.43003331848305
361,"Female","Primary common 1st-99th",-1.72905633243208,-10.337561909871,0.550866460672535,0.561770384084802,0.904663098062384,0.898423750492704,0.523072311528268,0.334785927544569,-0.175380347823167
361,"Female","Strict recommended/common 5th-95th",-1.77422227154812,-10.5312876171745,0.549676544998085,0.560556753735521,0.798312420280128,0.853789379717054,0.514329557769095,0.334785927544569,-0.213825945184258
361,"Male","Primary common 1st-99th",-1.94231374020135,-7.69389890040407,0.66488586314303,0.677798113765244,0.978559292712859,0.869684837049401,0.50450917334303,0.0665544086560516,-0.371979581219356
361,"Male","Strict recommended/common 5th-95th",-2.05716991958287,-8.0960797653545,0.661988985816316,0.674844991684125,0.964361818349969,0.821904737636736,0.456759338680307,0.0665544086560519,-0.486641885695317
362,"Female","Primary common 1st-99th",-1.86920709298939,-11.1662464331562,0.549414588831746,0.561231711820923,0.874271750913423,0.877455468472742,0.600578359693322,0.383951249200553,-0.210374339598668
362,"Female","Strict recommended/common 5th-95th",-1.86903099750175,-11.0916850355601,0.549876023862425,0.561702910831425,0.742872115387624,0.839494799242046,0.58915146946526,0.383951249200553,-0.221374996834428
362,"Male","Primary common 1st-99th",-2.0214795008306,-7.99916214805075,0.681726633730347,0.696011335489603,0.989617640720935,0.856104202969084,0.4641079510593,0.0587014562206106,-0.444924194859584
362,"Male","Strict recommended/common 5th-95th",-2.1236433047973,-8.37340777932584,0.67895352695921,0.693180135406647,0.983861129021337,0.841139011099453,0.368247142310707,0.058701456220611,-0.459943278348416
363,"Female","Primary common 1st-99th",-1.805757344677,-10.7821531221245,0.533000153639452,0.545056987500028,0.905570915012088,0.879515414172218,0.522520408069462,0.327348496757024,-0.215766799726726
363,"Female","Strict recommended/common 5th-95th",-1.84252212618386,-10.9307183983831,0.532112887097169,0.544149493698278,0.798951171830366,0.834871450243995,0.510714733135221,0.327348496757024,-0.253160259149745
363,"Male","Primary common 1st-99th",-1.98823954609064,-7.8840589069895,0.67687452657017,0.691383265964515,0.986666888293854,0.872302969422283,0.44910419460386,0.0443584340006525,-0.38124191398591
363,"Male","Strict recommended/common 5th-95th",-2.10141991549173,-8.28903745287734,0.67389876994563,0.688343737800931,0.979326068304431,0.848628396748951,0.374559000014036,0.0443584340006529,-0.421428507087621
364,"Female","Primary common 1st-99th",-1.85973230551984,-11.0806161906656,0.545894929749542,0.557757793425547,0.895859363004893,0.851117209677973,0.55239969691223,0.340413050847758,-0.278602510755899
364,"Female","Strict recommended/common 5th-95th",-1.87544674156674,-11.1240333933321,0.545628673812431,0.557485590643268,0.785324260202225,0.826160101626463,0.528225188814099,0.340413050847757,-0.270351475879003
364,"Male","Primary common 1st-99th",-1.94935422100778,-7.72902105356498,0.688058335043282,0.70439092360966,0.976684001448232,0.877348442501336,0.503493561028142,0.0364892414277439,-0.359912027809577
364,"Male","Strict recommended/common 5th-95th",-2.10884503860402,-8.31527710705566,0.683686719232456,0.699915552046806,0.966296227711856,0.844310480211779,0.42512790788083,0.0364892414277443,-0.436576547564459
365,"Female","Primary common 1st-99th",-1.85528060705015,-11.0549156256486,0.530758416624282,0.541433144916276,0.884402750789476,0.851934867507722,0.578808049665438,0.356859299830867,-0.274574334218751
365,"Female","Strict recommended/common 5th-95th",-1.86466667507984,-11.0650451300784,0.53069825452148,0.541371616738272,0.768707704610692,0.838272464702114,0.552970817141066,0.356859299830867,-0.236860991156828
365,"Male","Primary common 1st-99th",-1.87914451381959,-7.4802254927963,0.678462086877423,0.691782566127024,0.963728526439692,0.907419027793913,0.54781409167312,0.0181693166164354,-0.24589060923778
365,"Male","Strict recommended/common 5th-95th",-2.0795445773355,-8.18594562682471,0.673286983899086,0.686505872971593,0.969908626226565,0.821338890292455,0.441045315234902,0.0181693166164359,-0.526986289320237
366,"Female","Primary common 1st-99th",-1.77679844272569,-10.629062201226,0.554304371758253,0.566105394085229,0.904838433589227,0.899603868160285,0.522556318975634,0.335855515229265,-0.165538066184279
366,"Female","Strict recommended/common 5th-95th",-1.7986384889328,-10.6808036474066,0.553983750323591,0.565777784469882,0.798798070410343,0.860996274172639,0.514957436640121,0.335855515229265,-0.18173456552527
366,"Male","Primary common 1st-99th",-2.06684766097015,-8.18832037299926,0.680753079382322,0.692519256366649,0.982132551059663,0.862072683425458,0.496857979568246,0.0699124966341878,-0.41767113454368
366,"Male","Strict recommended/common 5th-95th",-2.20232261698722,-8.67369063693174,0.67715427507001,0.688858264030604,0.982138472888647,0.816736917585714,0.410205818202868,0.0699124966341884,-0.549015040000498
367,"Female","Primary common 1st-99th",-1.86251228050507,-11.1530118080002,0.541698893490464,0.55220364397009,0.884317432788533,0.90634775727657,0.577424147905563,0.375514438132091,-0.148488271186564
367,"Female","Strict recommended/common 5th-95th",-1.8956025447213,-11.2523224048382,0.541093684562015,0.551586540887587,0.754447301070751,0.845228440603813,0.574531526269722,0.375514438132091,-0.215230670542355
367,"Male","Primary common 1st-99th",-1.98837357311586,-7.8741734155383,0.662962088374266,0.679374135618337,0.991228138967621,0.863620392545593,0.437214073235945,0.0255846802781058,-0.435951083781596
367,"Male","Strict recommended/common 5th-95th",-2.09815341348925,-8.28241127744055,0.660024353161524,0.676363688112151,0.988023500230322,0.859035567971118,0.325672838014276,0.0255846802781062,-0.431790453247501
368,"Female","Primary common 1st-99th",-1.86665802328534,-11.1573531140729,0.544684012047944,0.556543633802991,0.893639366230121,0.884909291695032,0.552583268277471,0.351796026434957,-0.19725597563748
368,"Female","Strict recommended/common 5th-95th",-1.88107483606946,-11.1685840268262,0.544615445521415,0.55647341485415,0.778896712403461,0.851235161022769,0.541486636363302,0.351796026434958,-0.201550307212452
368,"Male","Primary common 1st-99th",-2.07723158670772,-8.24299580120671,0.682701233496465,0.694704263331405,0.989628604600476,0.87072021288954,0.432496148648732,0.0793019251518671,-0.397554237201584
368,"Male","Strict recommended/common 5th-95th",-2.18575775666876,-8.62115495081209,0.679887664547797,0.691841240736232,0.98500204572147,0.841268989642673,0.363868729049196,0.0793019251518677,-0.472718684786874
369,"Female","Primary common 1st-99th",-1.81193415228069,-10.8501061015535,0.545538128781238,0.556767363681796,0.887159390986297,0.908295314205619,0.570207323799631,0.370537620415235,-0.142222291396558
369,"Female","Strict recommended/common 5th-95th",-1.83645289366967,-10.9071012803532,0.545189644956225,0.556411547450235,0.763918747831649,0.861772863088977,0.565659051369688,0.370537620415234,-0.171601994573305
369,"Male","Primary common 1st-99th",-2.04865241423367,-8.14121160797318,0.673371753438812,0.690302770217443,0.987106341583407,0.88243938009179,0.426608025283226,0.0460382332873713,-0.348683542880254
369,"Male","Strict recommended/common 5th-95th",-2.16603593978077,-8.55024747220553,0.670373366391705,0.68722900634095,0.982186890456117,0.853977638422275,0.356599651990714,0.0460382332873719,-0.41160354184118
370,"Female","Primary common 1st-99th",-1.86382753349286,-11.1115902441422,0.553070661614917,0.563513167239935,0.900229897669075,0.856459947441165,0.540650430874285,0.329689377459731,-0.26873243304651
370,"Female","Strict recommended/common 5th-95th",-1.87435601558513,-11.1068556754066,0.553100414951897,0.563543320319733,0.785105456666408,0.802608329634764,0.526377053675585,0.329689377459731,-0.332839518745746
370,"Male","Primary common 1st-99th",-1.99672800792252,-7.89549947094846,0.680888791917418,0.692280187326587,0.989640069703051,0.854187800976111,0.468209486954573,0.0322042977896702,-0.471551897516024
370,"Male","Strict recommended/common 5th-95th",-2.12232992902029,-8.36289872766965,0.677433565865626,0.688767168353415,0.98641756736258,0.832331978450064,0.372268776963703,0.0322042977896706,-0.540432318568996
371,"Female","Primary common 1st-99th",-1.78210445275942,-10.6525745680816,0.552664924658372,0.562380653447856,0.890812044607737,0.891757540574266,0.559657831673467,0.359293255709494,-0.181010943205362
371,"Female","Strict recommended/common 5th-95th",-1.80802508574033,-10.7361107712942,0.552148498991313,0.561854987743028,0.774577038150621,0.859724749786062,0.549697443262011,0.359293255709495,-0.178693313353393
371,"Male","Primary common 1st-99th",-1.96577734718155,-7.79824900359535,0.678868327775921,0.694822768940087,0.9857130743411,0.876866899780561,0.446709250814722,0.080129198747286,-0.359220054108271
371,"Male","Strict recommended/common 5th-95th",-2.0834777558086,-8.21821526260445,0.675776231005931,0.691658016791216,0.978207584637879,0.850281369144877,0.376547046054359,0.0801291987472866,-0.403575235695532
372,"Female","Primary common 1st-99th",-1.82876468610188,-10.9329177288183,0.545916075226229,0.555432020068891,0.896723971386759,0.889843101120288,0.544432414531221,0.351227971186526,-0.190930589288481
372,"Female","Strict recommended/common 5th-95th",-1.85015216019325,-10.9888330695191,0.545573644930708,0.555083461481573,0.786419189108821,0.862048923173036,0.533142194350137,0.351227971186526,-0.186477936355545
372,"Male","Primary common 1st-99th",-1.9440257078118,-7.69919818719353,0.668118945085322,0.684885571844493,0.982176859298768,0.868650473046942,0.484499684222124,0.00429492545122802,-0.39965239655642
372,"Male","Strict recommended/common 5th-95th",-2.06553723413487,-8.14554292821305,0.664888133710102,0.681573696009103,0.973713949194649,0.848538356789401,0.394942877925355,0.00429492545122845,-0.438830641122221
373,"Female","Primary common 1st-99th",-1.82718512268652,-10.9540645664455,0.547239607843436,0.559813824150598,0.883147612779056,0.919298060862208,0.582618959043875,0.383917845203985,-0.11612989845302
373,"Female","Strict recommended/common 5th-95th",-1.84571957837825,-10.9607403948925,0.547198869601457,0.559771990243232,0.752201301127504,0.858787958180349,0.581684184574434,0.383917845203985,-0.177433197569423
373,"Male","Primary common 1st-99th",-1.99683074162072,-7.91325402564495,0.689215794132443,0.705930706390174,0.977861090711172,0.870650895990434,0.507051978510221,0.0221101594240597,-0.401353885326092
373,"Male","Strict recommended/common 5th-95th",-2.16039759056637,-8.51346659847014,0.684723607049674,0.701329588581279,0.982395741919744,0.829737449298915,0.390012124599827,0.0221101594240601,-0.536665333712771
374,"Female","Primary common 1st-99th",-1.82115200046721,-10.8643965297942,0.551196977921585,0.562012270353075,0.902605867481024,0.869625087652567,0.53182652467888,0.330156273111396,-0.236673667140926
374,"Female","Strict recommended/common 5th-95th",-1.86326503845367,-11.0587127999217,0.549995658566326,0.560787217370071,0.798765179369427,0.843679942531341,0.512094603610159,0.330156273111396,-0.22748683140867
374,"Male","Primary common 1st-99th",-1.90986146747321,-7.56566921289399,0.663674052194199,0.680977867949313,0.98745707209359,0.870891635093783,0.44668282703837,0.0323747811184027,-0.388280540624872
374,"Male","Strict recommended/common 5th-95th",-2.01393234264886,-7.93730715073031,0.66100576322843,0.678240022669429,0.981135176793947,0.842663616010091,0.375988293485123,0.0323747811184031,-0.449008524600208
375,"Female","Primary common 1st-99th",-1.8113529695751,-10.8116576272256,0.541697271141,0.552104196388613,0.892367317532378,0.875566373051514,0.556470998722328,0.350725611357494,-0.219374879184968
375,"Female","Strict recommended/common 5th-95th",-1.84823346362362,-10.9665332002384,0.540756902151294,0.551145602516108,0.776207463310663,0.839070728257866,0.542747386409588,0.350725611357493,-0.230494435349142
375,"Male","Primary common 1st-99th",-1.96825631128587,-7.76508064281894,0.677760188905464,0.690263929133127,0.991823971224086,0.840028109472979,0.488108406669929,0.0153810220108631,-0.517964493285993
375,"Male","Strict recommended/common 5th-95th",-2.05941624618359,-8.10503252298129,0.675262210975924,0.687719880390975,0.986645665478156,0.819215577221452,0.392083654330231,0.0153810220108634,-0.575896176282186
376,"Female","Primary common 1st-99th",-1.81212410606885,-10.8300295137277,0.550925237362065,0.561722198236425,0.89198786076682,0.889122878494802,0.556657424239289,0.353116242183937,-0.188619704998683
376,"Female","Strict recommended/common 5th-95th",-1.85422912138064,-11.0019951094413,0.549863062714179,0.560639045962624,0.772136176722481,0.837892211701897,0.548150718121532,0.353116242183937,-0.233401533141366
376,"Male","Primary common 1st-99th",-1.96670381321202,-7.77737424994947,0.663173622796233,0.682098235867504,0.990331774950424,0.856129067622936,0.45966718451165,0.0122627122780795,-0.460152291875965
376,"Male","Strict recommended/common 5th-95th",-2.06899689076439,-8.16514667579454,0.660385201840699,0.679230256551001,0.985690101001594,0.857283264856563,0.337993358062815,0.0122627122780799,-0.431169513323219
377,"Female","Primary common 1st-99th",-1.83485042449335,-10.9978718105643,0.542056863389575,0.553698840342309,0.891174770656583,0.918695063251799,0.560902279736867,0.367322182409365,-0.121478266665272
377,"Female","Strict recommended/common 5th-95th",-1.87790802528937,-11.1554580333555,0.541097389952822,0.552718601623651,0.770415955284352,0.864119766375997,0.556905785241387,0.367322182409365,-0.171873485060279
377,"Male","Primary common 1st-99th",-2.06481267663754,-8.18162337209207,0.678282833761307,0.694890901035859,0.985154634024936,0.862802855782727,0.477367624760559,0.0393744616971336,-0.418037352253847
377,"Male","Strict recommended/common 5th-95th",-2.19457277530272,-8.6467070976176,0.674847211187732,0.6913711693596,0.978298031742902,0.825471944733322,0.409573441554998,0.0393744616971341,-0.51805717207723
378,"Female","Primary common 1st-99th",-1.80776964302782,-10.7876167729603,0.546950383170885,0.558931838027335,0.89291915461389,0.871539997912049,0.555551953703715,0.34852446194176,-0.231035664343178
378,"Female","Strict recommended/common 5th-95th",-1.82575622965862,-10.8258089144073,0.546716522493886,0.558692693930048,0.773393341033727,0.824261355896934,0.544012989042106,0.34852446194176,-0.273307020338337
378,"Male","Primary common 1st-99th",-2.03944681170506,-8.08142330740774,0.683137937025275,0.697305814401235,0.987988211049811,0.863134955844416,0.459132396078459,0.045104695775516,-0.414985247130371
378,"Male","Strict recommended/common 5th-95th",-2.13801753476208,-8.42492919945568,0.680585060028579,0.694700005824378,0.980543619190523,0.830643576733661,0.394916273785768,0.0451046957755167,-0.490377173198692
379,"Female","Primary common 1st-99th",-1.84031124001607,-11.0119983783651,0.550431854210441,0.56270751496845,0.89094832887345,0.899423043194641,0.559512563368932,0.36162584996932,-0.170847758081484
379,"Female","Strict recommended/common 5th-95th",-1.87101659831445,-11.1045159330143,0.549859881964181,0.56212262563968,0.76788382754499,0.842907037765356,0.55512929068074,0.36162584996932,-0.236100326686333
379,"Male","Primary common 1st-99th",-2.00825595132467,-7.99084657467654,0.677500922927832,0.688991400667972,0.982321500606665,0.89313220399075,0.442188533126462,0.0857501909292384,-0.290563219818126
379,"Male","Strict recommended/common 5th-95th",-2.12393484520463,-8.37861308136001,0.67464569465839,0.686087761031239,0.973023384713468,0.847995630807894,0.398024797376277,0.0857501909292389,-0.392046889693929
380,"Female","Primary common 1st-99th",-1.83343992630391,-10.975557386466,0.546941575233706,0.558846546839156,0.876241020924737,0.903647814555111,0.597888878786714,0.392650247063619,-0.151484048359041
380,"Female","Strict recommended/common 5th-95th",-1.85264486240957,-11.0036647693199,0.54676918076055,0.55867024008093,0.745320588555165,0.861803857153655,0.592624304917638,0.39265024706362,-0.168873647990416
380,"Male","Primary common 1st-99th",-1.9897546462987,-7.89256242169659,0.687582113519937,0.703197511730512,0.983723439649749,0.875567038777869,0.462246693955411,0.0555887504114159,-0.367141994482313
380,"Male","Strict recommended/common 5th-95th",-2.13274984408141,-8.40550123561249,0.683753080053717,0.699281532598974,0.979808563877841,0.834246503245747,0.392317298781123,0.0555887504114165,-0.477042665942219
381,"Female","Primary common 1st-99th",-1.83120752683652,-10.9303181285329,0.534305804487984,0.544953690380328,0.898647591064226,0.872628788857889,0.541200636825499,0.33988867982279,-0.232193687630283
381,"Female","Strict recommended/common 5th-95th",-1.85078588322366,-10.9860245901086,0.533971920625519,0.54461299588964,0.790251110971818,0.84594813259576,0.524404717244053,0.339888679822791,-0.229066198288427
381,"Male","Primary common 1st-99th",-2.03071222982921,-8.04033254103329,0.669333285946965,0.680299263447588,0.985838074510811,0.860771104819555,0.477268018897605,0.0010153640094335,-0.433392037839273
381,"Male","Strict recommended/common 5th-95th",-2.16818963033882,-8.55265600831084,0.665604366521379,0.676509264921325,0.981889574326092,0.843802479194736,0.371667401455136,0.00101536400943389,-0.467028287747016
382,"Female","Primary common 1st-99th",-1.85723427424923,-11.085251385145,0.550633765199098,0.561046134780826,0.915769776803675,0.870892931255647,0.497925019411301,0.300299016992512,-0.235384298091191
382,"Female","Strict recommended/common 5th-95th",-1.88426760840433,-11.1678132702354,0.550122766462025,0.560525312022596,0.814366720572889,0.807289972708824,0.488866368993543,0.300299016992512,-0.319663819196549
382,"Male","Primary common 1st-99th",-2.06313354349402,-8.15155880985122,0.678529293382066,0.689564891982477,0.990115061646274,0.842178672042954,0.49259965851078,0.0553452797321922,-0.493501967798409
382,"Male","Strict recommended/common 5th-95th",-2.15139439809706,-8.47803933782659,0.676117477205724,0.687113863393033,0.983193567020275,0.830285514921892,0.386507139212592,0.0553452797321926,-0.495821817321903
383,"Female","Primary common 1st-99th",-1.82409818149579,-10.8895136353558,0.543151895331034,0.553641464055832,0.88961352996842,0.87545123778419,0.563292805276889,0.360943306732388,-0.225929713454227
383,"Female","Strict recommended/common 5th-95th",-1.84793550502076,-10.975657984088,0.542627112097681,0.553106386704766,0.778243528396629,0.862580127475567,0.545127865231744,0.360943306732388,-0.189759822994226
383,"Male","Primary common 1st-99th",-2.03322770409186,-8.06269320287,0.670295341081588,0.692539975837325,0.988981337734853,0.869278226620112,0.439873025621501,0.0611617198093827,-0.396694830243593
383,"Male","Strict recommended/common 5th-95th",-2.13935168819384,-8.44660971493502,0.667496341723333,0.689648101465493,0.983865003825496,0.858941763587215,0.343176130185162,0.0611617198093834,-0.391159042911286
384,"Female","Primary common 1st-99th",-1.79460116931063,-10.7220330522123,0.551853030760749,0.562849996582889,0.896745666640657,0.884601597922071,0.544669372734606,0.347292827113741,-0.200454322409533
384,"Female","Strict recommended/common 5th-95th",-1.80598681744276,-10.7121293690442,0.551914540933473,0.562912571254279,0.779777623159743,0.833978054303747,0.536913542739966,0.347292827113741,-0.248963048391966
384,"Male","Primary common 1st-99th",-1.94262717273913,-7.75436188206651,0.676630309393394,0.691263269052897,0.979564461537313,0.916842193919444,0.430676241207296,0.0710560086556562,-0.211834575846745
384,"Male","Strict recommended/common 5th-95th",-2.07224069763877,-8.17422566377322,0.673550624089999,0.688116995590692,0.973161336584008,0.85000374336668,0.395160864691905,0.0710560086556568,-0.404535942116969
385,"Female","Primary common 1st-99th",-1.87518323373569,-11.2216643232185,0.548821906590291,0.560062640374401,0.888728815719873,0.898025909379737,0.565215802412026,0.366694904589252,-0.166176885455568
385,"Female","Strict recommended/common 5th-95th",-1.90066946853549,-11.2806248608654,0.548457707094965,0.559690821194438,0.763139058709751,0.839548334201102,0.5609703287328,0.366694904589251,-0.225747302190758
385,"Male","Primary common 1st-99th",-2.01096254445298,-8.00313757871882,0.661504239373986,0.680569999597348,0.977466326123005,0.893569866192854,0.47492730799508,0.0282858048234186,-0.299380561826691
385,"Male","Strict recommended/common 5th-95th",-2.07153166807738,-8.16409013856218,0.660346960125933,0.679379379443125,0.958296025459625,0.841735098053046,0.453522636950002,0.0282858048234191,-0.43902822681315
386,"Female","Primary common 1st-99th",-1.83706469173055,-10.9831329508882,0.547565144483064,0.557862992765,0.896499172449704,0.889946898085599,0.545011395271841,0.348329792352646,-0.189970519988519
386,"Female","Strict recommended/common 5th-95th",-1.86070569883614,-11.0477820135456,0.547167762521905,0.55745797737962,0.783401610174566,0.852636366366391,0.535386178521501,0.348329792352645,-0.207053399488305
386,"Male","Primary common 1st-99th",-2.06790905729808,-8.16814149872911,0.659726419788585,0.6764582297998,0.989289439093443,0.841426091731686,0.498890339548228,0.0089224015349914,-0.509433272208467
386,"Male","Strict recommended/common 5th-95th",-2.18936947260352,-8.62634401332957,0.656434714458445,0.673083054359943,0.985300047998663,0.825312404356478,0.386939718874064,0.00892240153499178,-0.548731000186517
387,"Female","Primary common 1st-99th",-1.79329912081172,-10.717361353824,0.557109658208589,0.568410864707177,0.904616244771177,0.891665215379613,0.523590948232251,0.324705936210716,-0.184915403901981
387,"Female","Strict recommended/common 5th-95th",-1.8536810938988,-11.0022077691022,0.555332557699132,0.56659755155696,0.799575785076874,0.846468938150135,0.51135769271542,0.324705936210715,-0.216518652021856
387,"Male","Primary common 1st-99th",-2.04799209984542,-8.11710618067564,0.67737346968695,0.693088609105128,0.988982489215179,0.862298432732461,0.454612147469348,0.0412149750537184,-0.419472686252656
387,"Male","Strict recommended/common 5th-95th",-2.10948748754933,-8.31416896769825,0.67592075038338,0.691602199951769,0.979146464799923,0.835316734700428,0.393089245262718,0.0412149750537189,-0.470752426359329
388,"Female","Primary common 1st-99th",-1.85219910799913,-11.0678319268102,0.546526747069443,0.558836737508034,0.912802962889071,0.881182448788962,0.503262883129844,0.31140474484007,-0.212688898201435
388,"Female","Strict recommended/common 5th-95th",-1.84937814325641,-10.977186942101,0.547084089952921,0.559406473747427,0.814248330264424,0.844671161029456,0.490434988692791,0.31140474484007,-0.234117255268396
388,"Male","Primary common 1st-99th",-2.06088238289657,-8.1397070747696,0.686593780393373,0.701814476600547,0.990701041491801,0.840965309866746,0.492149700519495,0.0190188846915195,-0.51523992103034
388,"Male","Strict recommended/common 5th-95th",-2.17221976328014,-8.55896835278672,0.683460140341827,0.698611382432071,0.986328171369286,0.827203338304379,0.380540429904226,0.01901888469152,-0.548782864669019
389,"Female","Primary common 1st-99th",-1.79653812627438,-10.7211486072752,0.559558137122958,0.571107242537415,0.918647044404141,0.874611068825899,0.489308128626758,0.296393333443163,-0.224334704470426
389,"Female","Strict recommended/common 5th-95th",-1.83681175082929,-10.8877483737501,0.558514265381666,0.570041661468762,0.822103523445013,0.815913930982025,0.478553908941056,0.296393333443163,-0.292339039806322
389,"Male","Primary common 1st-99th",-2.01613794105606,-8.01181298233428,0.683688697758861,0.69250624830408,0.979522255905338,0.884397624312116,0.474776012301702,0.0206972922282254,-0.341231395262437
389,"Male","Strict recommended/common 5th-95th",-2.07571527560554,-8.20689221261186,0.682238853392453,0.691037719409552,0.967167195928989,0.885731737293599,0.382210779132814,0.0206972922282258,-0.286252626224848
390,"Female","Primary common 1st-99th",-1.81897368886936,-10.9010335226014,0.538809006042943,0.550022122453722,0.896846400872925,0.917974019527861,0.545281338410618,0.353480770754809,-0.121885786924291
390,"Female","Strict recommended/common 5th-95th",-1.86307368239193,-11.0740904402763,0.537762762728871,0.548953948379664,0.785656177604357,0.879679425221185,0.538835314520732,0.353480770754808,-0.131440072942309
390,"Male","Primary common 1st-99th",-2.08623521730089,-8.24653957967666,0.684010983300124,0.699590251367669,0.982564516799861,0.845573171718213,0.526443454100977,0.013795718365328,-0.487770116186164
390,"Male","Strict recommended/common 5th-95th",-2.1903821293635,-8.63030616087183,0.681150103748831,0.69666422584342,0.979497669622421,0.82479437778466,0.406689825556689,0.0137957183653285,-0.539414931532115
391,"Female","Primary common 1st-99th",-1.78791561109487,-10.7039551605714,0.547709258158241,0.557927366326398,0.887378529375699,0.907947715379816,0.569588460178984,0.372033979578911,-0.148172718762153
391,"Female","Strict recommended/common 5th-95th",-1.81982995704038,-10.8109564930671,0.547053241394784,0.557258951078752,0.766874323460841,0.86946823027561,0.563647601082945,0.372033979578911,-0.164757193667219
391,"Male","Primary common 1st-99th",-2.00192462247203,-7.94512140189097,0.673665841780719,0.690517930396379,0.98629965864981,0.878468082212782,0.439720941389053,0.0313107030544897,-0.374132102631392
391,"Male","Strict recommended/common 5th-95th",-2.14767679884841,-8.47865880622772,0.669761421539398,0.686515852755144,0.983748480280879,0.857867298759487,0.345115302955034,0.0313107030544902,-0.42373947417282
392,"Female","Primary common 1st-99th",-1.8540133518072,-11.0671512910426,0.538407241832499,0.548965479213113,0.884177584899359,0.871703535068066,0.576845119308772,0.366827525472638,-0.232181143776571
392,"Female","Strict recommended/common 5th-95th",-1.87087407235767,-11.1045928024943,0.538180854211512,0.548734494261516,0.763592032341306,0.843827633967184,0.561345804607713,0.366827525472638,-0.229614527472779
392,"Male","Primary common 1st-99th",-1.96180759474616,-7.76471066892172,0.666920912648846,0.68074498922058,0.987252426959658,0.861931937481148,0.466230943103135,0.0486262945544439,-0.419373589163028
392,"Male","Strict recommended/common 5th-95th",-2.07452055684588,-8.16829693322861,0.66400277638626,0.677766378524134,0.980588136269279,0.825288082792234,0.402464085099443,0.0486262945544443,-0.512600864976703
393,"Female","Primary common 1st-99th",-1.80392791324482,-10.8235649892183,0.547755808958922,0.55846138547346,0.897990653527388,0.929856401193495,0.543935048297122,0.355729440058101,-0.0945068800911793
393,"Female","Strict recommended/common 5th-95th",-1.83392560778123,-10.8967157414665,0.547306777876137,0.558003419145106,0.781853210253571,0.873221447249491,0.542676830458174,0.355729440058101,-0.14800801354059
393,"Male","Primary common 1st-99th",-2.0839685520346,-8.27784379039362,0.685735127383897,0.702644844188092,0.989828263290169,0.87695765261778,0.418081131788205,0.0387160140269876,-0.3807519795886
393,"Male","Strict recommended/common 5th-95th",-2.19330692446023,-8.66009929818147,0.682877356019826,0.699716616080249,0.986048870971193,0.855981783797377,0.33837617339787,0.0387160140269881,-0.429410803128662
394,"Female","Primary common 1st-99th",-1.83279797379608,-10.972294432319,0.536637162382315,0.548663008974523,0.877851578137375,0.90650602877748,0.594201274725712,0.389741186310985,-0.151005719436198
394,"Female","Strict recommended/common 5th-95th",-1.87986355055846,-11.1760942323161,0.535408992198126,0.54740715845225,0.756239515479056,0.883765589527113,0.584292965185532,0.389741186310985,-0.127984479578156
395,"Female","Primary common 1st-99th",-1.85452553626111,-11.1044389858297,0.547177183651085,0.557132066610282,0.877371191202515,0.904915430914516,0.595189598257585,0.387780404216713,-0.146659984410744
395,"Female","Strict recommended/common 5th-95th",-1.87201691480282,-11.1165369455887,0.547103006615049,0.557056380854078,0.744894155179734,0.855598341575811,0.591183010260453,0.387780404216713,-0.179469255224525
395,"Male","Primary common 1st-99th",-2.08513909823175,-8.2483220544077,0.665478186261422,0.679760922285185,0.992419982216679,0.848356278603607,0.464905495660481,0.0399007167742304,-0.491011581899676
395,"Male","Strict recommended/common 5th-95th",-2.17804437570316,-8.58825125111108,0.6630127214942,0.677242556037218,0.988425116233484,0.836790162915891,0.358085271332934,0.0399007167742308,-0.515429432642468
396,"Female","Primary common 1st-99th",-1.83403892119575,-10.9150619044115,0.545457624649537,0.554603266476718,0.882200141646059,0.842405639283681,0.585719370204462,0.360096151312539,-0.292706183324376
396,"Female","Strict recommended/common 5th-95th",-1.86688759984928,-11.0559919754559,0.544595016403193,0.553726034846043,0.75195067241522,0.789562514801132,0.567152780537994,0.360096151312539,-0.343059807369424
396,"Male","Primary common 1st-99th",-2.0130587357418,-7.98029548924495,0.685317364668756,0.705567276818069,0.986506310022071,0.868985396372412,0.456681660933199,0.0324602307573821,-0.403146180962649
396,"Male","Strict recommended/common 5th-95th",-2.13755229859109,-8.438412066031,0.681905594069063,0.702054708053697,0.978195569420265,0.857230876079762,0.367849335426816,0.0324602307573826,-0.408564203745264
397,"Female","Primary common 1st-99th",-1.78265816933743,-10.6607771668633,0.556573846014287,0.568173425613812,0.897115991818026,0.898821770013971,0.543267851490859,0.345490729245928,-0.170761316529845
397,"Female","Strict recommended/common 5th-95th",-1.84091229002012,-10.924082974348,0.554933774555639,0.566499010268879,0.78222704654971,0.842107970528459,0.534953054758327,0.345490729245928,-0.232298888381634
397,"Male","Primary common 1st-99th",-2.07835641693181,-8.20293352594018,0.669782844935477,0.68539888654896,0.983039690492558,0.836005734534376,0.543579297046074,0.0450266890815448,-0.514156030173859
397,"Male","Strict recommended/common 5th-95th",-2.18165568015104,-8.6037502014169,0.666858402642178,0.682406274188961,0.973093918270609,0.840177836932433,0.407254431869321,0.0450266890815451,-0.457098587372367
398,"Female","Primary common 1st-99th",-1.84425386884702,-11.0078503765923,0.543475031918607,0.55460498128844,0.88674613733855,0.872273422737021,0.570574242639874,0.360881875921172,-0.228977992975581
398,"Female","Strict recommended/common 5th-95th",-1.87041181417986,-11.1094075373714,0.542855112065463,0.553972206241189,0.773881229646235,0.8608482151767,0.550993976302714,0.360881875921172,-0.183650168432385
398,"Male","Primary common 1st-99th",-1.95304071013119,-7.7413537662767,0.683520218063592,0.694601272121003,0.981422859573027,0.873207404778995,0.481075477175862,-0.00101401094887046,-0.393365579071077
398,"Male","Strict recommended/common 5th-95th",-2.08217826148468,-8.19469285769001,0.680161601196088,0.69118822048392,0.976022151904873,0.81863624269719,0.426223378707081,-0.00101401094887017,-0.579559195892583
399,"Female","Primary common 1st-99th",-1.83716375132281,-10.9936786550689,0.552520481303912,0.563064872766861,0.887904467418162,0.897137253731148,0.567300642321561,0.366072728522863,-0.164357859288925
399,"Female","Strict recommended/common 5th-95th",-1.82760671194811,-10.8595273669234,0.553353538674075,0.563913667229691,0.771650861508355,0.87200753126016,0.557390842342799,0.366072728522863,-0.141552270558281
399,"Male","Primary common 1st-99th",-1.9237648854116,-7.62776606700841,0.675939618011205,0.687638883321749,0.982305299336468,0.877147848300133,0.468635959268153,0.0606089494009324,-0.352812167504089
399,"Male","Strict recommended/common 5th-95th",-2.05744992813935,-8.11178877381644,0.672397806006134,0.684035782617476,0.974623177881124,0.845157298107933,0.395858345670525,0.0606089494009329,-0.414472299457852
400,"Female","Primary common 1st-99th",-1.81450905651245,-10.8628457660825,0.541483740262973,0.553863529383115,0.895454691120288,0.905659345957959,0.547932311335272,0.353222324195625,-0.153663487499621
400,"Female","Strict recommended/common 5th-95th",-1.84051894865097,-10.9351912815561,0.541044547925925,0.553414137374978,0.782407414424349,0.870590703990102,0.54114182106093,0.353222324195626,-0.163284515712453
400,"Male","Primary common 1st-99th",-1.96013253991185,-7.78640694647327,0.688641728722776,0.699067944790981,0.976952083693537,0.88915764350052,0.484439894510052,0.0584712306413112,-0.324627820984515
400,"Male","Strict recommended/common 5th-95th",-2.14032573689882,-8.44300412706708,0.68373838284529,0.694090375251439,0.982970713378912,0.846602418527312,0.363747615132622,0.0584712306413116,-0.452419840062742
401,"Female","Primary common 1st-99th",-1.80146890271152,-10.7437199390635,0.539733524517134,0.551218979348349,0.87859779790665,0.865702922075093,0.5905881815482,0.368754860187988,-0.235955216708778
401,"Female","Strict recommended/common 5th-95th",-1.81726006710795,-10.7726261945486,0.539559015483843,0.551040598268505,0.746814311215131,0.817515922188889,0.578330339766523,0.368754860187989,-0.269383982080458
401,"Male","Primary common 1st-99th",-1.96094883973921,-7.7603163945509,0.683221171065512,0.693957824995173,0.983216757844222,0.861496901138524,0.491545677754425,0.0680623598325431,-0.404571875233805
401,"Male","Strict recommended/common 5th-95th",-2.07001375741909,-8.14854375216815,0.680345618447944,0.691037097396481,0.971628426600071,0.823056199160254,0.433642099832251,0.0680623598325438,-0.484704711448616
402,"Female","Primary common 1st-99th",-1.81739310851925,-10.8524259053667,0.548669617719654,0.558204783620959,0.891781836794725,0.879544285897375,0.557596457213437,0.350209854602975,-0.211874802063955
402,"Female","Strict recommended/common 5th-95th",-1.85516178703424,-11.0057590575556,0.54772620215208,0.557244812221683,0.772813671562279,0.83320379999148,0.546318308723251,0.350209854602975,-0.247931913618368
402,"Male","Primary common 1st-99th",-1.95321288949673,-7.760301981486,0.661214336525003,0.678455242859754,0.980241858169745,0.888291096640448,0.464012262242297,0.0604402890040144,-0.32229200636969
402,"Male","Strict recommended/common 5th-95th",-2.06310095334479,-8.1460635037755,0.658449082761616,0.675617899753035,0.971469987753175,0.865913281681302,0.383699495089748,0.060440289004015,-0.354405501878218
403,"Female","Primary common 1st-99th",-1.83948647952118,-11.0182625902278,0.53921217508852,0.550477788906671,0.894945280170961,0.910655206810449,0.54968043742702,0.360387294167069,-0.143625960848284
403,"Female","Strict recommended/common 5th-95th",-1.87400948628924,-11.134176200667,0.538510046462584,0.549760833376873,0.779955353199886,0.868295332694024,0.544128793381133,0.360387294167068,-0.171284639444242
403,"Male","Primary common 1st-99th",-1.99630529536168,-7.88666920739036,0.68190697788344,0.698081346968639,0.985103091716016,0.846184053535956,0.511476493485521,0.074941238724399,-0.463344713479275
403,"Male","Strict recommended/common 5th-95th",-2.06661809976017,-8.13126765209468,0.680096292211099,0.69622772660793,0.968734176655708,0.816745470151692,0.450388323872102,0.0749412387243994,-0.510102960170916
404,"Female","Primary common 1st-99th",-1.85731673696471,-11.1046929504094,0.549157763026171,0.560644418897351,0.910863817515126,0.888412234221188,0.507229178169722,0.320160235467481,-0.19399024960415
404,"Female","Strict recommended/common 5th-95th",-1.8711800255503,-11.1101747593476,0.549124190128733,0.560609983029842,0.81045103395169,0.851990795540543,0.496679868008128,0.32016023546748,-0.210500334163212
404,"Male","Primary common 1st-99th",-2.00054848450499,-7.93817681982302,0.675647325011976,0.690556974592982,0.978233988244637,0.878323885340273,0.492457476588288,0.0121646373239256,-0.376184353028682
404,"Male","Strict recommended/common 5th-95th",-2.14461221019203,-8.46777692080904,0.671760611747744,0.686584506225402,0.975913093278016,0.859224922371119,0.374178922987986,0.0121646373239259,-0.424981670041535
405,"Female","Primary common 1st-99th",-1.84351140024015,-11.0464681808147,0.533010288922692,0.544948990902421,0.889928560058591,0.913838238613994,0.563552189659825,0.368121219447887,-0.129198803157612
405,"Female","Strict recommended/common 5th-95th",-1.86864022021223,-11.1044536816132,0.532663121199294,0.544593891332818,0.770752289804866,0.873366047537297,0.55912930227879,0.368121219447887,-0.143136304642534
405,"Male","Primary common 1st-99th",-2.09844452734799,-8.27926507727848,0.671008841973959,0.686553266582192,0.992510358255864,0.829690219489689,0.509342683860168,0.0580378875827176,-0.550212876889018
405,"Male","Strict recommended/common 5th-95th",-2.18946939112901,-8.62105997057798,0.668508399563378,0.683994912880417,0.987925588543113,0.815006000962852,0.394770774922918,0.0580378875827181,-0.580534305275809
406,"Female","Primary common 1st-99th",-1.80493071185577,-10.7849886052373,0.547803562234741,0.558866724912361,0.901149106217756,0.888542743426181,0.532979586247165,0.33652292272806,-0.199417049816738
406,"Female","Strict recommended/common 5th-95th",-1.85832842002974,-11.0374838452734,0.54625346702501,0.557285163950798,0.797114847062783,0.862589731880427,0.517722022405357,0.33652292272806,-0.195528828036858
406,"Male","Primary common 1st-99th",-1.98985246032005,-7.85687198795628,0.6799667595143,0.693573568879295,0.986244116159391,0.844964195127015,0.507807925583023,0.0378812107302491,-0.48580930426159
406,"Male","Strict recommended/common 5th-95th",-2.10694640757108,-8.28985720577776,0.676771615824295,0.69031450091168,0.980509492579461,0.812859425458057,0.421005999537604,0.0378812107302496,-0.574615065682924
407,"Female","Primary common 1st-99th",-1.82963202404489,-10.9415918666461,0.540864400744042,0.551509449935203,0.898213076456818,0.894797322041494,0.54038953064096,0.345721371865839,-0.180015802020975
407,"Female","Strict recommended/common 5th-95th",-1.87298297136223,-11.1230905147912,0.539762421102955,0.550385623228311,0.787916544165464,0.857371419203184,0.529936178189544,0.345721371865839,-0.196700536876986
408,"Female","Primary common 1st-99th",-1.79161261872049,-10.6939622199882,0.558999529959994,0.568970859878513,0.887668567428291,0.876493486629286,0.568009580029323,0.362575854534333,-0.220404742823307
408,"Female","Strict recommended/common 5th-95th",-1.82353755310416,-10.8183545131878,0.558221210285221,0.568178492994891,0.766625630030753,0.836262472171158,0.555423457260662,0.362575854534333,-0.244598444630212
408,"Male","Primary common 1st-99th",-1.94334833084413,-7.71660258048956,0.672757138657837,0.68615727193898,0.985265046413545,0.884871609344682,0.43516917217204,0.096285289106732,-0.33415513872916
408,"Male","Strict recommended/common 5th-95th",-2.07497678418028,-8.18942396878624,0.669310267820017,0.682641758993889,0.979904688940442,0.858829803343174,0.359202667828811,0.0962852891067322,-0.381395729385837
409,"Female","Primary common 1st-99th",-1.8193852947604,-10.865090954741,0.541399924625399,0.551859422715783,0.902965296025957,0.880109208791107,0.529160714083665,0.330809185149084,-0.213414747156929
409,"Female","Strict recommended/common 5th-95th",-1.85592042586136,-11.0094138351912,0.540523604317309,0.550966013917201,0.79302506795313,0.832133628783992,0.518517332020204,0.330809185149084,-0.257479754990658
409,"Male","Primary common 1st-99th",-2.06890977650908,-8.1834337336918,0.68587184468412,0.69835214189631,0.987284607410919,0.850507452145031,0.490096459236865,0.0452943381223725,-0.464562240309639
409,"Male","Strict recommended/common 5th-95th",-2.1861392207446,-8.62082226900732,0.682604597763251,0.695025456945058,0.980817407923157,0.838056989572587,0.383518502233675,0.045294338122373,-0.472352323600389
410,"Female","Primary common 1st-99th",-1.79119589979159,-10.7097231731325,0.542983454109172,0.553000801975373,0.893535183026988,0.894725954335944,0.552636436439409,0.355592466816834,-0.183465984895249
410,"Female","Strict recommended/common 5th-95th",-1.82980137883972,-10.8656765677373,0.542035373906201,0.552035072099435,0.779260816561212,0.858339821002646,0.542605557441387,0.355592466816835,-0.202456013135851
410,"Male","Primary common 1st-99th",-1.98209585697026,-7.86260188082886,0.65676271503003,0.666972214017685,0.984758467361679,0.87311303757735,0.46003616637913,0.0488709670596505,-0.385483642992784
410,"Male","Strict recommended/common 5th-95th",-2.05783050947848,-8.10335308724346,0.655046674064221,0.665229510248135,0.972258817255075,0.828226058193029,0.42502064277281,0.0488709670596508,-0.508990816954612
411,"Female","Primary common 1st-99th",-1.79934271001114,-10.7878196639901,0.54529835491246,0.557202128519945,0.899062439210803,0.923006886732857,0.539792947996574,0.35344200338678,-0.111310590556277
411,"Female","Strict recommended/common 5th-95th",-1.83922374022505,-10.935699632208,0.544394745688834,0.556278634212,0.790440971257912,0.888952332591435,0.534326437402199,0.35344200338678,-0.111712524279799
411,"Male","Primary common 1st-99th",-1.97331284308893,-7.84109142369034,0.691272062789008,0.706526436248888,0.986026475723606,0.885769535484233,0.428165443764165,0.0834695535665092,-0.324679754378328
411,"Male","Strict recommended/common 5th-95th",-2.07374797046536,-8.18616843183118,0.688683740801911,0.703881011214762,0.977063613229831,0.860906547643083,0.367761932583048,0.0834695535665099,-0.355484384104055
412,"Female","Primary common 1st-99th",-1.85438627469195,-11.0786721222399,0.554502379035951,0.567053630943598,0.890425231708897,0.880947775733148,0.560903718658113,0.354617104126469,-0.211384887545858
412,"Female","Strict recommended/common 5th-95th",-1.87728642338695,-11.1387597837163,0.55412797431021,0.566670588811953,0.769508297290193,0.834887817001126,0.551174509503491,0.354617104126468,-0.2516599917269
412,"Male","Primary common 1st-99th",-2.11852839256692,-8.34526646560363,0.683849989449419,0.698969676285475,0.983110109713385,0.817369721891776,0.583161773136496,-0.0335173994889612,-0.594559805312608
412,"Male","Strict recommended/common 5th-95th",-2.19036671131145,-8.60474667412856,0.681914022291639,0.696990919635303,0.968145779367777,0.782039397326462,0.498921194190635,-0.0335173994889607,-0.707386662821271
413,"Female","Primary common 1st-99th",-1.78866187347079,-10.6858865244943,0.547079573531544,0.558751556769986,0.902291056558906,0.887638847412217,0.530064262032079,0.334054514091938,-0.204071767677653
413,"Female","Strict recommended/common 5th-95th",-1.84109211189166,-10.9331759541232,0.545565132403257,0.557204644125399,0.798622132110962,0.859510155318424,0.514926290032632,0.334054514091938,-0.208989729390458
413,"Male","Primary common 1st-99th",-2.08361080259845,-8.19706463947798,0.67653110277796,0.691095112869396,0.993341472630665,0.810827543533413,0.55216958268189,0.0279258516030258,-0.622253635907341
413,"Male","Strict recommended/common 5th-95th",-2.1539161625599,-8.47477986013214,0.67448456744984,0.689004534112658,0.987603148113668,0.807083123892342,0.40875255295209,0.0279258516030263,-0.615925331256002
414,"Female","Primary common 1st-99th",-1.85434066719485,-11.0821453545643,0.54286706232614,0.553263883101309,0.896326855238144,0.884617954395846,0.545740889640793,0.349699527872751,-0.199523924742397
414,"Female","Strict recommended/common 5th-95th",-1.87590853179199,-11.1343560025639,0.54254859070601,0.552939153515002,0.781845281884096,0.843449590780627,0.53573652566269,0.349699527872751,-0.223127669486714
414,"Male","Primary common 1st-99th",-2.03537147582259,-8.06785515689755,0.683150075671625,0.693575001081029,0.982332480740863,0.867585965942928,0.485483734662329,-0.0044998593616669,-0.398977907772348
414,"Male","Strict recommended/common 5th-95th",-2.17077392162023,-8.55796776653265,0.679508091605335,0.689877453738787,0.974369523851306,0.835508581537095,0.408872610786228,-0.00449985936166642,-0.477339394821186
415,"Female","Primary common 1st-99th",-1.8446786751527,-11.0160584811574,0.548314998147888,0.560090411515583,0.884031933423721,0.875861313895566,0.576957453211865,0.366104724733477,-0.217715892533756
415,"Female","Strict recommended/common 5th-95th",-1.84846047093505,-10.9691090131892,0.548604589753085,0.560386061630908,0.760924327160374,0.840544690829219,0.564281986896043,0.366104724733477,-0.227166362151305
415,"Male","Primary common 1st-99th",-2.03527313441037,-8.07501765238638,0.664391996989262,0.677814926749065,0.976102031539979,0.870256669668459,0.518021430878806,0.0651897368562773,-0.37834627056156
415,"Male","Strict recommended/common 5th-95th",-2.08453650044315,-8.21338805163291,0.663391971806771,0.676794711167552,0.949472217752329,0.836979697063773,0.484801904853344,0.0651897368562777,-0.431613024261294
416,"Female","Primary common 1st-99th",-1.7716346043469,-10.603887965048,0.546489047124446,0.558197909016489,0.891405425247482,0.905794611020462,0.558729042131695,0.361360656570719,-0.147735445369212
416,"Female","Strict recommended/common 5th-95th",-1.79814709804278,-10.6740569827429,0.546060384918359,0.557759902760935,0.769963993075971,0.853187979493016,0.554648596285543,0.361360656570719,-0.191788504206842
416,"Male","Primary common 1st-99th",-1.99062023323622,-7.86603658146535,0.686786715081646,0.698416130420433,0.988571303719427,0.850065194331455,0.483631231437894,-0.0120389701185494,-0.484656104930469
416,"Male","Strict recommended/common 5th-95th",-2.11609663903136,-8.33451101744957,0.683294659609455,0.694864957398646,0.984750485656339,0.825506812283081,0.388472364157312,-0.012038970118549,-0.563245135745527
417,"Female","Primary common 1st-99th",-1.85436705572454,-11.0909582427636,0.551025654956825,0.5634762834542,0.902325908037415,0.894278579168993,0.529520053842995,0.334157449732582,-0.179386201640579
417,"Female","Strict recommended/common 5th-95th",-1.89263222003279,-11.2356549340668,0.550129170313202,0.562559380843725,0.792603901501446,0.847085090632397,0.521286616995607,0.334157449732582,-0.217804338881632
417,"Male","Primary common 1st-99th",-2.15453071261459,-8.52948541308912,0.677907787219396,0.691482851269261,0.99115389328923,0.849066008770593,0.47076192414505,0.0312500542215285,-0.48270309634791
417,"Male","Strict recommended/common 5th-95th",-2.25782668074295,-8.9032490169422,0.67513779893006,0.688657407663344,0.987515761410927,0.831509174261051,0.369680495986675,0.0312500542215289,-0.525175172978233
418,"Female","Primary common 1st-99th",-1.856486709702,-11.1300036835727,0.545564613710426,0.558056874707825,0.887887016457928,0.918192308688053,0.569712093364888,0.377581048631424,-0.121172053558641
418,"Female","Strict recommended/common 5th-95th",-1.8750160780144,-11.1385339723414,0.545512534981881,0.558003444304612,0.763021387055081,0.86447418125111,0.567762126225405,0.377581048631423,-0.16956878017456
418,"Male","Primary common 1st-99th",-2.03850432985301,-8.07970167283038,0.686970553997022,0.702680948487682,0.988489157789604,0.866205094651267,0.449521245819861,-0.0236967162878295,-0.438944282610246
418,"Male","Strict recommended/common 5th-95th",-2.16505881986784,-8.54831084231569,0.683468437231076,0.699098755314299,0.986139126559433,0.85655096387647,0.337188830126109,-0.0236967162878292,-0.472690016924696
419,"Female","Primary common 1st-99th",-1.77796060197369,-10.640887671449,0.554273262355748,0.564952826364639,0.899110380710945,0.904722101196925,0.53806139935452,0.345236257475512,-0.154131190628871
419,"Female","Strict recommended/common 5th-95th",-1.80618786103437,-10.7192057633974,0.553787767442519,0.564457815426056,0.783161311896032,0.846972714156842,0.534569241407274,0.345236257475512,-0.21567151264987
419,"Male","Primary common 1st-99th",-1.98902670494248,-7.87401842184081,0.675856562004109,0.687282127033587,0.987727495795702,0.862227960187667,0.462660174868072,0.0206284701682371,-0.429115287517032
419,"Male","Strict recommended/common 5th-95th",-2.11564327870386,-8.34105195387034,0.672430355244653,0.683798012710491,0.98353110633859,0.840463896863801,0.370425858798067,0.0206284701682375,-0.480189451940902
420,"Female","Primary common 1st-99th",-1.86361857606803,-11.1394310365175,0.546216477632437,0.557765967060376,0.908883493816678,0.886456570186954,0.512798318376896,0.324399240963097,-0.209226469602307
420,"Female","Strict recommended/common 5th-95th",-1.8947388084749,-11.2528080644519,0.545519851540069,0.557054450908995,0.808868245306552,0.856575789852662,0.49960900379033,0.324399240963098,-0.223278594653382
420,"Male","Primary common 1st-99th",-2.07273602706395,-8.2585813215322,0.662946727435596,0.677767776872583,0.985791455838476,0.898236397352348,0.408374786414931,0.104064207094808,-0.28669308058079
420,"Male","Strict recommended/common 5th-95th",-2.16975901971826,-8.57301636962451,0.66067459333013,0.675444859566346,0.975922269678142,0.869901767675048,0.361960445856339,0.104064207094809,-0.336992285853078
421,"Female","Primary common 1st-99th",-1.82051901797288,-10.875458511165,0.543523565619519,0.556548204456329,0.886723786949866,0.883400227592272,0.570067736508335,0.366511985255554,-0.204172892771709
421,"Female","Strict recommended/common 5th-95th",-1.85311748448087,-11.0080892337939,0.54271501011534,0.555720113202637,0.77199535903541,0.865504178227044,0.554995931914386,0.366511985255554,-0.173667971829117
421,"Male","Primary common 1st-99th",-2.05648582777991,-8.13957885428548,0.677635285187173,0.688614513553982,0.989341442632569,0.854610669954044,0.46907697299389,0.0246173338193456,-0.454528572467717
421,"Male","Strict recommended/common 5th-95th",-2.15778640017154,-8.50284731014355,0.674955583840795,0.685891408442373,0.983826363045267,0.828810471451267,0.386562524222247,0.0246173338193461,-0.517623586864029
422,"Female","Primary common 1st-99th",-1.79114273342253,-10.6948702965454,0.552203322642182,0.564720719273893,0.896640645166059,0.877437074369309,0.545595117913201,0.343326444243877,-0.211988864220245
422,"Female","Strict recommended/common 5th-95th",-1.78804760902931,-10.6091684502571,0.552733538844373,0.565262792494966,0.784070433430128,0.841876212849472,0.532341602935052,0.343326444243876,-0.219471401486934
422,"Male","Primary common 1st-99th",-1.97553373876983,-7.83356335063054,0.668897971404236,0.685424292573943,0.989154103968444,0.873502072330471,0.429938081322631,0.0530691960033062,-0.393011283886936
422,"Male","Strict recommended/common 5th-95th",-2.09680177206788,-8.27665957790662,0.665682254319341,0.682129138845068,0.985665376524744,0.858882635699879,0.335833895493542,0.0530691960033065,-0.418519028269489
423,"Female","Primary common 1st-99th",-1.83520995855901,-10.9929063415673,0.549681538004992,0.561481097421031,0.900641139728567,0.91041981968759,0.534156399866948,0.347670671005254,-0.14546792984763
423,"Female","Strict recommended/common 5th-95th",-1.86179202295607,-11.0539228012352,0.549305008960696,0.561096325332215,0.78612995530145,0.852518538758538,0.531476888980822,0.347670671005253,-0.212893547198611
423,"Male","Primary common 1st-99th",-2.04917705073243,-8.12403762311088,0.674721458687956,0.68956134483604,0.99072586024278,0.865843328553342,0.435615612459584,0.0237552871019932,-0.420976516376475
423,"Male","Strict recommended/common 5th-95th",-2.14804397296709,-8.47688250626057,0.672130280461118,0.68691318937722,0.985853280755861,0.850956363495893,0.346422782752008,0.0237552871019936,-0.446646326873419
424,"Female","Primary common 1st-99th",-1.87874492738925,-11.1971708354026,0.550606940386138,0.561106244814268,0.896576289025803,0.852662687654961,0.550316928474226,0.342183996443189,-0.275771995183319
424,"Female","Strict recommended/common 5th-95th",-1.89405721597151,-11.2304434654031,0.550400932654171,0.560896147227302,0.783068877628955,0.816058424862505,0.530075826391227,0.342183996443189,-0.296408865015252
424,"Male","Primary common 1st-99th",-1.98277310961735,-7.88448733826609,0.669423958378911,0.681945396458733,0.981340286779032,0.889841560613623,0.454159488724809,0.0535529236926782,-0.31000711184748
424,"Male","Strict recommended/common 5th-95th",-2.06881538885893,-8.16168506292098,0.667409554250121,0.679893326882398,0.964813432103088,0.85534557657126,0.418599508967545,0.0535529236926786,-0.375280577826472
425,"Female","Primary common 1st-99th",-1.76179991745118,-10.56035012625,0.55165482485681,0.563672439215299,0.90411161474297,0.922671529848715,0.525505580140614,0.342455980708869,-0.112790858887599
425,"Female","Strict recommended/common 5th-95th",-1.80618759898979,-10.7343613040673,0.550581833383237,0.562575911683006,0.798239996948859,0.880437551540487,0.520153642369063,0.342455980708869,-0.133561130684531
425,"Male","Primary common 1st-99th",-1.93484736333749,-7.69418894106915,0.691073396490004,0.701851135651173,0.981553887808537,0.894333123246073,0.44577776442324,0.0458665211445686,-0.292324142282778
425,"Male","Strict recommended/common 5th-95th",-2.06591930249161,-8.14652029750036,0.68768694644157,0.698411885562634,0.972248775222859,0.847656407533179,0.401136514768999,0.0458665211445689,-0.407377954984064
426,"Female","Primary common 1st-99th",-1.82309344181037,-10.8777356768927,0.547420682563371,0.558431183896984,0.907812927067444,0.870231297579676,0.518563997402274,0.320537607483528,-0.237404382979581
426,"Female","Strict recommended/common 5th-95th",-1.85561144436242,-11.0024475646972,0.546654949200171,0.55764988843353,0.801730607139775,0.820464597124418,0.505704787268066,0.320537607483528,-0.288951008921488
426,"Male","Primary common 1st-99th",-1.97079054810614,-7.82951130215168,0.676954698808733,0.691540167358155,0.983458689778566,0.887112857447691,0.443931188089425,0.0192246379070902,-0.343393110855706
426,"Male","Strict recommended/common 5th-95th",-2.11811569444583,-8.35843392021123,0.6730700318305,0.687571816312237,0.984212287466824,0.852506130008682,0.35068609667545,0.0192246379070906,-0.449533355108308
427,"Female","Primary common 1st-99th",-1.79015734181678,-10.7334089252994,0.550622064007754,0.562438454977018,0.89351171405027,0.923630483646533,0.555321647127055,0.362045033814203,-0.114104665430895
427,"Female","Strict recommended/common 5th-95th",-1.82814241635167,-10.8583498764113,0.549851683085985,0.561651381035047,0.773125287054156,0.864796229686088,0.553153145565285,0.362045033814203,-0.179986151560433
428,"Female","Primary common 1st-99th",-1.83718438923417,-10.973779075178,0.551433431252534,0.562525067559813,0.913473612370705,0.880439442890381,0.501631771785117,0.308118968727623,-0.212727025397192
428,"Female","Strict recommended/common 5th-95th",-1.86561141936003,-11.066619215333,0.550858667415491,0.561938581241951,0.81265858486926,0.829441888518833,0.491483119947651,0.308118968727624,-0.26442107815604
428,"Male","Primary common 1st-99th",-2.00996706616822,-7.97804928751434,0.689433935969422,0.708606040711037,0.984172124418316,0.878580647331043,0.453874014848423,0.101429815922306,-0.35512055049508
428,"Male","Strict recommended/common 5th-95th",-2.14515104049076,-8.46828436756067,0.68576112119169,0.704831104438149,0.976327115369216,0.858383542110445,0.373596928419632,0.101429815922306,-0.378075003273597
429,"Female","Primary common 1st-99th",-1.78855873390764,-10.6992463971105,0.54801728432733,0.559994866947257,0.897970516308899,0.900411293075139,0.541016096462466,0.346816853347765,-0.165385042614972
429,"Female","Strict recommended/common 5th-95th",-1.8312396049714,-10.8748736134156,0.546939793234804,0.558893665322938,0.786613421708515,0.860351996377936,0.532471722304406,0.346816853347765,-0.185701137541551
429,"Male","Primary common 1st-99th",-2.06386647846838,-8.19733630022123,0.679848972736251,0.696710517716481,0.985998292048912,0.877366897091329,0.443846666800825,0.091171090491274,-0.356500929449153
429,"Male","Strict recommended/common 5th-95th",-2.1707950804566,-8.56072516943059,0.677157934217407,0.693952749985283,0.979179353660123,0.839050014724136,0.387873355712364,0.0911710904912744,-0.445079385761463
430,"Female","Primary common 1st-99th",-1.81445951100009,-10.8688989976473,0.538132592096384,0.550512380644224,0.904221592935168,0.911257378678481,0.52431358567593,0.341647924704299,-0.139849038980679
430,"Female","Strict recommended/common 5th-95th",-1.83159568091294,-10.8893941041907,0.538009136918785,0.55038592787762,0.80126992529599,0.886854834455795,0.517234910619962,0.341647924704299,-0.122521129595168
430,"Male","Primary common 1st-99th",-2.02943250882283,-8.00911090905345,0.688777141031446,0.700371276994289,0.992654369418079,0.837159179150747,0.490398040704719,0.0129691586408333,-0.534026891714276
430,"Male","Strict recommended/common 5th-95th",-2.12507330355098,-8.3663309849984,0.686102529428057,0.697651657492143,0.989013580902204,0.818006261593464,0.386353795605929,0.0129691586408338,-0.594065023418313
431,"Female","Primary common 1st-99th",-1.89004718147269,-11.2585724108015,0.540671454699621,0.551746301986734,0.889884343545128,0.844648887295348,0.567865605593836,0.347211987960661,-0.294183767712534
431,"Female","Strict recommended/common 5th-95th",-1.88883367232658,-11.1984497346153,0.541038050061315,0.552120247649664,0.772901372365645,0.813812727957916,0.543198295307296,0.347211987960661,-0.303302688525151
431,"Male","Primary common 1st-99th",-2.03869755134816,-8.06715933621682,0.664132755919707,0.677977562163554,0.984469666422874,0.85544099287474,0.496073478146141,0.0171435019258823,-0.452333987012664
431,"Male","Strict recommended/common 5th-95th",-2.147101693682,-8.47850029156976,0.661161237985669,0.674944111791873,0.973622672961341,0.861143658889172,0.380676252461131,0.0171435019258828,-0.394730101375789
432,"Female","Primary common 1st-99th",-1.76100584555529,-10.5683226496687,0.555855000564138,0.56852602447335,0.897190660397458,0.933296318971391,0.546886190702058,0.360655113143255,-0.085011212928357
432,"Female","Strict recommended/common 5th-95th",-1.78176142441746,-10.5997885316711,0.555659720561611,0.568326130660333,0.787497255312481,0.904510577635282,0.543938753083942,0.360655113143255,-0.0695429492346884
432,"Male","Primary common 1st-99th",-2.12206347593359,-8.39286165432003,0.68113061179291,0.696093091572415,0.992495863643679,0.842447747220384,0.478541254709926,-0.00178812424229616,-0.513661643979186
432,"Male","Strict recommended/common 5th-95th",-2.18303778659182,-8.59912304807179,0.679597042554724,0.694525847687418,0.985257154219154,0.820939033626713,0.393866578124478,-0.00178812424229571,-0.574586746030058
433,"Female","Primary common 1st-99th",-1.82720852218615,-10.909655532591,0.542634283307469,0.554297066506861,0.891577893102054,0.877132900639518,0.558290653387639,0.353030384620344,-0.217943263341815
433,"Female","Strict recommended/common 5th-95th",-1.8596712050386,-11.0343787040408,0.541874904241952,0.553521206835956,0.773740675331187,0.83696465778205,0.545752727125774,0.353030384620343,-0.240748622006714
433,"Male","Primary common 1st-99th",-1.95854317464636,-7.7636919236885,0.688304937699344,0.701938130194062,0.983058068964682,0.873545015878538,0.470169108358564,0.0767118067737962,-0.369511943959209
433,"Male","Strict recommended/common 5th-95th",-2.09940165891616,-8.27434442408631,0.684494296013217,0.698052025328779,0.976860640714965,0.837723259279791,0.397632507581354,0.0767118067737967,-0.451607741286863
434,"Female","Primary common 1st-99th",-1.79741415771376,-10.7296890935909,0.548141530138226,0.558583538994808,0.898209627947983,0.875957307459003,0.541825494936022,0.343211417981912,-0.22018015427588
434,"Female","Strict recommended/common 5th-95th",-1.81229180203397,-10.7577185695291,0.547969714011449,0.558408289215829,0.789683923881056,0.85067274445942,0.526061079150362,0.343211417981912,-0.208118035507952
434,"Male","Primary common 1st-99th",-2.01932246378074,-7.97347029460749,0.684465693696152,0.699830832035383,0.987222484596039,0.84256288144746,0.507662013603653,0.00979034377986024,-0.494502955599363
434,"Male","Strict recommended/common 5th-95th",-2.12935486541292,-8.38504482064697,0.681404581231967,0.696701016282406,0.979539095884188,0.821785321564097,0.410879347706318,0.00979034377986066,-0.537034271468012
435,"Female","Primary common 1st-99th",-1.80590579728574,-10.7829745998328,0.557277820156186,0.56707439457181,0.884834591405201,0.879915280673675,0.574838451736045,0.366178432515294,-0.211200138851289
435,"Female","Strict recommended/common 5th-95th",-1.84699978330025,-10.9636425227514,0.556149607840905,0.565926185868179,0.764691377101919,0.848378459361098,0.560919667398563,0.366178432515295,-0.211851653290537
435,"Male","Primary common 1st-99th",-1.91879229300383,-7.63306714233265,0.676902495188248,0.69268106736672,0.981819079258417,0.898467595125158,0.437711217075831,0.015923634761961,-0.292711144607594
435,"Male","Strict recommended/common 5th-95th",-2.04440759976565,-8.07397180630141,0.673671419972641,0.689374689978527,0.977584430735651,0.869980920194005,0.355103687558606,0.0159236347619616,-0.360608061302982
436,"Female","Primary common 1st-99th",-1.84723527822985,-11.0499880010591,0.544311024179442,0.555434283784181,0.899554725463519,0.89394538469562,0.53687549557615,0.34589764244689,-0.179607864641387
436,"Female","Strict recommended/common 5th-95th",-1.85356277448948,-11.0115665602094,0.544546424733869,0.555674335748871,0.791629321650537,0.866350977715656,0.526546817323749,0.345897642446889,-0.172615653733837
436,"Male","Primary common 1st-99th",-2.08548931347916,-8.27991012467117,0.669369645192087,0.687200964826049,0.991722407284267,0.873435101862208,0.412085433655507,0.0241669400832584,-0.404983918390955
436,"Male","Strict recommended/common 5th-95th",-2.1935123412306,-8.6632438332014,0.66657214474176,0.684328955299342,0.990175665675335,0.859182073265148,0.316140664171462,0.0241669400832588,-0.44275413966141
437,"Female","Primary common 1st-99th",-1.75818078172454,-10.5213085441697,0.55476096004711,0.566646808252772,0.898612377209758,0.905922883395294,0.539452280040186,0.344444448981399,-0.149186210941969
437,"Female","Strict recommended/common 5th-95th",-1.80238953074515,-10.6959172238865,0.553678693763749,0.5655411919601,0.782818856589743,0.846448429309987,0.534948451801023,0.344444448981399,-0.210754237531173
437,"Male","Primary common 1st-99th",-1.96248590770769,-7.79272705039154,0.680616900742557,0.696378217130875,0.987040611642454,0.882075474216835,0.42776044887692,0.000508419693527943,-0.356940298910139
437,"Male","Strict recommended/common 5th-95th",-2.06987003930875,-8.16087252500565,0.677899534142712,0.693597937067218,0.980011958514491,0.844012599320862,0.378200202848131,0.000508419693528312,-0.463534554039106
438,"Female","Primary common 1st-99th",-1.84800858576366,-11.0276037812088,0.540757937636843,0.551855180361608,0.878994393381243,0.868848183296863,0.589448731897711,0.377574214844975,-0.237744668040091
438,"Female","Strict recommended/common 5th-95th",-1.87046475942463,-11.0912600860257,0.540371334000669,0.551460484375168,0.747368714487414,0.820177968349091,0.578158230098031,0.377574214844976,-0.283662570278076
439,"Female","Primary common 1st-99th",-1.83949083305174,-10.9957113879323,0.562096753913781,0.57304539652922,0.877184726185237,0.886761028537305,0.593805449926442,0.3813858682599,-0.184715303753686
439,"Female","Strict recommended/common 5th-95th",-1.84480007833863,-10.9503686247856,0.562383409015025,0.573337471063323,0.747544370550042,0.847545532114565,0.584917781966363,0.381385868259901,-0.191509841866388
439,"Male","Primary common 1st-99th",-1.98112458325536,-7.87096259279672,0.679206456838311,0.694684405287378,0.985595895703624,0.885664971100635,0.431420156354396,0.0862027075843671,-0.331305493297484
439,"Male","Strict recommended/common 5th-95th",-2.11145810538239,-8.34025066979672,0.675746761112579,0.691145882561012,0.981503959022821,0.866672608017398,0.342822161983343,0.0862027075843675,-0.352618092628048
440,"Female","Primary common 1st-99th",-1.79845137032447,-10.7440081761563,0.546643092658539,0.558645512491337,0.901921427832074,0.885515847898058,0.531226794858437,0.335586713377627,-0.19955208558929
440,"Female","Strict recommended/common 5th-95th",-1.83712130261465,-10.9014415688586,0.545679191617486,0.557660287055928,0.792463702547243,0.84179890788522,0.520627884913036,0.335586713377628,-0.230862058669561
440,"Male","Primary common 1st-99th",-2.06161690450098,-8.18526806286377,0.675531565604804,0.690936665272226,0.988328960339359,0.871579120692976,0.439488162091353,0.0386340733120327,-0.393669157203365
440,"Male","Strict recommended/common 5th-95th",-2.08455458277732,-8.23332394236993,0.675178047363257,0.690575098379015,0.971903028517897,0.868474330594376,0.379378970597578,0.0386340733120334,-0.348560712853497
441,"Female","Primary common 1st-99th",-1.80422310760504,-10.7598010746237,0.554322018618992,0.564980348095376,0.8821265492346,0.864653333109364,0.582341706247648,0.36525151575904,-0.23721188605713
441,"Female","Strict recommended/common 5th-95th",-1.81075472597234,-10.7416495416541,0.55443506328039,0.565095403879065,0.759344321923951,0.835278622251615,0.56524165048128,0.365251515759041,-0.225069157424268
441,"Male","Primary common 1st-99th",-1.97150306581624,-7.8184353891751,0.683813377215896,0.700129270765193,0.980353751043616,0.8756036295081,0.483665002589348,0.0151799446981719,-0.379897612458838
441,"Male","Strict recommended/common 5th-95th",-2.11593958722426,-8.32848139962251,0.680029851584036,0.696255483954439,0.976734908862884,0.817233648594646,0.426029109751333,0.0151799446981724,-0.577779841380668
442,"Female","Primary common 1st-99th",-1.83970408469982,-10.9986478154663,0.55173693635218,0.561796216493235,0.909584327634529,0.889721966930426,0.510498251126409,0.324951288041987,-0.193443595414922
442,"Female","Strict recommended/common 5th-95th",-1.86643260071836,-11.0746571845958,0.551266031953444,0.561316565563569,0.804410795403794,0.837299071912273,0.503443215839037,0.324951288041987,-0.250715325456841
442,"Male","Primary common 1st-99th",-2.05977818298105,-8.19650305942827,0.669367809206609,0.686169085519138,0.986274933827804,0.891321420097873,0.416483922571275,0.0340227688554295,-0.320304472726789
442,"Male","Strict recommended/common 5th-95th",-2.18719143898521,-8.63851977387264,0.666144982039455,0.682865378209113,0.981578010579706,0.861385299579122,0.34925008936589,0.0340227688554299,-0.392213526152275
443,"Female","Primary common 1st-99th",-1.80185891025429,-10.772692366763,0.550936300562791,0.560728451266677,0.884903721569085,0.893069024886109,0.574785713841212,0.372651520058005,-0.181405418782744
443,"Female","Strict recommended/common 5th-95th",-1.83578903534827,-10.9017922079336,0.550139463011732,0.559917290017108,0.763884769790107,0.859240369785223,0.564979013417516,0.372651520058005,-0.187038101154608
443,"Male","Primary common 1st-99th",-2.01764755370161,-8.00550112854276,0.692763824233676,0.706251501239543,0.9881244398109,0.874742600735809,0.43447985422381,0.0276549607322888,-0.394114449937761
443,"Male","Strict recommended/common 5th-95th",-2.14923086204422,-8.47899213663188,0.689198260025352,0.702616531571928,0.98365107819016,0.84787797851826,0.359379828797331,0.0276549607322893,-0.473527791663626
444,"Female","Primary common 1st-99th",-1.80662284891064,-10.8022257627655,0.552803781856526,0.564298828129295,0.894148826706023,0.893077981065806,0.551040718770504,0.354402785169495,-0.176389275338243
444,"Female","Strict recommended/common 5th-95th",-1.83199748038798,-10.8770117095738,0.552340588829439,0.563825841617593,0.778836402448043,0.854241916690242,0.54224982117134,0.354402785169495,-0.188137934047765
444,"Male","Primary common 1st-99th",-2.01026753167238,-8.00297802633857,0.693184313306585,0.709345067506879,0.987414475979984,0.896649919628934,0.398444561589125,0.0756665132248122,-0.299482584084287
444,"Male","Strict recommended/common 5th-95th",-2.13282277301633,-8.42609926236843,0.689996211738207,0.70608265311076,0.983618389075809,0.868505358883033,0.331482368895328,0.0756665132248127,-0.360888805304375
445,"Female","Primary common 1st-99th",-1.76091383646115,-10.5457624236348,0.543650752713708,0.555747667959451,0.895685880860915,0.913449002515896,0.547944858160293,0.35748245791948,-0.138478253071584
445,"Female","Strict recommended/common 5th-95th",-1.80243805611777,-10.7110853381923,0.542646304567276,0.554720710337436,0.783851936502758,0.878445879203101,0.541179857217399,0.35748245791948,-0.149276387400579
445,"Male","Primary common 1st-99th",-2.00461004533813,-7.96464275931705,0.672758565431058,0.688157386338503,0.989771502941475,0.883277264801175,0.405595735123135,0.050571396413787,-0.353795117548244
445,"Male","Strict recommended/common 5th-95th",-2.10957272506077,-8.33338908306041,0.670063163965853,0.685400303031542,0.985889759591448,0.867648787823755,0.322693624118335,0.0505713964137875,-0.375185249488178
446,"Female","Primary common 1st-99th",-1.8252572676629,-10.8997663894315,0.547731534973281,0.558833205814083,0.895774487004117,0.879172358411771,0.547596135534528,0.341380368966881,-0.207380442621174
446,"Female","Strict recommended/common 5th-95th",-1.85980068735442,-11.0247020044011,0.546963801423736,0.558049751063075,0.774956285897148,0.814524250808941,0.540585570817473,0.341380368966882,-0.28061057401823
446,"Male","Primary common 1st-99th",-2.06291062014924,-8.16263054157474,0.676869099367941,0.692612561103409,0.987921427472125,0.85311350673948,0.480795871257009,0.00373425085075808,-0.474515609375471
446,"Male","Strict recommended/common 5th-95th",-2.19086863951386,-8.62176034667093,0.673485228755649,0.689149997974025,0.984380096367952,0.807283056998949,0.418045748666649,0.00373425085075859,-0.635892089243756
447,"Female","Primary common 1st-99th",-1.82627525026891,-10.8955328714462,0.54793837719649,0.558613327059796,0.894721275302144,0.8700146884536,0.551323083582629,0.34456403407158,-0.240038086146238
447,"Female","Strict recommended/common 5th-95th",-1.8738693829364,-11.1081510389789,0.546631196512176,0.557280519089577,0.77565535558518,0.813750245414202,0.539574726458978,0.34456403407158,-0.308911753214858
447,"Male","Primary common 1st-99th",-2.04109501861942,-8.10354115137295,0.680987037603163,0.695531637598138,0.988197817121616,0.875705876373817,0.43204842218403,0.0534153411438832,-0.372883288794803
447,"Male","Strict recommended/common 5th-95th",-2.13978602127177,-8.4372519260905,0.678514171263544,0.693005969128304,0.981775091150353,0.83964064657149,0.377913115594563,0.0534153411438836,-0.463922291339878
448,"Female","Primary common 1st-99th",-1.84452559175427,-11.0475127071676,0.547938855551082,0.558130109952475,0.902702939616819,0.908494828087039,0.528403887439858,0.344549818218703,-0.15177389020479
448,"Female","Strict recommended/common 5th-95th",-1.86745230034955,-11.0907111612106,0.547673046985471,0.557859198029758,0.791945668300607,0.858800193733753,0.524433722845564,0.344549818218703,-0.202528320962708
448,"Male","Primary common 1st-99th",-2.03539385192399,-8.08227810928005,0.68382034120564,0.69933720548601,0.991211751500634,0.877026761014392,0.407976488578713,0.0572277288662356,-0.377968181925249
448,"Male","Strict recommended/common 5th-95th",-2.12725718848044,-8.40136973323037,0.681446519802594,0.696909532251909,0.986835653073695,0.863472431711194,0.324369279959789,0.0572277288662359,-0.392423968090588
449,"Female","Primary common 1st-99th",-1.85455849214423,-11.0888062008888,0.548521706471938,0.559742303058812,0.890901572119109,0.891181695192558,0.559425996865888,0.357926532606095,-0.186295472812789
449,"Female","Strict recommended/common 5th-95th",-1.89300281138039,-11.2404703115829,0.5475863331908,0.558787635088966,0.773543836469577,0.852868539802136,0.549472169077948,0.357926532606094,-0.20347290398009
449,"Male","Primary common 1st-99th",-2.04727936569176,-8.1447999128634,0.679401540189777,0.693372730611831,0.98621373750371,0.890029348671966,0.419209941381052,0.0571791881441776,-0.315190656908178
449,"Male","Strict recommended/common 5th-95th",-2.16332090637275,-8.54646545511527,0.67643069981704,0.690340811519136,0.979265978978452,0.866831109598991,0.351895225072908,0.057179188144178,-0.347520996219518
450,"Female","Primary common 1st-99th",-1.81447212241891,-10.8534795520182,0.554216706457273,0.566683408122752,0.885217708755755,0.89441956125056,0.574052418916326,0.367541949357281,-0.170216921567896
450,"Female","Strict recommended/common 5th-95th",-1.81148210860174,-10.7461143416623,0.554884480418096,0.567366041219573,0.75603499760782,0.834924373999713,0.569718224747679,0.367541949357281,-0.229285820789181
450,"Male","Primary common 1st-99th",-2.00103406715202,-7.93010215169785,0.692101426203608,0.709973292745142,0.986375219960218,0.868767966253962,0.457954998088174,0.0752359624412533,-0.393753329591823
450,"Male","Strict recommended/common 5th-95th",-2.13299104418897,-8.41557712337862,0.688452103403505,0.706229748820286,0.98153318639783,0.850172410291757,0.364249932195088,0.0752359624412539,-0.417342108230011
451,"Female","Primary common 1st-99th",-1.78538526068047,-10.662004412109,0.558411332190851,0.569997431159622,0.897843467244688,0.880858594635539,0.542185888221838,0.335944670615016,-0.207664237906592
451,"Female","Strict recommended/common 5th-95th",-1.80440576380595,-10.7006024948367,0.558170369769322,0.569751305567509,0.781525443857491,0.828370800325867,0.533659031224796,0.335944670615016,-0.258199016828653
451,"Male","Primary common 1st-99th",-1.92493555154977,-7.65297874162567,0.676478105544831,0.688786465083045,0.975900955949619,0.894508854318922,0.484045823761266,0.0923865425379667,-0.287042812879222
451,"Male","Strict recommended/common 5th-95th",-2.06837749297275,-8.15220893382583,0.672821102741634,0.68506293805272,0.963370668170763,0.840832534574936,0.438394778150321,0.0923865425379672,-0.426786174162626
452,"Female","Primary common 1st-99th",-1.81665413999631,-10.874511673708,0.541543849975893,0.552261544964589,0.885233201974854,0.904547821231782,0.574827122800005,0.370836349838355,-0.148040088976053
452,"Female","Strict recommended/common 5th-95th",-1.84459172808056,-10.9528111713554,0.541068373837158,0.551776500572178,0.759743170305529,0.855226687580251,0.569786288591845,0.370836349838355,-0.180525521780631
452,"Male","Primary common 1st-99th",-2.02500990454924,-8.01752444651921,0.665790960621883,0.684034720551734,0.981275749264319,0.863215330509077,0.499783899856691,0.016420221677102,-0.428454182744625
452,"Male","Strict recommended/common 5th-95th",-2.19465733838515,-8.66327218345373,0.661116938445384,0.67923263612826,0.978955022097593,0.853929647802405,0.369094486925347,0.0164202216771023,-0.443259584377467
453,"Female","Primary common 1st-99th",-1.8088236687818,-10.867075528974,0.550947147270411,0.562406153175748,0.891475156302521,0.944231123327798,0.565921850164316,0.375843754942628,-0.0641042287192186
453,"Female","Strict recommended/common 5th-95th",-1.84977371750134,-10.9995519362343,0.550128576403825,0.56157039680099,0.77153018602227,0.890865436549341,0.56373541939508,0.375843754942629,-0.110412347405678
453,"Male","Primary common 1st-99th",-2.03582109340471,-8.0731893927411,0.671059692373505,0.688514239895763,0.978139287471386,0.867952840559656,0.509886126424043,0.0473012480433794,-0.384272296361353
453,"Male","Strict recommended/common 5th-95th",-2.09025020973459,-8.22496216823208,0.669951814131943,0.687377559296607,0.955812664535268,0.817120906574839,0.486530628847015,0.0473012480433798,-0.50967550663881
454,"Female","Primary common 1st-99th",-1.84061328439064,-11.0154288738107,0.539434411896605,0.550624885936146,0.901377842938164,0.901782452502651,0.5318888317697,0.341715341765588,-0.162372625547577
454,"Female","Strict recommended/common 5th-95th",-1.8817021357612,-11.1695079317171,0.538500653450823,0.549671599083043,0.788836314117114,0.845059301367169,0.526237838325568,0.341715341765588,-0.222672032168885
454,"Male","Primary common 1st-99th",-1.99900639394183,-7.93454464098011,0.675212767216426,0.686449970319301,0.986379283925046,0.878740556913406,0.438661276980972,0.0302722419357577,-0.37006765320476
454,"Male","Strict recommended/common 5th-95th",-2.13693999192779,-8.42834515210587,0.671591263428373,0.682768209319187,0.98277562950591,0.844743207506942,0.367089072616081,0.0302722419357582,-0.466538851703212
455,"Female","Primary common 1st-99th",-1.74159952605346,-10.4104633776864,0.543764477446359,0.556338882731353,0.902510178487772,0.894594210107287,0.529014353744952,0.336890582453448,-0.180273517528111
455,"Female","Strict recommended/common 5th-95th",-1.77416395695542,-10.5272346237738,0.543056022110356,0.555613884946851,0.791980719286612,0.845263859502211,0.521857992152086,0.336890582453448,-0.226268107143278
455,"Male","Primary common 1st-99th",-2.0614917227264,-8.1747700990438,0.671876223220805,0.687619141718849,0.984610050387004,0.866615128317092,0.47329388961245,0.0656281647019388,-0.388848168563884
455,"Male","Strict recommended/common 5th-95th",-2.15833256413705,-8.5078324472941,0.669439292914408,0.685125124461213,0.974353450489928,0.833658394337406,0.411307759911384,0.0656281647019393,-0.449781912017484
456,"Female","Primary common 1st-99th",-1.85172013226759,-11.0819020298412,0.545592274280332,0.557123743156204,0.897493315310518,0.90043889232553,0.542287751058602,0.349066058909947,-0.163903234435905
456,"Female","Strict recommended/common 5th-95th",-1.88314252812718,-11.1811122392897,0.544983819700455,0.556502268988182,0.782611637981171,0.851746613507208,0.536321082186163,0.349066058909946,-0.204059291697377
456,"Male","Primary common 1st-99th",-2.08675832138776,-8.28067399751638,0.679542633991494,0.693620882563891,0.986355393420765,0.870697825134582,0.454288114032953,-0.0175037969637855,-0.402767599136298
456,"Male","Strict recommended/common 5th-95th",-2.2135090194767,-8.73234733442737,0.676196269942959,0.690205204705171,0.980653741201698,0.84200369592415,0.378629327172674,-0.0175037969637853,-0.483761484127033
457,"Female","Primary common 1st-99th",-1.76432627202207,-10.5404964818183,0.551535736829697,0.563809817914846,0.89173221557029,0.886025577377631,0.557386031663005,0.358025778026319,-0.198887175066487
457,"Female","Strict recommended/common 5th-95th",-1.77917144336145,-10.5472656160855,0.551494296379458,0.563767293647617,0.766792944022894,0.822823521880021,0.552637515715227,0.358025778026319,-0.279002797574917
457,"Male","Primary common 1st-99th",-1.9754348372624,-7.83923698890294,0.671737369859155,0.68730868669719,0.985087575625577,0.878226806958692,0.448390463617959,0.0580993866735835,-0.361074993849383
457,"Male","Strict recommended/common 5th-95th",-2.09922883204855,-8.26555086801256,0.66863012536092,0.684129427931466,0.982896803696389,0.823342939701782,0.397847527502666,0.0580993866735839,-0.530235738590014
458,"Female","Primary common 1st-99th",-1.79496791042064,-10.7259338309817,0.545840541012266,0.558146161416922,0.908849788733797,0.890562054768495,0.512373835204916,0.313405766234684,-0.189255903013282
458,"Female","Strict recommended/common 5th-95th",-1.86195768295125,-11.0461873110637,0.543882733850819,0.556144056337593,0.806447948286601,0.834646023415809,0.500371498127985,0.313405766234683,-0.248724681739309
458,"Male","Primary common 1st-99th",-2.05897196579385,-8.1737990419398,0.688500817000762,0.702387862607699,0.985066261120113,0.873252242698228,0.457775667170454,0.0479792724680116,-0.379982058803808
458,"Male","Strict recommended/common 5th-95th",-2.1261403614319,-8.38099558441365,0.686947339363279,0.700803065314121,0.973236274274708,0.837570720155213,0.410018542275554,0.047979272468012,-0.465909235255812
459,"Female","Primary common 1st-99th",-1.81431259796782,-10.8457921966742,0.541308052110812,0.552630297710832,0.910104247907329,0.892231762401467,0.508802173972589,0.3194716748041,-0.185396793255682
459,"Female","Strict recommended/common 5th-95th",-1.86548509101105,-11.0757734479483,0.539911987410186,0.551204873526336,0.810634587806316,0.852393841749143,0.496470607096281,0.319471674804099,-0.20721589795934
459,"Male","Primary common 1st-99th",-1.95918086391838,-7.74984781046918,0.693048429501649,0.709280600333606,0.986143329597794,0.859770119181793,0.477449889968833,0.0586946862070257,-0.424658634199533
459,"Male","Strict recommended/common 5th-95th",-2.08342267364712,-8.21445147697094,0.689558053858626,0.705708489078251,0.979746902658184,0.8441095370942,0.379025549169219,0.0586946862070262,-0.436050452104963
460,"Female","Primary common 1st-99th",-1.82745351966324,-10.912071443765,0.545397904508577,0.556915201810525,0.901976645711708,0.878077283306307,0.531981232582007,0.33597356225284,-0.21850735223031
460,"Female","Strict recommended/common 5th-95th",-1.86015089574639,-11.0370389064741,0.544633141537106,0.556134129145864,0.792864988831964,0.837046447841525,0.519377126698778,0.33597356225284,-0.247126975173684
460,"Male","Primary common 1st-99th",-1.96046945012436,-7.80637026216773,0.685340068623132,0.699419626372803,0.980088056508804,0.902667129639476,0.444339076285987,0.0538979657130489,-0.268149152588181
460,"Male","Strict recommended/common 5th-95th",-2.1231187361492,-8.37572554075514,0.681107705646103,0.695100328103071,0.975645813821583,0.85013667174535,0.386092556799157,0.0538979657130495,-0.415511565018095
461,"Female","Primary common 1st-99th",-1.81982468037879,-10.8953007668151,0.539970170203282,0.550948034451975,0.888266245063423,0.906871871685611,0.567128516065367,0.368607775515072,-0.153210488750116
461,"Female","Strict recommended/common 5th-95th",-1.85737464381023,-11.032365839499,0.539139848664754,0.550100674260503,0.767324919936369,0.863012123879181,0.561080533045258,0.368607775515072,-0.185763597935948
461,"Male","Primary common 1st-99th",-1.97643653289782,-7.82723376272877,0.683573110023604,0.696586806349741,0.973476848284996,0.869637928466256,0.534056487822374,0.0288791532219919,-0.399098823802122
461,"Male","Strict recommended/common 5th-95th",-2.16611637864196,-8.53817436320635,0.678300675150234,0.691214010540184,0.977093629274808,0.833224524342712,0.402841212795443,0.0288791532219924,-0.516795450404375
462,"Female","Primary common 1st-99th",-1.82100026889207,-10.8519955599131,0.542713440599225,0.554851489418466,0.895342656382884,0.857005511254415,0.552201478766165,0.337675568680779,-0.265596884369399
462,"Female","Strict recommended/common 5th-95th",-1.84682175228116,-10.9480681890547,0.542128861058218,0.554253675634614,0.779751015728282,0.815812681923225,0.53442327348356,0.337675568680779,-0.295687700639869
462,"Male","Primary common 1st-99th",-1.93104416936963,-7.66688128848952,0.686362859309092,0.697553633358023,0.988132875487224,0.884659401540354,0.414985559146475,0.0131370592344077,-0.357630644126082
462,"Male","Strict recommended/common 5th-95th",-2.06396054189885,-8.14875725758706,0.682780865509168,0.693913250803928,0.986283034643787,0.863521311377006,0.326693689143323,0.0131370592344082,-0.414134850453483
463,"Female","Primary common 1st-99th",-1.78553232104097,-10.6530612484497,0.554577644717423,0.564863935312829,0.903606695493931,0.873404623835662,0.528589935787289,0.328914191619736,-0.230649176039381
463,"Female","Strict recommended/common 5th-95th",-1.83158128174209,-10.8570026753533,0.55331207306002,0.563574727304069,0.793126782388552,0.816291346198452,0.516834449804335,0.328914191619736,-0.298974956829545
463,"Male","Primary common 1st-99th",-2.06388816727446,-8.16492744936492,0.686767501214406,0.705665743834653,0.99088124504701,0.850826183833398,0.468334020923293,0.0154599995611571,-0.479848202038499
463,"Male","Strict recommended/common 5th-95th",-2.15933417066831,-8.52053378229951,0.684108236458753,0.702933315989781,0.985603270337864,0.848894864707225,0.350404868298597,0.0154599995611574,-0.463585791779254
464,"Female","Primary common 1st-99th",-1.86230763305047,-11.1642861628346,0.550106035187366,0.560316594240242,0.88832878286088,0.91585701700338,0.568141288175863,0.371223851144519,-0.122917168533726
464,"Female","Strict recommended/common 5th-95th",-1.86284624324506,-11.0603758286244,0.550749779245317,0.560972127243581,0.760645449002938,0.851583283426093,0.567488362114111,0.371223851144518,-0.193209209897838
464,"Male","Primary common 1st-99th",-2.03925878239637,-8.06506600453591,0.662599152258014,0.680437372595593,0.991551195529666,0.850852553574901,0.464258114158527,0.0663939770402122,-0.477690001071662
464,"Male","Strict recommended/common 5th-95th",-2.13754140369742,-8.43055429683093,0.659965035878991,0.677732354882381,0.987811536001691,0.843320690618088,0.350219752701253,0.0663939770402125,-0.481813308230557
465,"Female","Primary common 1st-99th",-1.75950161224163,-10.5584088696631,0.553496547844923,0.564379649426588,0.898990818435143,0.93529151589402,0.542178319469751,0.349749689296801,-0.0841090005459059
465,"Female","Strict recommended/common 5th-95th",-1.81757997116305,-10.8046443653981,0.551973047206362,0.562826031712348,0.788309297353453,0.885895508711793,0.536651430791699,0.3497496892968,-0.119996332398424
465,"Male","Primary common 1st-99th",-2.04779263282652,-8.13234144808697,0.681022885088026,0.69727308330408,0.990182446186758,0.878072667478049,0.413229808824428,0.070588297786796,-0.376265596952861
465,"Male","Strict recommended/common 5th-95th",-2.16220495075747,-8.54189166293791,0.677986909003433,0.69416467801945,0.987736249143921,0.865733344715471,0.317183056688285,0.0705882977867963,-0.391513305024179
466,"Female","Primary common 1st-99th",-1.79221467230199,-10.718673128437,0.543744145567544,0.554884946262271,0.921294534839764,0.898952449446592,0.476788090288537,0.296332405594277,-0.179279950291324
466,"Female","Strict recommended/common 5th-95th",-1.85044238590812,-10.9945677603435,0.54206417231062,0.553170392319973,0.836228069706369,0.871062672411777,0.46113236954528,0.296332405594277,-0.183196632035824
466,"Male","Primary common 1st-99th",-1.98607846876232,-7.89279689824539,0.6735076970443,0.692545722955727,0.984079714083222,0.888047632215529,0.438010930574044,0.0287176994988797,-0.330730557049247
466,"Male","Strict recommended/common 5th-95th",-2.13344374680546,-8.4242962244385,0.669621313728066,0.688549497042785,0.98130755125454,0.861237577334967,0.350535907012571,0.0287176994988801,-0.393093700005271
467,"Female","Primary common 1st-99th",-1.83816156762538,-11.0069582208698,0.544233444404318,0.555616184028796,0.896675609337895,0.906465705101675,0.544702256869893,0.356064032309301,-0.15749549347503
467,"Female","Strict recommended/common 5th-95th",-1.86014788285241,-11.0508681925539,0.543965202814969,0.555342173167409,0.78318988582964,0.867072809882277,0.539072071730458,0.356064032309301,-0.185183408228925
467,"Male","Primary common 1st-99th",-2.03883991832602,-8.05031422585715,0.675680174905437,0.688361594486795,0.982958956270015,0.841372651099535,0.532889169279452,0.0335271851127795,-0.493342114634583
467,"Male","Strict recommended/common 5th-95th",-2.13415371651888,-8.39377811094199,0.673156329094329,0.685790394228799,0.97102741540217,0.805742915953809,0.458466498482002,0.03352718511278,-0.588901586638911
468,"Female","Primary common 1st-99th",-1.80735713629192,-10.8037947009904,0.554533607894817,0.565180414177789,0.902218511091407,0.891817654327645,0.529941162327689,0.331012853338305,-0.185061053894213
468,"Female","Strict recommended/common 5th-95th",-1.85043449017459,-10.9921934072835,0.553362626419276,0.563986787924352,0.798313895002294,0.866282532283677,0.516738811652805,0.331012853338304,-0.171414552466877
468,"Male","Primary common 1st-99th",-1.97417297393441,-7.80709955120269,0.670643313360983,0.68660328716851,0.988460962097667,0.85601862045946,0.471321692350227,0.0334701713699649,-0.448914856448747
468,"Male","Strict recommended/common 5th-95th",-2.09041082913769,-8.23294679337068,0.667545606051662,0.683431874093116,0.983996909627335,0.827077999553807,0.388597128423088,0.0334701713699654,-0.525126804653619
469,"Female","Primary common 1st-99th",-1.87825611405594,-11.2164444727517,0.55457351206784,0.565113072348968,0.878014519874181,0.875569287306963,0.591560837087576,0.368997629080509,-0.213874375132354
469,"Female","Strict recommended/common 5th-95th",-1.90948556100703,-11.326799975328,0.553884487160308,0.564410790460609,0.74597361567995,0.826446753135594,0.581469048068528,0.368997629080508,-0.248516927805294
469,"Male","Primary common 1st-99th",-2.02494857372626,-8.03713213806891,0.662925669628582,0.677882501784642,0.98424847441684,0.876080907261694,0.45788620199354,0.0305477744308954,-0.374084853686878
469,"Male","Strict recommended/common 5th-95th",-2.13248637423663,-8.40674194883808,0.660261344815186,0.675158078323613,0.975171731701958,0.838705132956484,0.402089579637703,0.0305477744308959,-0.475439992832959
470,"Female","Primary common 1st-99th",-1.80617349016076,-10.7976662533651,0.554409788473036,0.565627685054908,0.901528996954193,0.890627732899126,0.531836197449173,0.33910148716863,-0.187990813739085
470,"Female","Strict recommended/common 5th-95th",-1.82253271538933,-10.8248029044772,0.554241423245346,0.565455750894006,0.795468441592249,0.863816507014409,0.520376248097224,0.339101487168631,-0.179908847513838
470,"Male","Primary common 1st-99th",-1.93826826806664,-7.68853629814825,0.678924669561801,0.691167923532807,0.986982643115834,0.877264996996451,0.437338864605316,0.0296426091695338,-0.367598203383446
470,"Male","Strict recommended/common 5th-95th",-2.04828241417279,-8.07421071181311,0.676088198371064,0.688280314943557,0.980734570350877,0.842672879057337,0.377419808094847,0.0296426091695345,-0.454547633971722
471,"Female","Primary common 1st-99th",-1.78462512580031,-10.6794513147782,0.547517188382533,0.558151972249705,0.896200134643774,0.904044719997649,0.545852389975233,0.353946297972506,-0.157457773858564
471,"Female","Strict recommended/common 5th-95th",-1.8238690887253,-10.8370180806478,0.546551626086659,0.557167495105212,0.785874053204852,0.87368531739175,0.536851221008685,0.353946297972505,-0.154884222668805
471,"Male","Primary common 1st-99th",-2.01240400175889,-7.98460954490897,0.682933511386734,0.697029628730513,0.988418773387637,0.875671124802165,0.430592668017847,0.0372798135805433,-0.384198816670024
471,"Male","Strict recommended/common 5th-95th",-2.14311929502683,-8.47218631766606,0.679314796659325,0.693336235403898,0.986761648111092,0.877264746453277,0.305692701788299,0.0372798135805437,-0.347152510255096
472,"Female","Primary common 1st-99th",-1.82811401624767,-10.9119379023633,0.540852218431458,0.55306597600143,0.908320660431294,0.873566343473464,0.516530509860271,0.32264619720581,-0.227155167839929
472,"Female","Strict recommended/common 5th-95th",-1.85266094575359,-10.9968932962429,0.540336743735799,0.552538701467863,0.808124806658858,0.846348673972113,0.499270897597346,0.322646197205811,-0.221089831443945
472,"Male","Primary common 1st-99th",-1.95088826749256,-7.72023710217136,0.679209828616205,0.692440908881115,0.987623022320305,0.862523176268805,0.462699056322445,0.0171425965891911,-0.429255969398876
472,"Male","Strict recommended/common 5th-95th",-2.07762908683755,-8.18345995636638,0.675800408747799,0.688965086759438,0.98251667853016,0.830578669233734,0.38837055177766,0.0171425965891916,-0.520192186975769
473,"Female","Primary common 1st-99th",-1.82290665668287,-10.870216718336,0.551955467495767,0.562972648216359,0.895867575846817,0.861555505869734,0.549983286464763,0.342604687866865,-0.259485113737178
473,"Female","Strict recommended/common 5th-95th",-1.82432381219233,-10.8213024852688,0.552258673426535,0.563281744286099,0.783980542259091,0.831452534900497,0.530771082856453,0.342604687866865,-0.2699789536475
473,"Male","Primary common 1st-99th",-1.94400427490465,-7.72497388646211,0.674219581761862,0.688291693263211,0.990302313430161,0.888880367856693,0.390328721599461,0.0528170980627028,-0.344784699632783
473,"Male","Strict recommended/common 5th-95th",-2.0670385142929,-8.1664895175366,0.670993644372842,0.684998438522247,0.988680583932348,0.873250039624305,0.302104051614333,0.0528170980627034,-0.379902547748042
474,"Female","Primary common 1st-99th",-1.84549295152819,-11.034704676576,0.543796602571658,0.554245506467383,0.902140903392288,0.891023493734221,0.530197432219048,0.337789603007206,-0.188507470660145
474,"Female","Strict recommended/common 5th-95th",-1.87397262180074,-11.1297653259349,0.543215837119711,0.553653422755126,0.79552327688166,0.859112186579651,0.519330827009255,0.337789603007205,-0.19362148219492
474,"Male","Primary common 1st-99th",-2.02326401030328,-8.03500205462372,0.674131511495984,0.691330206040532,0.987536782045289,0.879323107942073,0.429525541143764,0.0488225000808512,-0.362162388504645
474,"Male","Strict recommended/common 5th-95th",-2.12701134938691,-8.39918690176927,0.671461979782958,0.688592581692346,0.979858557330928,0.862862951676702,0.354331696271847,0.0488225000808517,-0.378910008250152
475,"Female","Primary common 1st-99th",-1.84358549230226,-11.0177514187664,0.541929123909739,0.552824284506495,0.890237885658104,0.88570891254604,0.561183679739969,0.360713266340988,-0.199242308301709
475,"Female","Strict recommended/common 5th-95th",-1.86985485956153,-11.1084207658258,0.541377207988028,0.552261113821241,0.777377697948809,0.86597999251282,0.54727794031856,0.360713266340987,-0.173825587334817
475,"Male","Primary common 1st-99th",-1.89703492424486,-7.54685125763859,0.680715989658946,0.700390675916932,0.982970808439643,0.89927060084458,0.42806676770295,0.0738878645769726,-0.283966116842704
475,"Male","Strict recommended/common 5th-95th",-2.01256069982828,-7.93992540645153,0.677821909650326,0.697412962513854,0.977201206212637,0.858653513420163,0.36993057323217,0.0738878645769732,-0.385618314568502
476,"Female","Primary common 1st-99th",-1.78243260112058,-10.717539449851,0.554096826307852,0.566455306963938,0.900872985782916,0.952424610074735,0.541124489952836,0.349698648458785,-0.0424369040308711
476,"Female","Strict recommended/common 5th-95th",-1.80657638034887,-10.7507352132408,0.553891101275317,0.566244832311682,0.791271851611681,0.910118574251765,0.540007440218204,0.349698648458785,-0.0588453816057182
476,"Male","Primary common 1st-99th",-2.15844243943965,-8.56226885821686,0.681001398211073,0.693957064452114,0.987320857992537,0.863999507891812,0.461546113871563,0.0475194162481087,-0.421157580703647
476,"Male","Strict recommended/common 5th-95th",-2.28777371421822,-9.02516424435636,0.677553944131679,0.69044403814067,0.982456045475426,0.83697687248834,0.379293365797549,0.0475194162481092,-0.489942926844283
477,"Female","Primary common 1st-99th",-1.84756104881545,-11.0147419559965,0.548225673122239,0.560380381399947,0.885346612417822,0.859774663219539,0.575335359353192,0.356838790633165,-0.255429489456211
477,"Female","Strict recommended/common 5th-95th",-1.87925063421594,-11.1387373435715,0.547462047059252,0.559599663726371,0.758833296058467,0.809876021929349,0.561072025921817,0.356838790633165,-0.300682863359885
477,"Male","Primary common 1st-99th",-1.99346554219897,-7.8855177613247,0.676906069228987,0.685816604436302,0.986081987521076,0.856650537241887,0.484199819672293,-0.0158262654730879,-0.450738415049228
477,"Male","Strict recommended/common 5th-95th",-2.11956164313288,-8.3502145748035,0.673491285248885,0.682356882994346,0.979613277186007,0.829146806423632,0.400128117120596,-0.0158262654730875,-0.52678572194332
478,"Female","Primary common 1st-99th",-1.82360061021333,-10.8836367967237,0.552198947426408,0.561846674000125,0.890193614740957,0.874472827499858,0.561946992135127,0.354246317480505,-0.219991511499869
478,"Female","Strict recommended/common 5th-95th",-1.87253497130927,-11.1069439205049,0.550815545596879,0.560438940403831,0.770702964234983,0.828418028942438,0.548333138657527,0.354246317480505,-0.250558486722048
478,"Male","Primary common 1st-99th",-1.9949755550775,-7.90077921230002,0.67896018178396,0.69494936272096,0.98566232385344,0.865050976560134,0.469803136603912,0.031848485915377,-0.418285029716256
478,"Male","Strict recommended/common 5th-95th",-2.13848110937632,-8.42725043868316,0.675079063527705,0.690976859779844,0.982841529062798,0.832188308960892,0.384904565550857,0.0318484859153775,-0.513525922094017
479,"Female","Primary common 1st-99th",-1.83942457027307,-10.974168360141,0.556017795936676,0.567100146530763,0.89529155185717,0.867576257593746,0.550295708279361,0.344319793250411,-0.235418401226297
479,"Female","Strict recommended/common 5th-95th",-1.86413214914893,-11.0585343443385,0.555491177773143,0.566562868821354,0.781204188744711,0.831109691186411,0.534504137277379,0.34431979325041,-0.245013410140746
479,"Male","Primary common 1st-99th",-2.04936300059546,-8.14284725231139,0.687108814142875,0.701227302192838,0.983856192671738,0.88309746789281,0.448036747865434,0.0684980301321074,-0.336509952629764
479,"Male","Strict recommended/common 5th-95th",-2.19006577684587,-8.65298878369751,0.683292914870072,0.697333008794057,0.978326825895333,0.867072421790002,0.355442180547678,0.0684980301321081,-0.341618591139025
480,"Female","Primary common 1st-99th",-1.81251235208714,-10.821502465283,0.54123919553981,0.55355406926528,0.906696530003653,0.877804551506078,0.519893345301721,0.326240351622844,-0.22881989288476
480,"Female","Strict recommended/common 5th-95th",-1.84601785035269,-10.9652591747029,0.540367000734874,0.552661869829448,0.809441553068863,0.863651894028967,0.499922504763324,0.326240351622844,-0.205416477109565
480,"Male","Primary common 1st-99th",-2.00592625372895,-7.91770469599632,0.67861040260827,0.693052477353934,0.983957203789574,0.840907221663418,0.528633508179863,0.00236801017934558,-0.510448994449609
480,"Male","Strict recommended/common 5th-95th",-2.07038159526578,-8.15540240140871,0.676858717820331,0.691263527432091,0.971401781191835,0.831776919379187,0.423236041612891,0.00236801017934607,-0.515921398682842
481,"Female","Primary common 1st-99th",-1.83388067667263,-10.9346658670935,0.541334087877797,0.551868066628188,0.888397236976359,0.863739915992474,0.567542253305378,0.352317588294691,-0.247124456268334
481,"Female","Strict recommended/common 5th-95th",-1.88347072636201,-11.1668729463307,0.539923035074887,0.550429396740251,0.766681921085928,0.816976938410072,0.551840700689507,0.35231758829469,-0.284087912651331
481,"Male","Primary common 1st-99th",-2.03768113172932,-8.06282804024761,0.673071834519619,0.690974845363362,0.991620646847413,0.854045807723792,0.456452018606507,0.0426249279587714,-0.462624718084595
481,"Male","Strict recommended/common 5th-95th",-2.13323491873455,-8.41642663256994,0.670483194537988,0.688317363610814,0.987042180554587,0.848820301317695,0.344872862353356,0.0426249279587719,-0.451573016358203
482,"Female","Primary common 1st-99th",-1.85314879344395,-11.0755869204943,0.547505224705048,0.557981970804021,0.902368402893689,0.886182519077119,0.529996735329035,0.337158466595111,-0.198466227272273
482,"Female","Strict recommended/common 5th-95th",-1.88713163201924,-11.198666550787,0.546747717617301,0.557209808338453,0.791903403343903,0.837726510890574,0.520801447224828,0.33715846659511,-0.241664381163971
482,"Male","Primary common 1st-99th",-2.0913166124454,-8.29247397923637,0.670651015886365,0.687306811784275,0.983758075441137,0.864794704878293,0.48200860592223,0.0669999871984172,-0.39468700535426
482,"Male","Strict recommended/common 5th-95th",-2.20087519555354,-8.67140535543646,0.667879970180637,0.684466959919764,0.973655678927561,0.824227152839762,0.425880659163155,0.0669999871984178,-0.485381447903965
483,"Female","Primary common 1st-99th",-1.76745062254332,-10.563297483982,0.555349274483559,0.566853371062856,0.888863636424758,0.890565179825942,0.564634847975409,0.36293403401998,-0.180624395396101
483,"Female","Strict recommended/common 5th-95th",-1.786318243598,-10.6059197683696,0.555084909980174,0.566583367648962,0.770846101596454,0.858731838297562,0.554813780158042,0.36293403401998,-0.174459209503378
483,"Male","Primary common 1st-99th",-2.06480424598422,-8.14821607160064,0.675172565692563,0.686691217420728,0.989034077802825,0.832843264966399,0.519895919454293,0.0532660256952688,-0.521220828206215
483,"Male","Strict recommended/common 5th-95th",-2.13656330904691,-8.40563253224598,0.673280435777086,0.684766820499531,0.979861046558212,0.806685348594713,0.43217682938853,0.0532660256952692,-0.572194392757313
484,"Female","Primary common 1st-99th",-1.75838536137148,-10.5275806475854,0.565253608625118,0.576712696748073,0.896980036686001,0.908037390641686,0.543977628876083,0.356221453878989,-0.145481957788153
484,"Female","Strict recommended/common 5th-95th",-1.76754369428783,-10.497821469205,0.565441915206515,0.576904655855726,0.783158635605441,0.866756935583829,0.539037143272757,0.356221453878989,-0.16717816790127
484,"Male","Primary common 1st-99th",-2.01866669201198,-7.96909624356672,0.671559990466054,0.684777775568097,0.991499254409357,0.840496374195364,0.488808433459634,0.0612274767089245,-0.507066108506065
484,"Male","Strict recommended/common 5th-95th",-2.11587830824174,-8.3388731614555,0.668861740485523,0.682026431339785,0.987863890997509,0.833638167047551,0.365091572216988,0.061227476708925,-0.501714128467436
485,"Female","Primary common 1st-99th",-1.8236730420812,-10.8968754236662,0.545120762865581,0.557005484257569,0.893798798789342,0.885646876708174,0.55214088338905,0.352652298654685,-0.197161211349856
485,"Female","Strict recommended/common 5th-95th",-1.85756596259381,-11.0297044627793,0.544308422867241,0.556175273556777,0.780674372232419,0.854248761381623,0.539627217733953,0.352652298654685,-0.196133014568836
485,"Male","Primary common 1st-99th",-1.97412725655465,-7.79038335520316,0.687703257652077,0.700257493779029,0.984676268022715,0.844030111403344,0.518295308165649,-0.0206773235596062,-0.499150259931317
485,"Male","Strict recommended/common 5th-95th",-2.11531679789586,-8.33197579185444,0.683664093437698,0.696144607190233,0.979157061853657,0.827037778906185,0.404600155395023,-0.020677323559606,-0.543136057333361
486,"Female","Primary common 1st-99th",-1.85015000853756,-11.0606319827047,0.54993654805296,0.559188947241368,0.894695150943292,0.888662798586095,0.549719649912628,0.351387314989148,-0.192866506913398
486,"Female","Strict recommended/common 5th-95th",-1.87653262122373,-11.141967769055,0.549433918502043,0.55867770080321,0.780375011252438,0.852051550199833,0.539566128384726,0.351387314989147,-0.208252277588375
486,"Male","Primary common 1st-99th",-2.01455317075046,-7.97035956974055,0.665795552890792,0.680422181252323,0.982186339858592,0.856039778890917,0.507964205264172,-0.00689507786182751,-0.450998578846389
486,"Male","Strict recommended/common 5th-95th",-2.10657027281761,-8.3131566102728,0.663315614000634,0.677887775078963,0.971903439882469,0.855637615165169,0.393201463074845,-0.0068950778618271,-0.418550697852512
487,"Female","Primary common 1st-99th",-1.8707087883788,-11.2176643400715,0.556021865671458,0.566299175693847,0.896768136746933,0.921600196039486,0.545986244894645,0.356681043562332,-0.114010271065452
487,"Female","Strict recommended/common 5th-95th",-1.91055383199491,-11.3565059149652,0.555152628958418,0.565413710560703,0.783369613442221,0.877694715224632,0.541684404716752,0.356681043562333,-0.137853311604088
487,"Male","Primary common 1st-99th",-2.10985518230513,-8.33637245164762,0.66790278149077,0.680665245613108,0.991002848471018,0.839054179173101,0.494954409731607,0.0165657247410887,-0.520475713709661
487,"Male","Strict recommended/common 5th-95th",-2.2101468725381,-8.70755313194851,0.665198244515301,0.677909042950482,0.986129281091005,0.822134066422441,0.389147734178954,0.0165657247410893,-0.563797380864535
488,"Female","Primary common 1st-99th",-1.83700231670185,-10.9980717460131,0.540190680657396,0.551006044411035,0.893022354605382,0.905620710370728,0.554421684247398,0.358436486103451,-0.150246026305631
488,"Female","Strict recommended/common 5th-95th",-1.86956984421174,-11.1122114157268,0.539498204846532,0.550299546310657,0.780545802574717,0.877647488514099,0.545880504206591,0.35843648610345,-0.137223387212188
488,"Male","Primary common 1st-99th",-2.0642577374188,-8.16533046762964,0.663142328848254,0.678343205841416,0.989422233278009,0.850483408712264,0.477742756506188,0.0287864306962554,-0.469727907278395
488,"Male","Strict recommended/common 5th-95th",-2.17262249780192,-8.56499522878781,0.660256384946768,0.675391122165168,0.984761521001987,0.834034074304755,0.375503046294415,0.028786430696256,-0.498837975005923
489,"Female","Primary common 1st-99th",-1.78529161527193,-10.708995849777,0.550441012028928,0.560693461401292,0.882433932087381,0.928789595971328,0.586713425925033,0.390453135308784,-0.10369765654002
489,"Female","Strict recommended/common 5th-95th",-1.82404549108588,-10.8500670779453,0.549571659252728,0.559807755779872,0.761865743000558,0.899871347266807,0.581939486991881,0.390453135308783,-0.0986825261700319
489,"Male","Primary common 1st-99th",-1.90244427695925,-7.55188955494444,0.674535827505228,0.689812095867762,0.975442033075756,0.887536438539272,0.49636806389183,0.000173278748359258,-0.336393809488846
489,"Male","Strict recommended/common 5th-95th",-2.04577451221053,-8.06538019957118,0.670789261455664,0.685980695471934,0.965910612402407,0.847143573861013,0.423347166054822,0.000173278748359794,-0.458941036454724
490,"Female","Primary common 1st-99th",-1.85968552975135,-11.108965017207,0.536823990616556,0.547364715988137,0.905709576814733,0.88036648480888,0.522028267734798,0.33097591043677,-0.218490826322608
490,"Female","Strict recommended/common 5th-95th",-1.89371527601093,-11.2527559363968,0.5359559056064,0.546479428177598,0.808595570528958,0.869368761574652,0.502212384686979,0.33097591043677,-0.181149519924589
490,"Male","Primary common 1st-99th",-2.03836140428554,-8.08506746426736,0.667022169289164,0.683768447658547,0.991413377379421,0.868766272909881,0.42453401795728,0.00647859590963416,-0.413814458519534
490,"Male","Strict recommended/common 5th-95th",-2.11736589379491,-8.35825074236898,0.665039745708356,0.681736266506649,0.985319411953769,0.856945266260304,0.339993683734685,0.00647859590963453,-0.428426638473344
491,"Female","Primary common 1st-99th",-1.79815226457859,-10.7580454233467,0.538733854399889,0.550726705633194,0.880879596804764,0.899990377495462,0.585572658861495,0.378300395095611,-0.157479204719377
491,"Female","Strict recommended/common 5th-95th",-1.8250709867477,-10.8301000798528,0.538299161755952,0.550282178610536,0.748992739032665,0.842694335643278,0.581493504724745,0.378300395095611,-0.208593061242736
491,"Male","Primary common 1st-99th",-1.91205922275819,-7.5861018194062,0.653884562324488,0.669778816821174,0.977972856181965,0.882474364859509,0.487677419594515,0.0443721869484833,-0.337729300968747
491,"Male","Strict recommended/common 5th-95th",-2.0411392304538,-8.04858277384559,0.65061228095809,0.66642700789735,0.966809579235428,0.849621524799694,0.417666907927945,0.0443721869484839,-0.403513966896084
492,"Female","Primary common 1st-99th",-1.81314121313127,-10.8487953956374,0.550702736276137,0.561342830644094,0.897379448888565,0.89985296720196,0.542581298660603,0.34347691826611,-0.158433683016734
492,"Female","Strict recommended/common 5th-95th",-1.83640199777977,-10.8947909675014,0.550418904861674,0.561053354866142,0.778242895997925,0.836457568369697,0.539450816362999,0.34347691826611,-0.225537203707495
492,"Male","Primary common 1st-99th",-2.04228415922178,-8.05549447830964,0.68744585851279,0.702970893484915,0.98949597471683,0.832052936014063,0.519337514169423,0.0614524435917792,-0.52859623836725
492,"Male","Strict recommended/common 5th-95th",-2.12315889086698,-8.34665210487763,0.685269002036463,0.700744889359614,0.981289733894011,0.79793816647048,0.441545341987204,0.0614524435917795,-0.616590981074712
493,"Female","Primary common 1st-99th",-1.76261027524919,-10.5591247860728,0.547783119717581,0.55907590493195,0.894217125179854,0.916634452656162,0.552320896198984,0.36126988199397,-0.126676977926674
493,"Female","Strict recommended/common 5th-95th",-1.80527072051374,-10.7269252861239,0.546755711169378,0.55802715580587,0.779706712983228,0.876237540418656,0.546717215642118,0.361269881993969,-0.143876680338234
493,"Male","Primary common 1st-99th",-1.97764426377349,-7.84659279595965,0.672731975492742,0.691150802591146,0.984389985921496,0.8759051481674,0.45727785935083,0.0340197533696922,-0.372281739104959
493,"Male","Strict recommended/common 5th-95th",-2.08772009356956,-8.20694433862779,0.670101415697382,0.688448234239979,0.979771708702683,0.801340002953879,0.440520639649814,0.0340197533696927,-0.616387855052956
494,"Female","Primary common 1st-99th",-1.8319277567281,-10.9688058130786,0.550215187793771,0.561684393411994,0.894832411710155,0.907515488468466,0.549724432326622,0.351433881483759,-0.146839940351326
494,"Female","Strict recommended/common 5th-95th",-1.87249485049237,-11.1171731364985,0.549298564923501,0.560748502935919,0.776295662236328,0.851832852291408,0.545315065085788,0.351433881483759,-0.201263545680466
494,"Male","Primary common 1st-99th",-2.07905287187079,-8.2445184602747,0.671756689194999,0.685374983737519,0.988617959101947,0.864476742142155,0.45231504220736,0.0162916965357445,-0.41568673139875
494,"Male","Strict recommended/common 5th-95th",-2.14990208184273,-8.48671503898927,0.669983583270473,0.68356594555864,0.979922922706608,0.854692129445516,0.364421797117522,0.016291696535745,-0.406927126706049
495,"Female","Primary common 1st-99th",-1.81776565895024,-10.8844518689669,0.54773559512804,0.559547267391685,0.895772487354421,0.907122581603,0.547171948789913,0.35733522505504,-0.154949164354673
495,"Female","Strict recommended/common 5th-95th",-1.83917649119506,-10.9284621417561,0.547465382636885,0.5592710677007,0.783098532771207,0.872896538796125,0.540745805609313,0.35733522505504,-0.168656192004933
495,"Male","Primary common 1st-99th",-1.97928546186386,-7.87431149980886,0.669958554599369,0.68520332801081,0.986476146489332,0.892583499621428,0.4127685015128,0.0700281365013097,-0.304281092166744
495,"Male","Strict recommended/common 5th-95th",-2.06603192673955,-8.16428094185865,0.667849886405068,0.683046690756176,0.976497088182293,0.876349994519281,0.352576870417549,0.0700281365013102,-0.303115446008543
496,"Female","Primary common 1st-99th",-1.83569647301094,-10.9582734996018,0.545571334751532,0.555983242578028,0.879003323274057,0.873460966059668,0.58922701618952,0.377114575699566,-0.228584089815375
496,"Female","Strict recommended/common 5th-95th",-1.8550056144349,-11.0062815863946,0.545277472576016,0.555683612450478,0.751251164109069,0.835924630521587,0.576562129287694,0.377114575699566,-0.249450961690603
496,"Male","Primary common 1st-99th",-2.04105608405856,-8.11360958731902,0.685296460652512,0.703943697672664,0.991439162522533,0.884060020918989,0.391355913381395,0.0914354263090973,-0.361746452908149
496,"Male","Strict recommended/common 5th-95th",-2.13490335186271,-8.44054468615926,0.682858206514069,0.70143911116908,0.987747469113866,0.878480041032792,0.299312268771842,0.0914354263090979,-0.355085389221575
497,"Female","Primary common 1st-99th",-1.80638426315483,-10.8215206144592,0.561813244851177,0.572618163907456,0.89557468636286,0.912889749829285,0.548190040334016,0.356849702539653,-0.132122426435435
497,"Female","Strict recommended/common 5th-95th",-1.82812454171727,-10.8616077733157,0.561560997926215,0.572360902023933,0.78077272802702,0.871405303661034,0.543771131992644,0.356849702539653,-0.149895019166939
497,"Male","Primary common 1st-99th",-2.03382441858202,-8.06216761533084,0.677429868911738,0.694807319683291,0.987820988858654,0.865984247907674,0.454287238567983,0.0371918911654116,-0.404768244493355
497,"Male","Strict recommended/common 5th-95th",-2.12719035583802,-8.38823960784408,0.675027312022132,0.692343145891809,0.980057723466226,0.841521643999739,0.38141730594145,0.0371918911654121,-0.448629652519921
498,"Female","Primary common 1st-99th",-1.8227853571103,-10.8719957150153,0.540581039999135,0.552674910793383,0.894622071597405,0.864777990696592,0.552395290892045,0.346255408130372,-0.248542869946228
498,"Female","Strict recommended/common 5th-95th",-1.83063347192576,-10.865864024129,0.540618518157665,0.552713068316604,0.785580571822959,0.847248404922395,0.531215030496455,0.346255408130371,-0.223227705194557
498,"Male","Primary common 1st-99th",-1.97223325216777,-7.80254406874738,0.674595863580282,0.687764353828275,0.984855323078159,0.858607488614826,0.487488947876552,0.0125819308796247,-0.433608747350441
498,"Male","Strict recommended/common 5th-95th",-2.08617380773676,-8.20625470769419,0.671642023694594,0.684752866960718,0.975235863454108,0.811678938971805,0.438304254997847,0.0125819308796251,-0.570200263389272
499,"Female","Primary common 1st-99th",-1.8126120237647,-10.8435978767747,0.548209825687007,0.559900717962256,0.889343080318205,0.899320406230445,0.56369223461816,0.361281245946953,-0.161706459372234
499,"Female","Strict recommended/common 5th-95th",-1.85346739589044,-11.0000366929072,0.547248196689551,0.558918421258854,0.766069514119584,0.843789668160426,0.557869132175338,0.361281245946953,-0.21123075444753
499,"Male","Primary common 1st-99th",-1.96031776039428,-7.77051567958649,0.675141484987984,0.693298592320187,0.978651739767114,0.874129284387806,0.496609563969637,0.0520802505051274,-0.371870200542055
499,"Male","Strict recommended/common 5th-95th",-2.08084797672071,-8.20162131839262,0.671985743500477,0.690057995155007,0.96747248693697,0.841879359720744,0.42394948718257,0.0520802505051278,-0.448874066253251
500,"Female","Primary common 1st-99th",-1.87007760020229,-11.175059200715,0.538013667460468,0.548675342973125,0.908698969439073,0.883422928235747,0.513732230159842,0.320530395435463,-0.212853290241893
500,"Female","Strict recommended/common 5th-95th",-1.90531830182317,-11.3089696053902,0.537202856562761,0.547848306921037,0.805689857740086,0.841525872675064,0.50212524898625,0.320530395435464,-0.251542008407839
500,"Male","Primary common 1st-99th",-2.05652611507492,-8.16332327425231,0.685888213068474,0.698695014989121,0.97712488707775,0.876186234155713,0.502612408777763,-0.00900288493212296,-0.381555356524065
500,"Male","Strict recommended/common 5th-95th",-2.18538693737309,-8.60286475829112,0.682605522823199,0.695351045488247,0.969807781681756,0.813700901367372,0.451238611375125,-0.00900288493212266,-0.595171881655183
