"replicate","sex","status","attempt","algorithm","n_positive","iterations","deviance","sigma","nu","tau","elapsed_sec","error"
1,"Female","SUCCESS",1,"RS",6045,4,23610.9159560747,0.116391683467038,-0.687431221030861,NA,24.58,""
1,"Male","SUCCESS",1,"RS",4589,17,21429.1454340463,0.105068047599365,0.412493175970014,21.1833942015923,27.47,""
2,"Female","SUCCESS",1,"RS",6174,5,24092.6955810241,0.116351496447637,-0.743396618278347,NA,25.66,""
2,"Male","SUCCESS",2,"mixed_RS_CG_1_40",4636,4,21671.156390445,0.103212617488063,0.300698898742762,15.3409880592456,177.11,""
3,"Female","SUCCESS",1,"RS",6159,3,24505.4167157857,0.120509491835281,-0.675842654549935,NA,24.91,""
3,"Male","SUCCESS",2,"mixed_RS_CG_1_40",4651,6,21631.4818525341,0.103528219263171,0.121718533440736,19.6173689753538,196.86,""
4,"Female","SUCCESS",1,"RS",6271,5,24923.5233468931,0.12012662981269,-0.728451134584039,NA,26.12,""
4,"Male","SUCCESS",3,"mixed_RS_CG_2_80",4716,13,22120.1505016976,0.106191360968111,0.144783432200219,21.8906122720698,213.79,""
5,"Female","SUCCESS",1,"RS",6134,4,24421.2112377231,0.120902862648279,-0.53811445511423,NA,21.49,""
5,"Male","SUCCESS",2,"mixed_RS_CG_1_40",4593,12,21583.8887885375,0.10717717677734,0.164049182837191,23.7970339572253,216.69,""
6,"Female","SUCCESS",1,"RS",6075,3,23832.4441767684,0.1173170296861,-0.584564919520095,NA,20.61,""
6,"Male","SUCCESS",1,"RS",4606,8,21376.7643423904,0.103686784273356,0.395193837561755,21.9683809024914,17.5,""
7,"Female","SUCCESS",1,"RS",6108,5,24333.1373931519,0.120505951286655,-0.731300508410083,NA,21.69,""
7,"Male","SUCCESS",1,"RS",4571,10,21433.8740334834,0.107395470072161,0.152585685794635,28.5667894416495,18.37,""
8,"Female","SUCCESS",1,"RS",6110,3,24143.1443427226,0.118910410593811,-0.692151229523531,NA,21.08,""
8,"Male","SUCCESS",1,"RS",4645,7,21696.03940204,0.105678678595033,0.330070781934567,24.8415394326585,17.08,""
9,"Female","SUCCESS",1,"RS",5980,4,23643.1624686254,0.119132550715059,-0.703194432411418,NA,21.13,""
9,"Male","SUCCESS",1,"RS",4568,6,21197.2224363626,0.10519286244567,0.379074333899091,34.4882093365115,18.07,""
10,"Female","SUCCESS",1,"RS",6081,4,23981.6213058777,0.118644474734726,-0.85063913882257,NA,21.33,""
10,"Male","SUCCESS",1,"RS",4612,4,21410.3690870949,0.102674823038441,0.349475685033525,17.6695850746541,16.47,""
11,"Female","SUCCESS",1,"RS",6352,5,25303.2562652133,0.120919004225081,-0.539583009135655,NA,22.18,""
11,"Male","SUCCESS",2,"mixed_RS_CG_1_40",4762,5,22182.9045189357,0.105432509310523,0.342703838588414,24.1598696287099,208.2,""
12,"Female","SUCCESS",1,"RS",6206,4,24735.8319791101,0.121287117693205,-0.693765359489285,NA,23.72,""
12,"Male","SUCCESS",2,"mixed_RS_CG_1_40",4695,38,22006.9749724867,0.110468010705609,0.390266125761596,187.699588572215,274.84,""
13,"Female","SUCCESS",1,"RS",6185,5,24395.6788927821,0.118881717780338,-0.549643563464917,NA,23.86,""
13,"Male","SUCCESS",2,"mixed_RS_CG_1_40",4732,3,22240.0510672658,0.105415113109809,0.147264811862027,18.4763439555403,208.3,""
14,"Female","SUCCESS",1,"RS",6165,5,24467.604056077,0.11989445071514,-0.535544264400536,NA,23.42,""
14,"Male","SUCCESS",1,"RS",4653,29,21771.1040496515,0.10385019793106,0.107673147469387,16.7002707551442,56.17,""
15,"Female","SUCCESS",1,"RS",6049,5,24406.7067254061,0.124399608144376,-0.506308673508402,NA,20.6999999999999,""
15,"Male","SUCCESS",2,"mixed_RS_CG_1_40",4561,3,21316.3419169416,0.10713778593856,0.38641895384439,34.7018498419039,56.46,""
16,"Female","SUCCESS",1,"RS",6348,5,25174.7970295776,0.120083756045,-0.643047575624586,NA,23,""
16,"Male","SUCCESS",2,"mixed_RS_CG_1_40",4866,4,22866.3122077528,0.106357099722448,0.174898909885323,20.6984401994076,232.41,""
17,"Female","SUCCESS",1,"RS",6299,4,24943.5280735126,0.119962419074535,-0.610666204482413,NA,25.52,""
17,"Male","SUCCESS",1,"RS",4759,12,22110.9263154756,0.104843075305553,0.390675889957331,25.1923278995278,25.26,""
18,"Female","SUCCESS",1,"RS",6086,5,24068.7601739339,0.119740345040122,-0.545747455451785,NA,21.85,""
18,"Male","SUCCESS",1,"RS",4562,6,21267.0376208255,0.105717707734041,0.314412649471052,25.8351117187814,15.0500000000001,""
19,"Female","SUCCESS",1,"RS",6197,5,24308.2911989974,0.117811584748784,-0.542627346779578,NA,24.76,""
19,"Male","SUCCESS",2,"mixed_RS_CG_1_40",4659,8,21522.1554993118,0.100343254745978,0.154812777098641,14.2177618934175,159.72,""
20,"Female","SUCCESS",1,"RS",6179,3,24253.2346649153,0.117752036648469,-0.638401159677487,NA,19.71,""
20,"Male","SUCCESS",1,"RS",4692,23,21960.5687711278,0.106453029772467,0.0753814500254975,25.5211942457223,25.78,""
21,"Female","SUCCESS",1,"RS",6069,3,24086.4173575032,0.120036921945662,-0.638431270682201,NA,19.47,""
21,"Male","SUCCESS",2,"mixed_RS_CG_1_40",4585,3,21398.9214797759,0.103242499755178,0.344817483054601,16.536340397412,153.83,""
22,"Female","SUCCESS",1,"RS",6060,5,23894.9671537218,0.11810999386488,-0.680680897278649,NA,20.78,""
22,"Male","SUCCESS",2,"mixed_RS_CG_1_40",4543,22,21058.4885253863,0.102729628543245,0.405779022739407,20.2049356229316,201.09,""
23,"Female","SUCCESS",1,"RS",6002,3,23920.1683860763,0.120664653311727,-0.776478776965233,NA,19.8599999999999,""
23,"Male","SUCCESS",1,"RS",4556,8,21355.780689453,0.106746848082992,0.209803580801424,25.5138619910149,16.1099999999999,""
24,"Female","SUCCESS",1,"RS",6068,4,23969.1552116864,0.119167329740637,-0.539134439302445,NA,20.3,""
24,"Male","SUCCESS",1,"RS",4540,6,20965.1844413016,0.101230731241948,0.536913683917286,19.0762275482936,15.6199999999999,""
25,"Female","SUCCESS",1,"RS",6010,5,23657.8464167376,0.118363908192307,-0.696921579800413,NA,20.4399999999998,""
25,"Male","SUCCESS",1,"RS",4545,14,21226.5466084,0.105461963140499,0.190326940858811,22.6612727774688,20.71,""
26,"Female","SUCCESS",1,"RS",6199,4,24650.6144139738,0.120297795239294,-0.614795332961841,NA,20.8299999999999,""
26,"Male","SUCCESS",2,"mixed_RS_CG_1_40",4657,3,21716.440608406,0.103945304736671,0.276395488373653,19.0670463504127,41.04,""
27,"Female","SUCCESS",1,"RS",6285,5,24819.8260697868,0.118809255541462,-0.744196245365243,NA,21.6100000000001,""
27,"Male","FAIL",3,"mixed_RS_CG_2_80_nonconverged",4710,80,21894.9692676478,0.103766180700848,0.156606584603275,19.8877400653867,280.3,"Did not satisfy GAMLSS convergence criterion"
28,"Female","SUCCESS",1,"RS",6210,4,24577.2073944327,0.119061905933814,-0.735806698927017,NA,20.9100000000001,""
28,"Male","SUCCESS",2,"mixed_RS_CG_1_40",4692,23,21896.31911192,0.102055472702933,0.271174449606169,14.1943355280384,209.72,""
29,"Female","SUCCESS",1,"RS",6294,5,24770.9431235009,0.11774623194749,-0.76771922620853,NA,22.1400000000001,""
29,"Male","SUCCESS",1,"RS",4765,11,22007.4551130484,0.104130129246254,0.279369711728003,36.2201149916145,20.5,""
30,"Female","SUCCESS",1,"RS",6079,4,23833.3370101541,0.117041591126056,-0.805673450305322,NA,20.97,""
30,"Male","SUCCESS",1,"RS",4609,6,21360.0833921547,0.103157531335294,0.223618713606936,22.0879331192264,15.6900000000001,""
31,"Female","SUCCESS",1,"RS",6093,4,24071.9498898419,0.118978168465832,-0.682047989822763,NA,21.03,""
31,"Male","SUCCESS",3,"mixed_RS_CG_2_80",4584,6,21406.0484216815,0.103161686739563,0.321377200238077,15.7267857841496,236.15,""
32,"Female","SUCCESS",1,"RS",6373,5,25052.3714316089,0.117528195953822,-0.803863004896411,NA,22.3900000000001,""
32,"Male","SUCCESS",1,"RS",4793,10,22210.1290488739,0.100612888384492,0.243910083997895,14.3635533943137,17.6800000000001,""
33,"Female","SUCCESS",1,"RS",6400,4,25198.4179493205,0.118793614316205,-0.60082403187285,NA,22.74,""
33,"Male","SUCCESS",2,"mixed_RS_CG_1_40",4796,6,22575.5343140412,0.105108644995942,0.288116171732683,14.7322830561018,253.33,""
34,"Female","SUCCESS",1,"RS",6152,3,24554.6363935201,0.122026507784917,-0.572927876770167,NA,23.96,""
34,"Male","SUCCESS",2,"mixed_RS_CG_1_40",4670,3,21803.9885062739,0.10437314924101,0.242811935293484,18.6002960197369,217.74,""
35,"Female","SUCCESS",1,"RS",6195,5,24573.2352055902,0.119831556750369,-0.73877917054219,NA,20.6399999999999,""
35,"Male","SUCCESS",3,"mixed_RS_CG_2_80",4654,3,21788.8964339164,0.10558238852648,0.275697649265727,21.1194413721803,198.25,""
36,"Female","SUCCESS",1,"RS",6192,5,24569.4194064329,0.119685190948268,-0.735065569577202,NA,21.6500000000001,""
36,"Male","SUCCESS",2,"mixed_RS_CG_1_40",4708,3,21801.8385296911,0.102703247098005,0.361904057378315,20.2771970689332,31.0799999999999,""
37,"Female","SUCCESS",1,"RS",5855,4,23108.4132154973,0.118511732817863,-0.673925584935423,NA,19.2200000000003,""
37,"Male","SUCCESS",3,"mixed_RS_CG_2_80",4464,27,20963.3710163548,0.106372434020974,0.159140903317805,22.8323071569893,266.31,""
38,"Female","SUCCESS",1,"RS",6234,4,24644.596442185,0.119130107856925,-0.673637841710612,NA,21.2199999999998,""
38,"Male","SUCCESS",2,"mixed_RS_CG_1_40",4742,3,22130.8703284033,0.10291528967551,0.269166355446381,15.3913003398798,253.55,""
39,"Female","SUCCESS",1,"RS",6307,3,25029.358525155,0.119992929121061,-0.569705749871231,NA,21.73,""
39,"Male","SUCCESS",1,"RS",4731,12,22144.248064052,0.104361212284228,0.173743063024497,16.911494442884,20.4000000000001,""
40,"Female","SUCCESS",1,"RS",6155,3,24341.7430769336,0.119383521149235,-0.643675723393767,NA,22.3499999999999,""
40,"Male","SUCCESS",1,"RS",4713,7,21907.0155548805,0.105423715035118,0.334479167775562,27.2505735233942,17.6900000000001,""
41,"Female","SUCCESS",1,"RS",6202,4,24554.167090976,0.119567605935992,-0.735635111811999,NA,20.79,""
41,"Male","SUCCESS",2,"mixed_RS_CG_1_40",4715,23,22009.0390884238,0.103449611146615,0.0757778859233596,17.5132531460007,193.1,""
42,"Female","SUCCESS",1,"RS",6202,5,24433.0162640273,0.118304518162938,-0.760062118138762,NA,21.4200000000001,""
42,"Male","SUCCESS",1,"RS",4738,10,21922.1986107776,0.10353117324851,0.562646274143279,24.7533491333705,19.1200000000003,""
43,"Female","SUCCESS",1,"RS",6089,5,24021.6170133515,0.11876093670388,-0.721700376190519,NA,21.0999999999999,""
43,"Male","SUCCESS",1,"RS",4641,9,21486.2731692733,0.101032388167564,0.200413878326169,15.1447316295884,16.5999999999999,""
44,"Female","SUCCESS",1,"RS",6386,4,25084.2212749205,0.117756584121664,-0.722138913882427,NA,21.71,""
44,"Male","SUCCESS",2,"mixed_RS_CG_1_40",4874,3,22575.7923632982,0.102814299603073,0.51083307986106,21.0051842856142,220.42,""
45,"Female","SUCCESS",1,"RS",6108,4,23946.4843996285,0.11748909287079,-0.687979179056317,NA,20.5500000000002,""
45,"Male","SUCCESS",2,"mixed_RS_CG_1_40",4619,3,21397.135837248,0.103975740234039,0.454918160692035,25.6913228506233,77.0300000000002,""
46,"Female","SUCCESS",1,"RS",6250,4,24443.3955776748,0.117067456614914,-0.651820090455499,NA,21.4700000000003,""
46,"Male","SUCCESS",3,"mixed_RS_CG_2_80",4734,3,22069.7529211563,0.102914880794597,0.207338877776381,16.5211445419002,249.33,""
47,"Female","SUCCESS",1,"RS",6428,4,25411.798066843,0.119117799969615,-0.743404216953599,NA,21,""
47,"Male","SUCCESS",1,"RS",4874,10,22872.5201161366,0.104704985465135,0.186291591295115,15.611547623563,17.8899999999999,""
48,"Female","SUCCESS",1,"RS",6215,4,24602.3577450787,0.119417838841629,-0.65360459988907,NA,20.1700000000001,""
48,"Male","SUCCESS",1,"RS",4705,8,21859.1606389078,0.104375024724877,0.317696203018401,24.183064016612,15.52,""
49,"Female","SUCCESS",1,"RS",6205,5,24550.6213168635,0.119122170903854,-0.725779305999759,NA,20.0499999999997,""
49,"Male","SUCCESS",1,"RS",4664,3,21707.5188241587,0.103698218317814,0.284295821727682,19.246273163558,13.4299999999998,""
50,"Female","SUCCESS",1,"RS",6320,5,25042.5709009475,0.119783493267186,-0.590316573952443,NA,20.5299999999997,""
50,"Male","SUCCESS",1,"RS",4788,9,22278.7961675034,0.104577771305736,0.236376277956189,23.5302096521947,16.6599999999999,""
51,"Female","SUCCESS",1,"RS",6036,6,23607.133604512,0.116590595688997,-0.776351410664516,NA,19.9200000000001,""
51,"Male","SUCCESS",2,"mixed_RS_CG_1_40",4604,3,21459.6189919933,0.104298491573635,0.294287040011166,21.9141939668758,172.64,""
52,"Female","SUCCESS",1,"RS",6226,6,24484.5139901809,0.118386896089082,-0.42688386716604,NA,21.8400000000001,""
52,"Male","SUCCESS",1,"RS",4681,6,21914.1376870255,0.10487253056722,0.282732401845328,17.9449486142057,14.6600000000003,""
53,"Female","SUCCESS",1,"RS",6054,5,23795.7825201377,0.11790880925985,-0.665412302386316,NA,19.4499999999998,""
53,"Male","SUCCESS",1,"RS",4596,10,21334.465808709,0.101916632896856,0.325184668420624,15.5611600267654,16.6599999999999,""
54,"Female","SUCCESS",1,"RS",6140,5,24465.5994010444,0.12099139252622,-0.769875598411089,NA,20.1999999999998,""
54,"Male","SUCCESS",1,"RS",4606,4,21679.6920404018,0.10546831973601,0.0791840952422063,16.8371255004994,13.8000000000002,""
55,"Female","SUCCESS",1,"RS",6201,5,24468.9320067302,0.118996008069317,-0.455508298003541,NA,20.5700000000002,""
55,"Male","SUCCESS",2,"mixed_RS_CG_1_40",4638,4,21734.9408890677,0.104188798555819,0.278482608370572,15.6048986096172,238.06,""
56,"Female","SUCCESS",1,"RS",6235,5,24514.0294054855,0.117725741685516,-0.776433302842057,NA,20.77,""
56,"Male","SUCCESS",2,"mixed_RS_CG_1_40",4717,3,21998.4705561497,0.103425227283254,0.0811678973693474,17.4606931949255,193.09,""
57,"Female","SUCCESS",1,"RS",6117,3,24188.996543627,0.119040431614082,-0.646945478444106,NA,19.4400000000001,""
57,"Male","SUCCESS",2,"mixed_RS_CG_1_40",4628,23,21606.4709931208,0.103987032970393,0.257256188329239,18.842041490424,200.98,""
58,"Female","SUCCESS",1,"RS",6065,3,23925.0858215499,0.118562292746689,-0.586242998565148,NA,19.3800000000001,""
58,"Male","SUCCESS",1,"RS",4565,9,21238.0601715829,0.10488438319648,0.294874240461829,24.3534052408769,15.2800000000002,""
59,"Female","SUCCESS",1,"RS",6009,5,23830.9146991906,0.119743669438832,-0.774653075940769,NA,19.6100000000001,""
59,"Male","SUCCESS",1,"RS",4591,8,21441.650800917,0.105204188818503,0.32138434018466,21.5215832115528,15.6900000000001,""
60,"Female","SUCCESS",1,"RS",6238,5,24649.4512152062,0.118972088642832,-0.681854661909624,NA,21.2799999999997,""
60,"Male","SUCCESS",2,"mixed_RS_CG_1_40",4716,8,21980.7102484103,0.103940074477465,0.148815874354212,19.7149020683578,244.68,""
61,"Female","SUCCESS",1,"RS",6148,4,24145.2981255622,0.117950886976396,-0.691488866256348,NA,19.8099999999999,""
61,"Male","SUCCESS",1,"RS",4625,6,21396.9352812632,0.103779183932337,0.216661387138947,24.9028798768997,15.7999999999997,""
62,"Female","SUCCESS",1,"RS",6172,5,24213.1885294937,0.117603011238872,-0.853462464928759,NA,20.2800000000002,""
62,"Male","SUCCESS",1,"RS",4630,5,21509.3110327359,0.104029331133427,0.235350656297628,20.1475087813297,13.6399999999999,""
63,"Female","SUCCESS",1,"RS",6249,6,24887.6991752826,0.120195344146978,-0.789852021179839,NA,20.2800000000002,""
63,"Male","SUCCESS",3,"mixed_RS_CG_2_80",4735,9,22128.3030349113,0.103182861915454,0.215143190028718,15.8574452445395,243.64,""
64,"Female","SUCCESS",1,"RS",5983,5,23495.636045559,0.117566259618925,-0.786296145440443,NA,20.7800000000002,""
64,"Male","SUCCESS",2,"mixed_RS_CG_1_40",4444,3,20624.7362632491,0.104197233278438,0.252218444092233,25.6202345412242,53.29,""
65,"Female","SUCCESS",1,"RS",6110,5,24151.2307032044,0.118923700750574,-0.808920587381805,NA,21.1199999999999,""
65,"Male","SUCCESS",1,"RS",4575,7,21499.8160994625,0.106139432708281,0.366146366528366,19.5476445683596,17.1900000000001,""
66,"Female","SUCCESS",1,"RS",6098,5,23940.8862353296,0.117619881346256,-0.702322766173022,NA,21.5,""
66,"Male","SUCCESS",1,"RS",4652,10,21649.0155712436,0.105311860483413,0.112199621798304,27.1122531410932,17.6599999999999,""
67,"Female","SUCCESS",1,"RS",6473,4,25581.879889508,0.119112285899517,-0.71276608031157,NA,22.48,""
67,"Male","SUCCESS",1,"RS",4945,20,23079.8564302997,0.105363294440931,0.173883564626388,24.0974065735807,24.5799999999999,""
68,"Female","SUCCESS",1,"RS",6086,5,23965.7938542324,0.118079323981438,-0.715822660432032,NA,21.23,""
68,"Male","SUCCESS",3,"mixed_RS_CG_2_80",4616,10,21481.8065280366,0.10223705798137,0.302774694700839,16.1335675956507,254.17,""
69,"Female","SUCCESS",1,"RS",6206,5,24460.9545001251,0.118375505658494,-0.835435477361311,NA,22.6799999999998,""
69,"Male","SUCCESS",2,"mixed_RS_CG_1_40",4644,3,21608.0109880892,0.104071555200271,0.207556885822206,20.8774026219464,207.309999999999,""
70,"Female","SUCCESS",1,"RS",6367,5,25193.3697185543,0.119282249792677,-0.804842438292245,NA,22.9000000000001,""
70,"Male","SUCCESS",2,"mixed_RS_CG_1_40",4787,3,22212.936412404,0.103880459644595,0.340627293543224,22.7789619807394,132.29,""
71,"Female","SUCCESS",1,"RS",6261,3,24897.0981501492,0.120387926307479,-0.689718930340551,NA,19.6700000000001,""
71,"Male","SUCCESS",1,"RS",4769,6,22269.0949609046,0.105033462003791,0.406506855628562,20.8096844103809,15.3100000000004,""
72,"Female","SUCCESS",1,"RS",6143,5,24297.1777008628,0.11949119341418,-0.527645533188392,NA,19.4300000000003,""
72,"Male","SUCCESS",1,"RS",4645,11,21713.618383771,0.108003986741704,0.413483262142506,44.4549884283363,16.75,""
73,"Female","SUCCESS",1,"RS",6062,4,24262.7354575452,0.122325207359351,-0.690878106780701,NA,18.96,""
73,"Male","SUCCESS",1,"RS",4596,6,21401.0400290842,0.103461793480822,0.172427680691308,18.5269855302689,14.0600000000004,""
74,"Female","SUCCESS",1,"RS",6083,4,23965.8137271679,0.118433581988655,-0.762635433229246,NA,18.8699999999999,""
74,"Male","SUCCESS",2,"mixed_RS_CG_1_40",4565,4,21232.4453538788,0.104420125579187,0.411662039205504,23.8889972092304,52.5299999999997,""
75,"Female","SUCCESS",1,"RS",6197,3,24517.1104177675,0.119451745136959,-0.707346159686258,NA,22.3599999999997,""
75,"Male","SUCCESS",1,"RS",4710,5,21845.8999290189,0.104401877003974,0.29471056589565,24.4353156847089,16.9399999999996,""
76,"Female","SUCCESS",1,"RS",6016,6,23607.8531044025,0.117089845652786,-0.80764672400125,NA,22.8299999999999,""
76,"Male","SUCCESS",2,"mixed_RS_CG_1_40",4566,9,21133.3037010482,0.103928645044541,0.26170121737806,27.251440480081,190.61,""
77,"Female","SUCCESS",1,"RS",6230,5,24772.9332161785,0.121300106457361,-0.549368380742757,NA,23.1599999999999,""
77,"Male","SUCCESS",2,"mixed_RS_CG_1_40",4720,4,21956.4961768527,0.104583382179925,0.436205488597155,22.7244594907708,89,""
78,"Female","SUCCESS",1,"RS",6059,5,23819.0981819034,0.117622179365959,-0.785886362843615,NA,21.3900000000003,""
78,"Male","SUCCESS",2,"mixed_RS_CG_1_40",4581,23,21281.186075599,0.102904575482543,0.26019442474591,18.0336222957069,230.47,""
79,"Female","SUCCESS",1,"RS",6317,4,25026.6451120147,0.119011194468659,-0.691044734980045,NA,22.1700000000001,""
79,"Male","SUCCESS",2,"mixed_RS_CG_1_40",4742,15,21977.4413974864,0.102860267253197,0.29047292610759,20.2224875621021,221.39,""
80,"Female","SUCCESS",1,"RS",6241,4,24581.0815833709,0.118464308071736,-0.580013913704679,NA,22.0200000000004,""
80,"Male","SUCCESS",3,"mixed_RS_CG_2_80",4703,8,22079.8319759119,0.104817119205333,0.279754522876825,16.2308841578894,236.05,""
81,"Female","SUCCESS",1,"RS",6226,5,24352.4433651026,0.116475288037783,-0.696713578748721,NA,21.8899999999994,""
81,"Male","SUCCESS",1,"RS",4686,4,21875.0292741876,0.103909449259872,0.15934531369266,18.4794007795052,15.2799999999997,""
82,"Female","SUCCESS",1,"RS",6301,4,24712.4357074986,0.117586134986423,-0.58269496101937,NA,24.0299999999997,""
82,"Male","SUCCESS",2,"mixed_RS_CG_1_40",4755,22,21944.4176423796,0.105025860801109,0.387659323816992,44.9171705750774,236.96,""
83,"Female","SUCCESS",1,"RS",6416,5,25649.0108525343,0.121298364784662,-0.745159226098472,NA,22.8600000000006,""
83,"Male","SUCCESS",2,"mixed_RS_CG_1_40",4874,3,22711.1589399291,0.102863959353252,0.224608263977158,15.9519952055091,126.04,""
84,"Female","SUCCESS",1,"RS",6175,2,24671.4344981869,0.121748118215899,-0.729489180433939,NA,21.0299999999997,""
84,"Male","SUCCESS",1,"RS",4678,8,21714.5751740611,0.105475119144492,0.460480478423887,33.6949007001896,18,""
85,"Female","SUCCESS",1,"RS",6061,5,23977.8905841996,0.119716820073697,-0.614720338878857,NA,22.0100000000002,""
85,"Male","SUCCESS",1,"RS",4601,6,21532.9984607615,0.105604932804526,0.415879806561723,20.2363381940773,14.46,""
86,"Female","SUCCESS",1,"RS",6233,4,24700.6176576195,0.119883940722641,-0.686802632215068,NA,20.1000000000004,""
86,"Male","SUCCESS",1,"RS",4695,7,21859.5322988669,0.10455342579873,-0.0184982777113292,22.1100878179614,15.6599999999999,""
87,"Female","SUCCESS",1,"RS",6162,4,24352.7970525413,0.119980968994649,-0.553986509107712,NA,22.3199999999997,""
87,"Male","SUCCESS",2,"mixed_RS_CG_1_40",4648,8,21743.3065527568,0.103775605600787,0.278182102216741,16.067822111108,223.88,""
88,"Female","SUCCESS",1,"RS",6055,5,23911.9821546549,0.119480891871442,-0.624618207954569,NA,19.6800000000003,""
88,"Male","SUCCESS",1,"RS",4574,8,21438.0269323707,0.106194850861268,0.251355124650436,21.7677378690038,15.4899999999998,""
89,"Female","SUCCESS",1,"RS",6266,5,24758.9202588885,0.118804908565972,-0.756460929481423,NA,21.6900000000005,""
89,"Male","SUCCESS",2,"mixed_RS_CG_1_40",4728,6,21871.5735237915,0.10233475259862,0.241853064662527,19.2644426141634,160.05,""
90,"Female","SUCCESS",1,"RS",6098,4,24145.8941770231,0.119494490714955,-0.724759111415336,NA,20.54,""
90,"Male","SUCCESS",2,"mixed_RS_CG_1_40",4584,5,21470.8875070633,0.103803818370823,-0.00111598703330731,16.6824541723554,188.099999999999,""
91,"Female","SUCCESS",1,"RS",6072,4,23864.2952884224,0.117572354085226,-0.602155638920636,NA,20.0900000000001,""
91,"Male","SUCCESS",2,"mixed_RS_CG_1_40",4603,33,21417.0778915351,0.104479619555626,0.419264365999963,23.0734517134615,277.49,""
92,"Female","SUCCESS",1,"RS",6104,4,24046.7073610589,0.118468084424358,-0.551421164860295,NA,26.1300000000001,""
92,"Male","SUCCESS",3,"mixed_RS_CG_2_80",4672,5,21821.2687997337,0.103691870246113,0.528117819044587,17.208547968867,314.87,""
93,"Female","SUCCESS",1,"RS",5934,5,23452.6238789866,0.119470872236122,-0.596472484740791,NA,24.7700000000004,""
93,"Male","SUCCESS",1,"RS",4439,4,20838.0951092887,0.105909620773858,0.340163046364948,19.3635097788821,17.7799999999997,""
94,"Female","SUCCESS",1,"RS",6135,5,24142.5954727672,0.118025082234032,-0.757296425227024,NA,25.6000000000004,""
94,"Male","SUCCESS",2,"mixed_RS_CG_1_40",4690,9,21809.295267109,0.102122120801748,0.20300559519161,15.1666281788631,253.98,""
95,"Female","SUCCESS",1,"RS",6011,3,23590.1610526557,0.117330307966949,-0.580572464578635,NA,24.7299999999996,""
95,"Male","SUCCESS",2,"mixed_RS_CG_1_40",4578,6,21434.9833413517,0.103432789001994,0.227502898609284,14.7574292583066,243.47,""
96,"Female","SUCCESS",1,"RS",5947,5,23393.7695400006,0.11868891869949,-0.560738923328312,NA,26.3400000000001,""
96,"Male","SUCCESS",1,"RS",4550,9,21309.3948250767,0.109418504410461,0.433197475060837,70.7327643717371,19.54,""
97,"Female","SUCCESS",1,"RS",6012,3,23597.086925416,0.117419217819734,-0.605982965347265,NA,23.75,""
97,"Male","SUCCESS",1,"RS",4542,6,21087.2497248761,0.101824221388106,0.289872936339939,16.2562568583135,18.46,""
98,"Female","SUCCESS",1,"RS",6173,5,24473.5509723062,0.119612211252416,-0.823578699142208,NA,25.2000000000007,""
98,"Male","SUCCESS",1,"RS",4664,4,21654.7794827661,0.103408602184437,0.348466990881928,19.3339969606129,17.96,""
99,"Female","SUCCESS",1,"RS",6176,4,24482.2101531349,0.119525403970021,-0.76711278381062,NA,25.3599999999997,""
99,"Male","SUCCESS",2,"mixed_RS_CG_1_40",4664,2,21685.5961866364,0.103267321976938,0.293291001117686,18.8424897910075,149.54,""
100,"Female","SUCCESS",1,"RS",6129,5,24246.0966436932,0.118914674670571,-0.796547179240251,NA,25.6199999999999,""
100,"Male","SUCCESS",1,"RS",4633,10,21491.3890665614,0.104545565183938,0.319851639865196,27.73232890943,20.8599999999997,""
101,"Female","SUCCESS",1,"RS",6046,3,23882.3709518336,0.118853353187168,-0.611881014706478,NA,24.9799999999996,""
101,"Male","SUCCESS",3,"mixed_RS_CG_2_80",4593,30,21224.8713387811,0.10129063866274,0.222537127630303,17.2352298710275,272.23,""
102,"Female","SUCCESS",1,"RS",6073,3,24108.0323002584,0.120194518713598,-0.696780089391908,NA,25.1599999999999,""
102,"Male","SUCCESS",1,"RS",4646,6,21543.8822060189,0.103245583981744,0.570436053594312,20.3801948279948,17.3199999999997,""
103,"Female","SUCCESS",1,"RS",6419,5,25453.4991338329,0.119610331944285,-0.748713804239884,NA,23.0300000000007,""
103,"Male","SUCCESS",1,"RS",4839,5,22573.2617522942,0.103948678598423,0.349476441759502,18.955400744581,17.7199999999993,""
104,"Female","SUCCESS",1,"RS",5900,5,23412.056793567,0.119709782726905,-0.776762542090192,NA,20.7799999999997,""
104,"Male","SUCCESS",2,"mixed_RS_CG_1_40",4461,3,20679.360700636,0.103942824563425,0.246941836876998,25.0183123649073,97.9799999999996,""
105,"Female","SUCCESS",1,"RS",6265,4,25020.5988279922,0.121585726912266,-0.657249703868259,NA,22.0500000000002,""
105,"Male","SUCCESS",1,"RS",4726,8,22014.3415875193,0.10623670629465,0.320802448259866,33.0779239675405,17.6399999999994,""
106,"Female","SUCCESS",1,"RS",6232,5,24572.9324875416,0.118338470016291,-0.539518943667142,NA,22.8299999999999,""
106,"Male","SUCCESS",2,"mixed_RS_CG_1_40",4730,3,22020.3043290166,0.101789689712533,0.287627649963741,14.2575387815911,181.48,""
107,"Female","SUCCESS",1,"RS",6150,3,24544.7807149898,0.121342182316797,-0.613590887278154,NA,21.8000000000002,""
107,"Male","SUCCESS",1,"RS",4609,15,21463.653691521,0.102347345749611,0.322465401877527,16.08668168151,108.7,""
108,"Female","SUCCESS",1,"RS",6202,5,24489.5710392648,0.118895624592438,-0.519402718660803,NA,22.4899999999998,""
108,"Male","SUCCESS",1,"RS",4679,9,21692.9664874291,0.103031297808289,0.162303594561986,19.3142917031075,18.1000000000004,""
109,"Female","SUCCESS",1,"RS",5920,5,23300.8060092589,0.118268874163849,-0.551486933157225,NA,22.8999999999996,""
109,"Male","SUCCESS",2,"mixed_RS_CG_1_40",4478,6,20805.0365318542,0.101988484049822,0.285291830191202,15.2155431062382,78.8600000000006,""
110,"Female","SUCCESS",1,"RS",6208,5,24595.1068962189,0.119427895609605,-0.775556728834284,NA,23.7699999999995,""
110,"Male","SUCCESS",1,"RS",4738,6,21996.0957549602,0.104130320399595,0.333411961921867,23.11832171828,17.0099999999993,""
111,"Female","SUCCESS",1,"RS",6201,5,24472.0210799959,0.118481585947941,-0.765049592459718,NA,22.1400000000003,""
111,"Male","SUCCESS",3,"mixed_RS_CG_2_80",4683,3,21684.5154570984,0.103267564874626,0.332860251895121,23.6262345480494,225.320000000001,""
112,"Female","SUCCESS",1,"RS",6187,4,24382.1140551747,0.118646675514831,-0.749759948742259,NA,23.2200000000003,""
112,"Male","SUCCESS",2,"mixed_RS_CG_1_40",4697,3,21922.0507672616,0.105483442870885,0.452150343212592,24.9646679887463,73.4300000000003,""
113,"Female","SUCCESS",1,"RS",6230,5,24523.9762111971,0.119056866186779,-0.513776602226046,NA,27.75,""
113,"Male","SUCCESS",1,"RS",4760,7,22136.2667265495,0.104271339774028,0.332760036925749,20.9213780116124,18.1199999999999,""
114,"Female","SUCCESS",1,"RS",6099,4,24326.5947689428,0.121249820330722,-0.652555490450074,NA,22.4699999999993,""
114,"Male","SUCCESS",2,"mixed_RS_CG_1_40",4591,3,21249.6943747636,0.104012342306348,0.445037335337144,27.0829841595986,182.01,""
115,"Female","SUCCESS",1,"RS",6226,3,24672.7991670308,0.11977229928823,-0.755592515422529,NA,23.3299999999999,""
115,"Male","SUCCESS",3,"mixed_RS_CG_2_80",4709,10,21927.8757184118,0.104654129490983,0.374925448045522,23.388330179637,248.43,""
116,"Female","SUCCESS",1,"RS",6372,4,25186.7330644343,0.119262708330668,-0.61785149056283,NA,23.9099999999999,""
116,"Male","SUCCESS",1,"RS",4826,4,22249.1500054294,0.10181903423805,0.259615809317455,20.377155205573,15.8300000000008,""
117,"Female","SUCCESS",1,"RS",6252,4,24679.7500852885,0.118688130242633,-0.683069104060382,NA,21.6400000000003,""
117,"Male","SUCCESS",2,"mixed_RS_CG_1_40",4781,39,22196.0669805236,0.104174297357786,0.379048869995211,25.2593043647051,224.14,""
118,"Female","SUCCESS",1,"RS",6263,4,24584.0154101869,0.117694539111249,-0.667084608799324,NA,21.2399999999998,""
118,"Male","SUCCESS",1,"RS",4729,5,21921.3721549002,0.103450913742107,0.534851169743412,21.7540031981672,16.8800000000001,""
119,"Female","SUCCESS",1,"RS",6047,5,23918.3519250432,0.119496874232542,-0.584959428749232,NA,20.5100000000002,""
119,"Male","SUCCESS",2,"mixed_RS_CG_1_40",4560,7,21226.854370518,0.105225417588161,0.468654667869639,28.5655979017566,213.55,""
120,"Female","SUCCESS",1,"RS",6248,4,24555.7328070554,0.117850444702031,-0.610419182768998,NA,21.4400000000005,""
120,"Male","SUCCESS",2,"mixed_RS_CG_1_40",4679,6,21750.8720350131,0.102832427160478,0.37464644078498,18.431965769329,160.9,""
121,"Female","SUCCESS",1,"RS",6074,4,23846.5660099505,0.11804608430038,-0.60358489122373,NA,21.0299999999997,""
121,"Male","SUCCESS",1,"RS",4647,6,21417.7484223559,0.100787314560145,0.210411784904939,16.8988782212749,16.4400000000005,""
122,"Female","SUCCESS",1,"RS",6064,3,23950.9125030953,0.118743179059084,-0.651414301034583,NA,20.2700000000004,""
122,"Male","SUCCESS",1,"RS",4504,8,20918.0993631207,0.104221390080455,0.338205212819814,23.9997356108248,15.9800000000005,""
123,"Female","SUCCESS",1,"RS",6280,5,24777.9481689507,0.1185779916206,-0.684719393406629,NA,21.8299999999999,""
123,"Male","SUCCESS",2,"mixed_RS_CG_1_40",4780,15,22309.269275827,0.103782769292129,0.186788102505059,17.7364515646192,244.01,""
124,"Female","SUCCESS",1,"RS",6217,4,24716.5476403289,0.120432922372124,-0.786937690780301,NA,21.8799999999992,""
124,"Male","SUCCESS",1,"RS",4724,14,21973.8444352407,0.101482340279883,0.166138805083783,14.0714600173068,22.3099999999995,""
125,"Female","SUCCESS",1,"RS",6127,5,24107.8986526607,0.117388563968162,-0.933327321516732,NA,22.7399999999998,""
125,"Male","SUCCESS",1,"RS",4640,7,21627.9255936145,0.104339667313052,0.426473012752961,21.8386086361654,16.79,""
126,"Female","SUCCESS",1,"RS",6214,5,24934.9927727878,0.122728117776527,-0.614564794896138,NA,22.79,""
126,"Male","SUCCESS",2,"mixed_RS_CG_1_40",4668,15,21741.0998403967,0.104150708272673,0.300925955071202,19.624598114131,152.8,""
127,"Female","SUCCESS",1,"RS",6168,3,24155.3931506203,0.117049575149294,-0.584464793772004,NA,22.4799999999996,""
127,"Male","SUCCESS",2,"mixed_RS_CG_1_40",4612,33,21565.1310517427,0.106748555327827,0.235991268682907,28.6658139868052,220.849999999999,""
128,"Female","SUCCESS",1,"RS",6016,4,23549.1258587952,0.117185533700459,-0.549294856356453,NA,21.9099999999999,""
128,"Male","SUCCESS",1,"RS",4573,7,21198.7376112417,0.104276708289573,0.43310299378522,27.3970063912192,30.9700000000003,""
129,"Female","SUCCESS",1,"RS",6099,3,23960.6435626492,0.117899102240605,-0.6610625329627,NA,21.3999999999996,""
129,"Male","SUCCESS",2,"mixed_RS_CG_1_40",4586,13,21378.3998697255,0.102395645731884,0.247471744184678,14.2562478763831,215.09,""
130,"Female","SUCCESS",1,"RS",6432,5,25432.3757552168,0.118906587041834,-0.722153924153515,NA,23.8999999999996,""
130,"Male","SUCCESS",2,"mixed_RS_CG_1_40",4850,4,22595.7987983263,0.103398153391559,0.469990154125879,18.1766500359489,160.34,""
131,"Female","SUCCESS",1,"RS",6237,3,24591.646602858,0.118260488222914,-0.632084406943262,NA,21.8199999999997,""
131,"Male","SUCCESS",1,"RS",4757,10,22145.677970444,0.105627043409909,0.3920081778482,28.8593127734241,18.5699999999997,""
132,"Female","SUCCESS",1,"RS",6143,3,24201.3495706077,0.118909071788671,-0.534279533690961,NA,24.5500000000002,""
132,"Male","SUCCESS",1,"RS",4590,10,21287.1654876481,0.106186738667243,0.57108535512465,39.2854974966633,17.6199999999999,""
133,"Female","SUCCESS",1,"RS",6065,4,24076.8795894836,0.120604252815259,-0.612421612639419,NA,23.75,""
133,"Male","SUCCESS",2,"mixed_RS_CG_1_40",4568,3,21474.5173978199,0.104178551555401,0.163613660157063,14.1238432555076,41.8800000000001,""
134,"Female","SUCCESS",1,"RS",6050,4,23884.2540237666,0.119379526083694,-0.488040336919326,NA,20.3699999999999,""
134,"Male","SUCCESS",2,"mixed_RS_CG_1_40",4557,3,21258.3896644929,0.105414049683376,0.231422256612859,23.5766080936281,32,""
135,"Female","SUCCESS",1,"RS",5823,3,22939.1693619146,0.11848446515852,-0.629528067339058,NA,19.6199999999999,""
135,"Male","SUCCESS",1,"RS",4433,9,20668.384517681,0.106790372554687,0.538104659953908,33.3822953800496,16.3100000000004,""
136,"Female","SUCCESS",1,"RS",6066,4,23801.2349601227,0.117093309537121,-0.808746228194085,NA,20.5799999999999,""
136,"Male","SUCCESS",1,"RS",4571,6,21226.9872066421,0.103597773879313,0.1901599837783,20.8274367940392,16.1399999999994,""
137,"Female","SUCCESS",1,"RS",6136,4,24241.2680893767,0.118936526412457,-0.889809956525686,NA,20.8600000000006,""
137,"Male","SUCCESS",2,"mixed_RS_CG_1_40",4595,4,21267.5041074462,0.103177341736411,0.453980558079277,21.734655312227,108.71,""
138,"Female","SUCCESS",1,"RS",6131,5,24366.4451620294,0.12075880572275,-0.470562359189645,NA,22.9700000000003,""
138,"Male","SUCCESS",1,"RS",4690,10,22060.8329152737,0.108916291316295,0.400202280508959,32.8181934121195,19.1300000000001,""
139,"Female","SUCCESS",1,"RS",6104,6,24637.891426332,0.124288697336032,-0.571236189543789,NA,26.4199999999992,""
139,"Male","SUCCESS",3,"mixed_RS_CG_2_80",4649,33,21740.4499343417,0.10605620394454,0.444464726448077,23.6087231133076,294.2,""
140,"Female","SUCCESS",1,"RS",6110,4,24175.0421436453,0.119500997288162,-0.417718600806411,NA,22.1899999999996,""
140,"Male","SUCCESS",2,"mixed_RS_CG_1_40",4616,8,21615.1101197094,0.105067824177388,0.291950931025885,18.6164721527609,224.33,""
141,"Female","SUCCESS",1,"RS",6375,4,25431.5094179015,0.121290728137151,-0.632811063863889,NA,23,""
141,"Male","SUCCESS",3,"mixed_RS_CG_2_80",4799,17,22346.1821496718,0.103261777220638,0.276426674363937,18.0327194917871,280.470000000001,""
142,"Female","SUCCESS",1,"RS",5979,3,23511.4309755538,0.117958333299552,-0.661013856960996,NA,20.75,""
142,"Male","SUCCESS",2,"mixed_RS_CG_1_40",4523,7,21162.4040107477,0.10384333906899,0.279205895278371,16.2104446007771,223.889999999999,""
143,"Female","SUCCESS",1,"RS",6070,4,23948.9655472147,0.118760518932347,-0.732894420498407,NA,21.8399999999983,""
143,"Male","SUCCESS",1,"RS",4648,8,21836.9037353101,0.105098049912006,0.14188977457995,17.0502761560829,16.9700000000012,""
144,"Female","SUCCESS",1,"RS",6361,4,25172.8614907403,0.118905099599899,-0.770413871464024,NA,22.8599999999988,""
144,"Male","SUCCESS",3,"mixed_RS_CG_2_80",4747,3,22249.4671940368,0.10608027695484,0.559726484479114,22.2363980537671,249.99,""
145,"Female","SUCCESS",1,"RS",6231,3,24632.8147101484,0.119218955145629,-0.645078669932126,NA,22.4399999999987,""
145,"Male","SUCCESS",2,"mixed_RS_CG_1_40",4751,5,22272.1949014591,0.104890159738003,0.328577301627119,17.5500030856207,188.17,""
146,"Female","SUCCESS",1,"RS",6093,6,23875.5224197126,0.116998623462452,-0.885758982152076,NA,23.9800000000014,""
146,"Male","SUCCESS",1,"RS",4523,12,20840.1048283889,0.101208772238254,0.130890607532944,18.9143048457687,19.0499999999993,""
147,"Female","SUCCESS",1,"RS",6362,6,25133.1798247088,0.118785077522499,-0.792492584027326,NA,24.1299999999992,""
147,"Male","SUCCESS",1,"RS",4754,10,22165.8071842111,0.104680245635733,0.402140488787376,21.6046837578527,32.6700000000001,""
148,"Female","SUCCESS",1,"RS",6115,4,24295.7232195362,0.120725557460296,-0.616853117651243,NA,22.6900000000005,""
148,"Male","SUCCESS",1,"RS",4630,26,21558.6769557225,0.103940633791028,0.177064221791201,19.2324819190855,80.25,""
149,"Female","SUCCESS",1,"RS",6340,4,25037.2968088588,0.119257661246706,-0.790654752763448,NA,24.0200000000004,""
149,"Male","SUCCESS",2,"mixed_RS_CG_1_40",4793,3,22333.1415405558,0.105075665218632,0.215178676444598,23.5434947995984,71.2400000000016,""
150,"Female","SUCCESS",1,"RS",6289,4,24719.204024776,0.117465901872711,-0.877175508443719,NA,24.5200000000004,""
150,"Male","SUCCESS",1,"RS",4783,6,22382.1545625305,0.104214710533062,0.282258160580213,17.3599940161967,18.1999999999989,""
151,"Female","SUCCESS",1,"RS",6109,5,24187.0575708525,0.120156544972781,-0.607002645632412,NA,24.8299999999999,""
151,"Male","SUCCESS",2,"mixed_RS_CG_1_40",4635,19,21671.0718099832,0.105150777211076,0.176226278062979,19.8028188711719,220.190000000001,""
152,"Female","SUCCESS",1,"RS",6190,4,24721.7004151832,0.121891846170208,-0.669977401081142,NA,25.1200000000008,""
152,"Male","SUCCESS",1,"RS",4619,19,21630.0881034375,0.10570246478682,0.269422914774491,20.7129125091115,43.7799999999988,""
153,"Female","SUCCESS",1,"RS",6252,4,24642.6854434613,0.118605514838858,-0.58076748738705,NA,22.5799999999999,""
153,"Male","SUCCESS",1,"RS",4699,9,21955.9284333312,0.104906148744818,0.33297894136741,20.7977215514977,19.6499999999996,""
154,"Female","SUCCESS",1,"RS",6378,4,25420.3516919308,0.121243746871858,-0.549077439206658,NA,24.1099999999988,""
154,"Male","SUCCESS",1,"RS",4819,5,22483.3493979427,0.105115374369567,0.124681226769274,21.862087693269,17.2999999999993,""
155,"Female","SUCCESS",1,"RS",6149,5,24196.5615130379,0.117722105960599,-0.772360649540321,NA,22.4499999999989,""
155,"Male","SUCCESS",2,"mixed_RS_CG_1_40",4629,7,21612.5653374641,0.103014981060052,0.123103875849054,16.7086081582581,194.530000000001,""
156,"Female","SUCCESS",1,"RS",6122,5,24109.0457818114,0.11787001672699,-0.766028968107172,NA,22.3700000000008,""
156,"Male","SUCCESS",1,"RS",4643,6,21530.561751045,0.103994295176529,0.173369833404788,26.0966394415581,17.2200000000012,""
157,"Female","SUCCESS",1,"RS",6270,4,24700.0134453854,0.118374403848016,-0.563221925800786,NA,22.8600000000006,""
157,"Male","SUCCESS",2,"mixed_RS_CG_1_40",4686,3,21778.4093641807,0.10396762043883,0.246032330591675,21.0771346400174,181.390000000001,""
158,"Female","SUCCESS",1,"RS",6354,5,25379.5693814378,0.122028495939968,-0.543545091130542,NA,26.5299999999988,""
158,"Male","SUCCESS",2,"mixed_RS_CG_1_40",4791,10,22413.2619988284,0.106031457896655,0.530607952452723,22.4923181954522,250.75,""
159,"Female","SUCCESS",1,"RS",6334,5,25015.9573161949,0.118133695797437,-0.754251866367127,NA,23.8999999999996,""
159,"Male","SUCCESS",2,"mixed_RS_CG_1_40",4774,7,22101.1928069739,0.104439729564815,0.172607839219621,31.454708353564,118.469999999999,""
160,"Female","SUCCESS",1,"RS",6237,4,24655.0539591449,0.119280021103392,-0.667840961628898,NA,23.5499999999993,""
160,"Male","SUCCESS",2,"mixed_RS_CG_1_40",4764,18,22074.4967396351,0.104545237071453,0.297379712505985,27.6634299528601,280.120000000001,""
161,"Female","SUCCESS",1,"RS",6214,4,24359.8351994165,0.11708272319637,-0.680452495130624,NA,22.7299999999996,""
161,"Male","SUCCESS",1,"RS",4748,8,22057.4592823468,0.104625004354126,0.378082805996393,24.7046686116433,22.4899999999998,""
162,"Female","SUCCESS",1,"RS",5986,4,23590.3481968496,0.119303297463815,-0.513699911041301,NA,24.4300000000003,""
162,"Male","SUCCESS",1,"RS",4546,8,21133.2031542989,0.104845971746081,0.327759442598045,25.0566412180477,34.0300000000007,""
163,"Female","SUCCESS",1,"RS",6276,5,24565.4498974508,0.117362120310561,-0.460285700695542,NA,24.1100000000006,""
163,"Male","SUCCESS",1,"RS",4740,3,22172.1888964294,0.105065888251069,0.291004527626435,19.7811699943133,15.0900000000001,""
164,"Female","SUCCESS",1,"RS",6084,4,24089.4572899256,0.119532047169513,-0.573294884009854,NA,21.2400000000016,""
164,"Male","SUCCESS",2,"mixed_RS_CG_1_40",4596,2,21503.7826589626,0.103401842340152,0.259404131585395,14.5922028375626,227.809999999999,""
165,"Female","SUCCESS",1,"RS",5923,4,23471.2205459276,0.119733631721425,-0.640948441201349,NA,20.5200000000004,""
165,"Male","SUCCESS",1,"RS",4465,11,20717.6429664542,0.0992870221580589,0.287422999582132,11.7458791884816,18.7399999999998,""
166,"Female","SUCCESS",1,"RS",6353,5,25224.6648195051,0.120552524333591,-0.567978437116654,NA,22.3400000000001,""
166,"Male","SUCCESS",1,"RS",4862,5,22918.1416832759,0.106192822121385,0.224041370223044,17.5106353867262,17.0900000000001,""
167,"Female","SUCCESS",1,"RS",6319,5,25095.4069434509,0.119859757729709,-0.717748001378757,NA,22.1599999999999,""
167,"Male","SUCCESS",1,"RS",4813,8,22365.83531718,0.102835791317201,0.37917672394704,17.6912098494262,18.2399999999998,""
168,"Female","SUCCESS",1,"RS",6133,6,24094.1134990997,0.117270440192772,-0.743695905588562,NA,21.6400000000012,""
168,"Male","SUCCESS",2,"mixed_RS_CG_1_40",4637,4,21639.3200026674,0.103121647905491,0.415481855266022,16.3047098609673,194.49,""
169,"Female","SUCCESS",1,"RS",6122,5,23971.691724052,0.11693395979588,-0.849401657479431,NA,23.8999999999996,""
169,"Male","SUCCESS",3,"mixed_RS_CG_2_80",4597,5,21484.7452885463,0.103478788091514,0.256693166742129,16.0984851282035,234.25,""
170,"Female","SUCCESS",1,"RS",6087,6,24057.9293533788,0.118689922115289,-0.796062055625344,NA,24.0900000000001,""
170,"Male","SUCCESS",1,"RS",4571,10,21290.3095662817,0.105276400798436,0.358625185178924,26.2891939226749,17.5599999999995,""
171,"Female","SUCCESS",1,"RS",6235,4,24538.4094461599,0.118255257247681,-0.611173042991223,NA,22.1700000000001,""
171,"Male","SUCCESS",2,"mixed_RS_CG_1_40",4767,3,22230.949310363,0.105447661877768,0.3360792211488,25.3691678756065,117.57,""
172,"Female","SUCCESS",1,"RS",6118,5,24198.2692252982,0.119293807873256,-0.521129021043633,NA,22.9499999999989,""
172,"Male","SUCCESS",3,"mixed_RS_CG_2_80",4652,3,21616.5443141881,0.104819140649336,0.368170513866163,25.4350136864965,220.66,""
173,"Female","SUCCESS",1,"RS",6196,5,24485.9794038008,0.119213194438302,-0.780996939719411,NA,21.5300000000007,""
173,"Male","SUCCESS",2,"mixed_RS_CG_1_40",4732,5,22099.3372619293,0.106021125465929,0.26863345447071,26.3136452376082,214.9,""
174,"Female","SUCCESS",1,"RS",6226,3,24756.2383119577,0.120938692320885,-0.650689276630867,NA,22.2399999999998,""
174,"Male","SUCCESS",1,"RS",4702,6,22002.52289146,0.104184440381391,0.193830320216992,17.1104740274657,16.3400000000001,""
175,"Female","SUCCESS",1,"RS",6044,5,23745.6484902794,0.117343580127467,-0.730126015589498,NA,20.6900000000005,""
175,"Male","SUCCESS",1,"RS",4575,8,21448.0275457164,0.105207897927692,0.172390080398409,17.9452692805086,17.1200000000008,""
176,"Female","SUCCESS",1,"RS",6171,4,24604.0906229578,0.121663257555772,-0.339680664085344,NA,21.8299999999999,""
176,"Male","SUCCESS",2,"mixed_RS_CG_1_40",4668,3,21997.3377145972,0.103612624833337,0.0403697573926953,12.8450127165642,29.2899999999991,""
177,"Female","SUCCESS",1,"RS",6359,2,25182.6075675523,0.119102697955535,-0.661992620318612,NA,21.9399999999987,""
177,"Male","SUCCESS",1,"RS",4800,8,22636.2924311405,0.10444144011692,0.226311411218017,14.4340661780088,19.3199999999997,""
178,"Female","SUCCESS",1,"RS",6215,5,24657.4420160125,0.119908708037722,-0.7356582574768,NA,22.0900000000001,""
178,"Male","SUCCESS",1,"RS",4746,5,22092.7264822806,0.103777951414277,0.413731003585657,19.687120948915,17.5799999999999,""
179,"Female","SUCCESS",1,"RS",6001,4,23508.2310601149,0.116976564687748,-0.751421362532898,NA,20.75,""
179,"Male","SUCCESS",2,"mixed_RS_CG_1_40",4547,14,21160.7427493905,0.103471496637212,0.162558987297348,20.2486787204023,179.230000000001,""
180,"Female","SUCCESS",1,"RS",6106,5,24032.2212806979,0.118491850571055,-0.560147794119222,NA,26.4300000000003,""
180,"Male","SUCCESS",1,"RS",4630,6,21769.9752248924,0.106333775272096,0.13601513795751,20.9041899866476,16.25,""
181,"Female","SUCCESS",1,"RS",6101,3,24132.1609032852,0.119236891015525,-0.720911314249269,NA,21.5799999999999,""
181,"Male","SUCCESS",3,"mixed_RS_CG_2_80",4625,30,21480.0983896708,0.105668520647442,0.322600830800564,33.5266938958548,270.200000000001,""
182,"Female","SUCCESS",1,"RS",6413,4,25356.3687411814,0.119568009631127,-0.567643797910318,NA,23.1399999999994,""
182,"Male","SUCCESS",1,"RS",4871,6,22763.7888713092,0.104267747377007,0.347929294304122,17.8443666005099,18.7999999999993,""
183,"Female","SUCCESS",1,"RS",6259,6,24721.2412430731,0.118828357398437,-0.759565498378186,NA,24.2899999999991,""
183,"Male","SUCCESS",2,"mixed_RS_CG_1_40",4703,6,21978.3910699416,0.103095048656216,0.235241598354726,16.3967610003521,220.65,""
184,"Female","SUCCESS",1,"RS",6054,4,24072.1601385082,0.120407479193256,-0.610898170126811,NA,22.5300000000007,""
184,"Male","SUCCESS",3,"mixed_RS_CG_2_80",4525,28,21183.1855107148,0.105920301190779,0.44506718646436,23.9497318154667,267.809999999999,""
185,"Female","SUCCESS",1,"RS",6201,4,24209.6125866665,0.116148027127556,-0.65909178227249,NA,23.3700000000008,""
185,"Male","SUCCESS",2,"mixed_RS_CG_1_40",4660,4,21655.8254910272,0.103159955257823,0.298221947707772,20.0666696607625,161.27,""
186,"Female","SUCCESS",1,"RS",6175,4,24499.6700602065,0.1198200163209,-0.661687598909554,NA,22.7199999999993,""
186,"Male","SUCCESS",3,"mixed_RS_CG_2_80",4637,21,21624.4878185516,0.104324968501394,0.307308273443116,21.1577157277935,778.99,""
187,"Female","SUCCESS",1,"RS",6102,5,23971.9171845789,0.117720619459747,-0.721654465649632,NA,22.2999999999993,""
187,"Male","SUCCESS",2,"mixed_RS_CG_1_40",4594,34,21374.5892998093,0.102188255154151,0.337433080943487,15.3550970535527,599.970000000001,""
188,"Female","SUCCESS",1,"RS",6153,5,24325.8944770522,0.11855783578566,-0.777348640223369,NA,22.4900000000016,""
188,"Male","SUCCESS",1,"RS",4662,7,21897.9443973068,0.104225247037413,0.262457034877235,15.7428392314163,17.1599999999999,""
189,"Female","SUCCESS",1,"RS",6145,6,24515.518879544,0.121593092484975,-0.422918884546542,NA,22.5299999999988,""
189,"Male","SUCCESS",2,"mixed_RS_CG_1_40",4654,10,21816.4340195536,0.106070286861467,0.242520647876769,21.9594820241171,565.92,""
190,"Female","SUCCESS",1,"RS",6118,5,24300.7633397077,0.120116557447338,-0.740565767015674,NA,157.030000000001,""
190,"Male","SUCCESS",2,"mixed_RS_CG_1_40",4591,10,21364.4676090573,0.10507675513244,0.256255962671352,24.7957347715178,964.049999999999,""
191,"Female","SUCCESS",1,"RS",5989,5,23674.9451794084,0.119096910714775,-0.85839779829708,NA,155.610000000001,""
191,"Male","SUCCESS",2,"mixed_RS_CG_1_40",4510,5,21003.9176323974,0.105711278217074,0.261182168160824,27.5884890390525,794.609999999999,""
192,"Female","SUCCESS",1,"RS",5962,3,23405.2473640329,0.117820433062734,-0.603944093545727,NA,150.359999999999,""
192,"Male","SUCCESS",1,"RS",4486,5,21032.6881006765,0.105606014193481,0.178153953312036,17.7022069220572,112.369999999999,""
193,"Female","SUCCESS",1,"RS",6061,4,24196.0052992537,0.121583166604855,-0.690269424074687,NA,154.699999999999,""
193,"Male","SUCCESS",2,"mixed_RS_CG_1_40",4538,3,21022.7522290706,0.103199329694383,0.225906444815173,21.1007238983577,161.440000000001,""
194,"Female","SUCCESS",1,"RS",6191,4,24489.5726705808,0.118976350247801,-0.820183169736324,NA,22.2300000000014,""
194,"Male","SUCCESS",2,"mixed_RS_CG_1_40",4723,3,21905.4692654037,0.103455573579911,0.264715872557375,20.9013359520553,190.280000000001,""
195,"Female","SUCCESS",1,"RS",6028,3,23500.4746423515,0.116572042635936,-0.547006109213064,NA,24.7399999999998,""
195,"Male","SUCCESS",1,"RS",4588,6,21321.1831611911,0.103961255833821,0.340728105338734,21.7078080385411,31.1000000000004,""
196,"Female","SUCCESS",1,"RS",5937,5,23451.2754443881,0.118809724016567,-0.767757550537035,NA,33.7399999999998,""
196,"Male","SUCCESS",1,"RS",4489,9,20983.6360025587,0.105425057126131,0.322231983467066,22.8586066272438,34.2800000000007,""
197,"Female","SUCCESS",1,"RS",6100,5,23860.2457612523,0.117101841998141,-0.549408376761936,NA,22.5599999999995,""
197,"Male","SUCCESS",2,"mixed_RS_CG_1_40",4584,4,21430.1988683942,0.106164535397,0.325973037140614,25.3428238068152,54.25,""
198,"Female","SUCCESS",1,"RS",6019,3,23776.7899866444,0.119488129880452,-0.638704081249996,NA,24.4600000000009,""
198,"Male","SUCCESS",1,"RS",4564,9,21281.5704517356,0.103590386233603,0.184637345861628,17.0459417110709,42.4099999999999,""
199,"Female","SUCCESS",1,"RS",6246,4,24637.0364235145,0.118876999402619,-0.62724553955392,NA,23.6400000000012,""
199,"Male","SUCCESS",1,"RS",4772,11,22206.5861026937,0.106201499200822,0.480262366689422,33.3490629976463,19.6299999999992,""
200,"Female","SUCCESS",1,"RS",6203,3,24587.6841202008,0.120062733428289,-0.617573354205383,NA,22.9400000000005,""
200,"Male","SUCCESS",1,"RS",4748,5,21975.2242857909,0.101531804005655,0.382253701479506,16.1498943609616,17.8999999999996,""
201,"Female","SUCCESS",1,"RS",6406,5,25333.5737318737,0.119518549469573,-0.600287913172165,NA,22.9899999999998,""
201,"Male","SUCCESS",1,"RS",4828,8,22491.7705366895,0.104878012809889,0.32481109341925,23.9870824813015,18.7200000000012,""
202,"Female","SUCCESS",1,"RS",5980,5,23810.3721528513,0.120458294418006,-0.618275637295908,NA,20.5,""
202,"Male","SUCCESS",1,"RS",4580,18,21432.3001773814,0.103000059201444,0.347867094959233,14.4506032493437,52.2199999999993,""
203,"Female","SUCCESS",1,"RS",6040,4,23719.4548669734,0.117748415086571,-0.817576373724294,NA,20.8700000000008,""
203,"Male","SUCCESS",1,"RS",4557,9,21310.4777699738,0.106197117908108,0.137920869660887,25.1937019358757,17.8500000000004,""
204,"Female","SUCCESS",1,"RS",6123,4,24096.003829088,0.118301072414953,-0.710093562485506,NA,22.3899999999994,""
204,"Male","SUCCESS",2,"mixed_RS_CG_1_40",4639,5,21384.5183067282,0.102599298520758,0.261320480435384,24.9772934954311,60.1100000000006,""
205,"Female","SUCCESS",1,"RS",6198,4,24458.2102456833,0.119166268803221,-0.438258452385985,NA,22.6299999999992,""
205,"Male","SUCCESS",2,"mixed_RS_CG_1_40",4666,20,21673.6262867798,0.103512293726985,0.245094547059636,19.9801548989407,294.139999999999,""
206,"Female","SUCCESS",1,"RS",6423,5,25378.3501303784,0.118881444397212,-0.721496369438637,NA,23.8499999999985,""
206,"Male","SUCCESS",2,"mixed_RS_CG_1_40",4819,35,22507.332150119,0.10395757483695,0.390613468770522,18.5831183379573,261.699999999999,""
207,"Female","SUCCESS",1,"RS",6248,5,24505.1873635723,0.117974286119956,-0.497882201712916,NA,31.6800000000003,""
207,"Male","SUCCESS",1,"RS",4724,10,21958.8144446565,0.105488773298431,0.432652773906153,29.2518169349499,30.4200000000001,""
208,"Female","SUCCESS",1,"RS",6063,3,23623.1873724474,0.116161839901895,-0.624475810305283,NA,32.3099999999995,""
208,"Male","SUCCESS",2,"mixed_RS_CG_1_40",4546,3,21007.6445677215,0.10168456730928,0.410696088960006,18.1669621186792,255.700000000001,""
209,"Female","SUCCESS",1,"RS",6046,4,23847.7911875249,0.119086966121872,-0.614516140546237,NA,24.1100000000006,""
209,"Male","SUCCESS",1,"RS",4535,6,21129.5658433345,0.105048583592761,0.300484448553043,23.5847463209411,16.2800000000007,""
210,"Female","SUCCESS",1,"RS",6217,4,24643.0745120772,0.119697827090417,-0.775910088954195,NA,30.5599999999995,""
210,"Male","SUCCESS",1,"RS",4731,9,21857.78883826,0.103282353026239,0.303280354186808,25.3552491447138,23.0300000000007,""
211,"Female","SUCCESS",1,"RS",5902,5,23351.976258702,0.119257809065261,-0.708332121764844,NA,25.4200000000001,""
211,"Male","SUCCESS",3,"mixed_RS_CG_2_80",4503,6,20973.576633379,0.10332533016394,0.306247703024172,17.8647479857355,318.219999999999,""
212,"Female","SUCCESS",1,"RS",6221,5,24582.5598700848,0.118821578660285,-0.834330529055489,NA,28.4599999999991,""
212,"Male","SUCCESS",1,"RS",4755,30,22035.2712922104,0.103062802417328,0.250962072038512,21.8744728266701,266.16,""
213,"Female","SUCCESS",1,"RS",6283,5,24715.3188071743,0.117721859566795,-0.734968358202047,NA,31.3100000000013,""
213,"Male","SUCCESS",2,"mixed_RS_CG_1_40",4735,14,21905.8659777743,0.101812840024216,0.390868090059234,17.8428944863581,287.529999999999,""
214,"Female","SUCCESS",1,"RS",6205,5,24480.0268906176,0.119047434932562,-0.580223960961413,NA,38.7999999999993,""
214,"Male","SUCCESS",2,"mixed_RS_CG_1_40",4717,3,22019.5721826846,0.103283581020349,0.218817219852688,17.2867093998017,159.75,""
215,"Female","SUCCESS",1,"RS",5982,4,23378.2094103135,0.116820428939795,-0.64675492666638,NA,22.3000000000011,""
215,"Male","SUCCESS",2,"mixed_RS_CG_1_40",4532,3,21004.8242802131,0.102776804231814,0.4669007734056,20.6032690102387,119.139999999999,""
216,"Female","SUCCESS",1,"RS",6126,5,24258.2581029107,0.11970579653652,-0.750576206750073,NA,23.630000000001,""
216,"Male","SUCCESS",2,"mixed_RS_CG_1_40",4619,16,21511.7123112346,0.10367982513009,0.323847658466577,18.480712659657,294.119999999999,""
217,"Female","SUCCESS",1,"RS",6159,3,24345.426006103,0.119216347486989,-0.606400186997916,NA,23.5100000000002,""
217,"Male","SUCCESS",1,"RS",4667,6,21742.0926957252,0.103017365181553,0.313193332267406,15.7969107905999,18.7000000000007,""
218,"Female","SUCCESS",1,"RS",6204,6,24265.4380875181,0.116797465457573,-0.773536606906053,NA,27.3400000000001,""
218,"Male","SUCCESS",1,"RS",4643,7,21531.8055424066,0.103615760190772,0.289605317999846,21.3073352375652,24.2700000000004,""
219,"Female","SUCCESS",1,"RS",6143,5,24039.7157778555,0.116763842578693,-0.681372734642864,NA,26.7599999999984,""
219,"Male","SUCCESS",3,"mixed_RS_CG_2_80",4638,3,21511.3532164426,0.104182166716193,0.391461674473404,25.9529166101696,256.5,""
220,"Female","SUCCESS",1,"RS",6188,3,24359.866045342,0.118354581585954,-0.658127105938548,NA,26.9799999999996,""
220,"Male","SUCCESS",1,"RS",4701,8,21843.0801244571,0.104354936492396,0.459484189010155,23.4206375348484,23.7199999999993,""
221,"Female","SUCCESS",1,"RS",6331,5,24822.177852986,0.116913460910679,-0.688024546696809,NA,28.7800000000007,""
221,"Male","SUCCESS",1,"RS",4813,5,22537.0383160355,0.103723292525831,0.163141017808861,16.2901681188545,20.1000000000004,""
222,"Female","SUCCESS",1,"RS",6062,6,23949.7478467502,0.118434887902624,-0.767400855097774,NA,30.5,""
222,"Male","SUCCESS",3,"mixed_RS_CG_2_80",4574,13,21302.0076981772,0.104584453159574,0.300886241848183,23.0875048942419,256.42,""
223,"Female","SUCCESS",1,"RS",6319,5,24866.8504818614,0.117991920591583,-0.863886565174132,NA,28.2399999999998,""
223,"Male","SUCCESS",2,"mixed_RS_CG_1_40",4796,3,22310.3565082286,0.102887513548863,0.38900167676976,17.352107109529,120.389999999999,""
224,"Female","SUCCESS",1,"RS",6241,4,24784.4780049481,0.120787230971,-0.640340509400935,NA,28.6100000000006,""
224,"Male","SUCCESS",1,"RS",4710,8,21889.5462648715,0.104689101070548,0.42693695081419,23.4447389827869,20.6999999999989,""
225,"Female","SUCCESS",1,"RS",5958,4,23569.3736573637,0.119586424583412,-0.718711254999575,NA,23.4300000000003,""
225,"Male","SUCCESS",1,"RS",4508,19,21109.21028587,0.103900212123983,0.0750761055253673,15.0625835798632,58.5699999999997,""
226,"Female","SUCCESS",1,"RS",6110,4,24445.7371950258,0.12152790271248,-0.606840501017059,NA,24.7700000000004,""
226,"Male","SUCCESS",1,"RS",4618,8,21701.1297359715,0.107817475795819,0.383778685818315,33.3557915527913,20.6000000000004,""
227,"Female","SUCCESS",1,"RS",6170,4,24581.0258195323,0.120878768856711,-0.695834045791777,NA,24.8500000000004,""
227,"Male","SUCCESS",2,"mixed_RS_CG_1_40",4643,2,21733.1227533865,0.103990513618969,0.346863542444481,16.6438058795739,115.720000000001,""
228,"Female","SUCCESS",1,"RS",6084,5,24007.8535665184,0.118762133059552,-0.768255217064374,NA,24.5399999999991,""
228,"Male","SUCCESS",2,"mixed_RS_CG_1_40",4594,7,21239.0490749183,0.103387174373693,0.524395308216855,23.4512794755033,108.09,""
229,"Female","SUCCESS",1,"RS",6248,5,24465.9129971753,0.117477710394679,-0.473413111153846,NA,24.1800000000003,""
229,"Male","SUCCESS",1,"RS",4739,3,22358.6371041608,0.106899477635945,0.283393637271512,18.7505398015355,15.1499999999996,""
230,"Female","SUCCESS",1,"RS",6103,5,24046.2776829122,0.118193082009713,-0.736961999143733,NA,20.6900000000005,""
230,"Male","SUCCESS",2,"mixed_RS_CG_1_40",4540,23,21110.1521938622,0.104802207180386,0.468616732693472,25.1684810088785,216.300000000001,""
231,"Female","SUCCESS",1,"RS",6128,3,24051.4285770385,0.116911905611965,-0.704883927958396,NA,19.9899999999998,""
231,"Male","SUCCESS",1,"RS",4642,5,21618.2525018819,0.103851665169612,0.303307030567546,20.0612253641899,16.1499999999996,""
232,"Female","SUCCESS",1,"RS",6420,3,25504.3027808124,0.120265747655585,-0.655861518702129,NA,22.7700000000004,""
232,"Male","SUCCESS",1,"RS",4884,6,22920.9756062357,0.10377270364795,0.248762540204387,15.1591255071272,18.5,""
233,"Female","SUCCESS",1,"RS",6103,3,24265.1068495202,0.120218690424327,-0.52727163184012,NA,21.8499999999985,""
233,"Male","SUCCESS",1,"RS",4584,9,21396.4810939743,0.103383059384351,0.323424200120896,17.6606749287747,39.2299999999996,""
234,"Female","SUCCESS",1,"RS",6221,4,24653.7501115396,0.11970628294675,-0.694818419773258,NA,22.4600000000009,""
234,"Male","SUCCESS",1,"RS",4627,4,21526.4292906585,0.103226204861194,0.210058168526366,18.0268077350214,27.3099999999995,""
235,"Female","SUCCESS",1,"RS",5933,5,23165.005512981,0.116499585872057,-0.633144504784549,NA,20.9800000000014,""
235,"Male","SUCCESS",3,"mixed_RS_CG_2_80",4472,5,20755.4518701784,0.10287763647671,0.170509779093027,19.396937793289,282.609999999999,""
236,"Female","SUCCESS",1,"RS",6302,4,25200.2213752381,0.121621813174182,-0.593514457403845,NA,23.1800000000003,""
236,"Male","SUCCESS",2,"mixed_RS_CG_1_40",4791,25,22285.4492295829,0.105182565117425,0.265433390606943,25.7115224761538,272.289999999999,""
237,"Female","SUCCESS",1,"RS",6212,5,24623.026243413,0.119950667441184,-0.714803473628283,NA,23.3000000000011,""
237,"Male","SUCCESS",1,"RS",4687,7,21882.8125648123,0.10252373563436,0.149536024949359,15.165651795519,18.2299999999996,""
238,"Female","SUCCESS",1,"RS",6025,4,23598.679616989,0.117479238965354,-0.692282219344961,NA,27.5,""
238,"Male","SUCCESS",3,"mixed_RS_CG_2_80",4484,14,21007.7403961988,0.107636149546066,0.381879681550674,28.6193624598895,302.940000000001,""
239,"Female","SUCCESS",1,"RS",5941,3,23440.3228989938,0.118569923950403,-0.619887215717491,NA,20.7600000000002,""
239,"Male","SUCCESS",1,"RS",4530,6,20990.1855356943,0.103158751691891,0.402647168272996,22.0939520625198,15.5800000000017,""
240,"Female","SUCCESS",1,"RS",6038,3,24076.4529806972,0.121138930701634,-0.691632278213312,NA,20.7000000000007,""
240,"Male","SUCCESS",1,"RS",4612,8,21504.507787967,0.103697111340449,0.258587482416573,18.3995420790289,18.0900000000001,""
241,"Female","SUCCESS",1,"RS",6191,2,24528.4405086021,0.119736469886111,-0.660858703788666,NA,21.3099999999995,""
241,"Male","SUCCESS",2,"mixed_RS_CG_1_40",4689,4,22003.378143508,0.108293652219499,0.278130003336713,34.6958248731124,28.5200000000004,""
242,"Female","SUCCESS",1,"RS",6238,5,24482.7493125871,0.11743661836647,-0.7618664602853,NA,22.0200000000004,""
242,"Male","SUCCESS",1,"RS",4663,10,21772.584703491,0.106691631987665,0.216416723770822,30.2439147947542,18.6499999999996,""
243,"Female","SUCCESS",1,"RS",6123,3,24160.3980746365,0.1188777044048,-0.641692857787904,NA,21.9899999999998,""
243,"Male","SUCCESS",3,"mixed_RS_CG_2_80",4604,5,21671.0824709558,0.105819119113384,0.222410739839318,17.80275334793,267.59,""
244,"Female","SUCCESS",1,"RS",6177,6,24462.9145870711,0.119375282490645,-0.872612781495381,NA,24.5299999999988,""
244,"Male","SUCCESS",2,"mixed_RS_CG_1_40",4651,9,21716.9327167732,0.1052201783799,0.280270716238569,21.5164152011821,143.469999999999,""
245,"Female","SUCCESS",1,"RS",6067,4,24076.3778567949,0.120183166002725,-0.680791718753433,NA,22.1100000000006,""
245,"Male","SUCCESS",1,"RS",4576,28,21381.7104187734,0.105788221160217,0.342707621910521,24.8584867015934,77.5,""
246,"Female","SUCCESS",1,"RS",6109,5,24070.79652662,0.118388065239424,-0.744204649323206,NA,20.6100000000006,""
246,"Male","SUCCESS",1,"RS",4565,8,21236.9038541127,0.104745738630309,0.323550828815076,22.7812291453944,15.3000000000011,""
247,"Female","SUCCESS",1,"RS",6188,3,24322.6439320535,0.117695797160939,-0.702472252063358,NA,20.4300000000003,""
247,"Male","SUCCESS",1,"RS",4738,7,22035.0871185898,0.104471160909537,0.501005549587978,22.9033964058113,16.4099999999999,""
248,"Female","SUCCESS",1,"RS",6259,5,24652.6053579375,0.118451415104326,-0.545922073951315,NA,20.8600000000006,""
248,"Male","SUCCESS",1,"RS",4764,4,21933.1579276257,0.10124216377235,0.4844197433724,19.1052488156529,15.5499999999993,""
249,"Female","SUCCESS",1,"RS",6319,5,24958.1865033845,0.119636612438915,-0.414794674466027,NA,23.5699999999997,""
249,"Male","SUCCESS",2,"mixed_RS_CG_1_40",4731,4,22039.4353172023,0.103990982327003,0.490289586556468,19.6638842274539,237.330000000002,""
250,"Female","SUCCESS",1,"RS",6186,6,24535.2042329451,0.119135651446573,-0.881867220559908,NA,24.7200000000012,""
250,"Male","SUCCESS",1,"RS",4713,5,21954.7304257662,0.103059277709648,0.0726166431891375,17.8324566383543,17.7099999999991,""
251,"Female","SUCCESS",1,"RS",6208,4,24741.8415800221,0.121371011230319,-0.535629978687345,NA,23.0799999999999,""
251,"Male","SUCCESS",1,"RS",4732,18,22127.8466563967,0.103908760863141,0.221749064337842,16.2005924058631,82.9000000000015,""
252,"Female","SUCCESS",1,"RS",6100,3,23967.5506827737,0.117997583597672,-0.627283890951114,NA,23.5099999999984,""
252,"Male","SUCCESS",2,"mixed_RS_CG_1_40",4606,10,21584.3867736046,0.10569386024255,0.306029649755041,20.7401163006261,238.440000000001,""
253,"Female","SUCCESS",1,"RS",6291,3,24831.3569979443,0.119086863132341,-0.654281242169427,NA,23.3899999999994,""
253,"Male","SUCCESS",2,"mixed_RS_CG_1_40",4733,4,22117.9112827525,0.10381535784797,0.193218852751897,16.4281084228895,139.35,""
254,"Female","SUCCESS",1,"RS",6264,5,24816.8595705558,0.119244934981634,-0.701163450817228,NA,23.2099999999991,""
254,"Male","SUCCESS",1,"RS",4738,7,22095.342209163,0.104675371435935,0.174190072452032,21.9562839219673,18.3000000000011,""
255,"Female","SUCCESS",1,"RS",6306,3,24991.514954815,0.119616727186821,-0.747782088382237,NA,23.5,""
255,"Male","SUCCESS",1,"RS",4758,4,22197.8878134256,0.104720370872546,0.379417175573113,19.8062148533133,16.5900000000001,""
256,"Female","SUCCESS",1,"RS",6485,5,25665.4395253944,0.119343157491043,-0.528844299795129,NA,24.75,""
256,"Male","SUCCESS",2,"mixed_RS_CG_1_40",4893,3,22914.6050793917,0.103745693625088,0.240702107227018,15.7642108804431,227.639999999999,""
257,"Female","SUCCESS",1,"RS",6118,3,24040.0975732927,0.117927841617948,-0.626418474222772,NA,20.2199999999993,""
257,"Male","SUCCESS",1,"RS",4657,8,21542.1168117037,0.103423930363688,0.36631506764191,23.3778807690427,16.2200000000012,""
258,"Female","SUCCESS",1,"RS",6163,5,24342.1385089679,0.119443712178666,-0.544565762073924,NA,22.7299999999996,""
258,"Male","SUCCESS",1,"RS",4678,7,21994.799297748,0.106548181490665,0.380912899509223,21.1295506753123,15.7900000000009,""
259,"Female","SUCCESS",1,"RS",6209,5,24558.1244878407,0.1190647821756,-0.728063287633283,NA,20.2199999999993,""
259,"Male","SUCCESS",1,"RS",4660,8,21669.6111747855,0.105497092588163,0.346373182099536,30.1833377865183,15.5500000000011,""
260,"Female","SUCCESS",1,"RS",6197,4,24576.8008639637,0.11963154654052,-0.689173439222401,NA,26.9599999999991,""
260,"Male","SUCCESS",2,"mixed_RS_CG_1_40",4663,10,21742.4552485934,0.101758233988197,0.337944272296056,13.859713258205,216.619999999999,""
261,"Female","SUCCESS",1,"RS",6237,5,24567.7737067878,0.118408066311747,-0.729458097308867,NA,28.1100000000006,""
261,"Male","SUCCESS",1,"RS",4716,15,21953.2249196706,0.103888838294029,0.297543945701994,19.7053830525909,30.7799999999988,""
262,"Female","SUCCESS",1,"RS",6286,5,24980.6435247901,0.120300549528161,-0.755040225791025,NA,27.9200000000019,""
262,"Male","SUCCESS",1,"RS",4733,7,22127.4089997613,0.105535213398752,0.192284870903458,21.2964478292592,23,""
263,"Female","SUCCESS",1,"RS",6119,4,24185.5321945707,0.119269804721434,-0.463799806310513,NA,26.5299999999988,""
263,"Male","SUCCESS",2,"mixed_RS_CG_1_40",4552,3,21151.7682151081,0.103572738944168,0.364829801964874,20.3778796537782,146.75,""
264,"Female","SUCCESS",1,"RS",6114,3,24115.522523595,0.118994442289544,-0.54750642175683,NA,20.8899999999994,""
264,"Male","SUCCESS",2,"mixed_RS_CG_1_40",4610,3,21531.7853488632,0.103856515552992,0.402279050745496,16.805482634741,31.2799999999988,""
265,"Female","SUCCESS",1,"RS",6156,5,24418.3306693774,0.119390789831188,-0.617550109984331,NA,21.8899999999994,""
265,"Male","SUCCESS",1,"RS",4704,10,21721.8799496207,0.102109632076362,0.386269019998988,20.6477979073971,27.7799999999988,""
266,"Female","SUCCESS",1,"RS",6153,3,24275.1020729502,0.118809588604731,-0.681921376197557,NA,21.25,""
266,"Male","SUCCESS",1,"RS",4661,8,21673.0357112513,0.104432248398023,0.359066039576662,22.9635400442475,16.2300000000032,""
267,"Female","SUCCESS",1,"RS",6205,3,24354.7051597929,0.117565874831745,-0.746545542867153,NA,20.8899999999994,""
267,"Male","SUCCESS",1,"RS",4732,16,21930.259807659,0.104045680353332,0.461066304401717,25.7660286258094,30,""
268,"Female","SUCCESS",1,"RS",6154,5,24253.6943207801,0.118641841693134,-0.538659541365607,NA,21.4300000000003,""
268,"Male","SUCCESS",2,"mixed_RS_CG_1_40",4630,4,21518.4964126637,0.100842788958815,0.154153762940631,13.5532955042293,209.830000000002,""
269,"Female","SUCCESS",1,"RS",6229,3,24630.2571262875,0.119093678212284,-0.651222122500446,NA,20.8099999999977,""
269,"Male","SUCCESS",1,"RS",4698,7,22057.6098259355,0.106391348731333,0.40507420919724,23.314826945635,15.7199999999975,""
270,"Female","SUCCESS",1,"RS",5984,4,23495.5939077174,0.117715140989586,-0.598344624075763,NA,20.1500000000015,""
270,"Male","SUCCESS",1,"RS",4596,9,21334.0406287662,0.104123145339853,0.27460334046763,24.9329095019017,17.8199999999997,""
271,"Female","SUCCESS",1,"RS",6164,5,24496.7443046372,0.120705351480124,-0.643250421388927,NA,21.9200000000019,""
271,"Male","SUCCESS",1,"RS",4659,13,21740.0434697409,0.104643990695374,0.268827229242549,20.3925511612317,20.4500000000007,""
272,"Female","SUCCESS",1,"RS",6284,5,24667.7234992973,0.117622639580561,-0.709298551333779,NA,21.6500000000015,""
272,"Male","SUCCESS",3,"mixed_RS_CG_2_80",4762,5,21986.0543535083,0.101126853718443,0.265401611597732,17.4377613715813,234.02,""
273,"Female","SUCCESS",1,"RS",6256,3,24840.0711146274,0.120510400836536,-0.709906207375074,NA,22.3300000000017,""
273,"Male","SUCCESS",1,"RS",4724,6,21829.6279243066,0.103134364336595,0.389221075734985,21.6748111504302,18.1100000000006,""
274,"Female","SUCCESS",1,"RS",6069,4,24102.0379691469,0.120334454965203,-0.646525800717114,NA,20.8199999999997,""
274,"Male","SUCCESS",2,"mixed_RS_CG_1_40",4554,8,21220.0202398693,0.106397264047918,0.439657833420732,33.2652636604188,160.079999999998,""
275,"Female","SUCCESS",1,"RS",6102,5,24023.2058699373,0.118297751273028,-0.73142024930104,NA,21.0699999999997,""
275,"Male","SUCCESS",2,"mixed_RS_CG_1_40",4631,4,21622.7851945964,0.1062081314579,0.296460244716615,30.0273379581835,92.4700000000012,""
276,"Female","SUCCESS",1,"RS",6129,3,24070.1231027784,0.117586843619585,-0.782457269895053,NA,21.8299999999981,""
276,"Male","SUCCESS",1,"RS",4656,10,21618.8027984686,0.104992706917623,0.466599074605962,29.1142621286106,17.7299999999996,""
277,"Female","SUCCESS",1,"RS",6255,4,24805.3917523691,0.12025652635936,-0.664942169320306,NA,21.0699999999997,""
277,"Male","SUCCESS",2,"mixed_RS_CG_1_40",4781,9,22414.5679603099,0.10595075378727,0.264382096602435,19.8155675513263,257.889999999999,""
278,"Female","SUCCESS",1,"RS",5973,2,23524.8654303535,0.118679220789749,-0.65463205986098,NA,22.8700000000026,""
278,"Male","SUCCESS",2,"mixed_RS_CG_1_40",4552,3,20970.8376856269,0.101119064887378,0.200656407697402,17.889963569409,45.9399999999987,""
279,"Female","SUCCESS",1,"RS",6002,5,23922.2349701334,0.121541461191883,-0.567418998820164,NA,21.3600000000006,""
279,"Male","SUCCESS",2,"mixed_RS_CG_1_40",4594,9,21455.6004256488,0.103605740588242,0.188845677639502,16.071732180831,274.119999999999,""
280,"Female","SUCCESS",1,"RS",6460,5,25325.7313527747,0.116775970572883,-0.832405209272594,NA,23.8199999999997,""
280,"Male","SUCCESS",2,"mixed_RS_CG_1_40",4922,6,22743.585271252,0.103354208132282,0.365887248131504,25.3527515357825,155.639999999999,""
281,"Female","SUCCESS",1,"RS",6413,4,25276.7655502146,0.11837683696372,-0.69517383819779,NA,22.6100000000006,""
281,"Male","SUCCESS",1,"RS",4830,10,22595.0824374286,0.103103670109501,0.303546782280809,14.2343412764635,19.1899999999987,""
282,"Female","SUCCESS",1,"RS",6365,4,25035.3072770827,0.118252880479241,-0.650971656752432,NA,22.6699999999983,""
282,"Male","SUCCESS",1,"RS",4820,8,22273.9624295251,0.104088503463818,0.293664685342003,31.408750415765,18.4900000000016,""
283,"Female","SUCCESS",1,"RS",5955,4,23359.5004677998,0.117328140376882,-0.775718386421229,NA,20.7200000000012,""
283,"Male","SUCCESS",2,"mixed_RS_CG_1_40",4482,3,20664.6535992577,0.101902665773875,0.47024196727196,19.5261621746672,48.7899999999972,""
284,"Female","SUCCESS",1,"RS",6109,5,24050.9087153323,0.118292080728806,-0.58387829941525,NA,21.7400000000016,""
284,"Male","SUCCESS",2,"mixed_RS_CG_1_40",4598,9,21324.7870547475,0.103931506702205,0.345619560984444,24.0230114274009,42.3799999999974,""
285,"Female","SUCCESS",1,"RS",6042,4,23719.09121567,0.117821156138223,-0.66779376942557,NA,21.8300000000017,""
285,"Male","SUCCESS",2,"mixed_RS_CG_1_40",4568,26,21169.295927027,0.102892412329344,0.394528108230183,19.1751532585294,164.640000000003,""
286,"Female","SUCCESS",1,"RS",6200,3,24439.9041139491,0.118616177489449,-0.609929242789185,NA,22.1699999999983,""
286,"Male","SUCCESS",1,"RS",4657,15,21694.521278981,0.104307359261261,0.169489601638123,19.7343265102602,70.6499999999978,""
287,"Female","SUCCESS",1,"RS",6114,4,24110.2442404056,0.118490176093401,-0.51552931382074,NA,22.5299999999988,""
287,"Male","SUCCESS",2,"mixed_RS_CG_1_40",4592,4,21149.1575852796,0.102155531487493,0.442936294168018,22.9620299172141,69.3099999999977,""
288,"Female","SUCCESS",1,"RS",6321,5,24928.0069492107,0.118513284875382,-0.552325308676408,NA,22.4699999999975,""
288,"Male","SUCCESS",3,"mixed_RS_CG_2_80",4762,4,22308.2608170407,0.103892036654302,0.0325821272583879,15.6260656976376,258.800000000003,""
289,"Female","SUCCESS",1,"RS",6177,4,24183.277384299,0.117100978642907,-0.668324381509943,NA,22.6299999999974,""
289,"Male","SUCCESS",1,"RS",4666,5,21872.7921880476,0.104814993209605,0.238856996968217,17.4503615337288,15.7000000000007,""
290,"Female","SUCCESS",1,"RS",5996,4,23739.3506016398,0.119207655295649,-0.591471791558731,NA,20.630000000001,""
290,"Male","SUCCESS",2,"mixed_RS_CG_1_40",4510,3,20820.078184038,0.104188037815058,0.368871406301895,36.493469474988,47.9200000000019,""
291,"Female","SUCCESS",1,"RS",5995,3,23682.6850724658,0.119121416573642,-0.614168177286395,NA,20.5,""
291,"Male","SUCCESS",1,"RS",4502,11,20966.7419973726,0.102296450666721,0.314735695826262,14.7687208176545,17.2699999999968,""
292,"Female","SUCCESS",1,"RS",5964,2,23627.8065284677,0.119853324963596,-0.677861100786991,NA,19.4399999999987,""
292,"Male","SUCCESS",2,"mixed_RS_CG_1_40",4479,16,20873.5553968756,0.10496496454852,0.313174270051111,22.3558469550131,230.220000000001,""
293,"Female","SUCCESS",1,"RS",6292,6,25045.1811221338,0.12112073907742,-0.393961938318055,NA,22.1399999999994,""
293,"Male","SUCCESS",2,"mixed_RS_CG_1_40",4774,11,22194.6707560803,0.102824493240935,0.42976431752836,17.5137375030059,178.809999999998,""
294,"Female","SUCCESS",1,"RS",6115,3,24084.4418724218,0.118412285652358,-0.638192253803697,NA,20.4399999999987,""
294,"Male","SUCCESS",2,"mixed_RS_CG_1_40",4586,10,21384.392636817,0.102879413182586,0.319262746592803,15.6715727720496,250.119999999999,""
295,"Female","SUCCESS",1,"RS",6288,4,24642.354705364,0.117500912716683,-0.666577975441363,NA,23.4800000000032,""
295,"Male","SUCCESS",1,"RS",4766,23,22075.8177951565,0.103871776901436,0.279865001392847,22.3501711212922,28.380000000001,""
296,"Female","SUCCESS",1,"RS",6014,4,23829.323904293,0.119421575539559,-0.620059520076586,NA,21.9799999999996,""
296,"Male","SUCCESS",1,"RS",4544,13,21266.0165645186,0.106474793664421,0.290297965172755,25.7928486587639,70.7200000000012,""
297,"Female","SUCCESS",1,"RS",5996,5,23443.0025051271,0.116507062176905,-0.728685177825697,NA,22.3499999999985,""
297,"Male","FAIL",3,"mixed_RS_CG_2_80_nonconverged",4535,80,21352.9084514968,0.104762017575357,0.181083676071016,15.3295448573009,261.720000000001,"Did not satisfy GAMLSS convergence criterion"
298,"Female","SUCCESS",1,"RS",6120,5,24154.1800434476,0.118825640911414,-0.703798648523454,NA,24.2900000000009,""
298,"Male","SUCCESS",1,"RS",4658,10,21942.8679410305,0.104713890794975,0.0173707983952958,13.906955660489,19.2200000000012,""
299,"Female","SUCCESS",1,"RS",6251,3,24721.207483179,0.119339501534837,-0.810278020934494,NA,21.8300000000017,""
299,"Male","SUCCESS",2,"mixed_RS_CG_1_40",4679,8,21600.5227018817,0.100536280204779,0.3024060928099,15.3613562432964,211.800000000003,""
300,"Female","SUCCESS",1,"RS",6025,5,24117.4959464388,0.122557040630519,-0.643661998384577,NA,21.2999999999993,""
300,"Male","SUCCESS",2,"mixed_RS_CG_1_40",4593,4,21252.4764007348,0.101541769845577,0.15097293097018,16.759004139082,194.599999999999,""
301,"Female","SUCCESS",1,"RS",6228,5,24464.9642047819,0.11785541673358,-0.570029935520888,NA,22.130000000001,""
301,"Male","SUCCESS",2,"mixed_RS_CG_1_40",4746,4,22020.8254144799,0.105289741006508,0.442016194781007,35.2427479802125,192.170000000002,""
302,"Female","SUCCESS",1,"RS",6042,5,23769.8125844395,0.118410894358443,-0.558314675435902,NA,22.130000000001,""
302,"Male","SUCCESS",2,"mixed_RS_CG_1_40",4621,10,21521.150241826,0.102378709140223,0.325431235025656,15.2721851839283,195.66,""
303,"Female","SUCCESS",1,"RS",5951,6,23439.7939644054,0.117899618604226,-0.872528016900846,NA,23.3099999999977,""
303,"Male","SUCCESS",2,"mixed_RS_CG_1_40",4449,10,20609.6516340497,0.101599671918069,0.558267010425235,16.4733778387619,186.220000000001,""
304,"Female","SUCCESS",1,"RS",6247,3,24563.1123513577,0.118105186750979,-0.630828313072022,NA,22.75,""
304,"Male","SUCCESS",2,"mixed_RS_CG_1_40",4772,4,22316.8488035734,0.104901170991965,0.199303023611117,19.5403411664651,248.880000000001,""
305,"Female","SUCCESS",1,"RS",6010,4,23962.9867471697,0.120779121384525,-0.533908885016933,NA,22.0099999999984,""
305,"Male","SUCCESS",1,"RS",4572,4,21511.8358803579,0.105398276505457,0.370683105321142,17.9382679542229,14.4799999999996,""
306,"Female","SUCCESS",1,"RS",6215,4,24586.9269945584,0.119254283053234,-0.735933353680246,NA,20.8400000000001,""
306,"Male","SUCCESS",1,"RS",4721,8,21822.2366540607,0.102673852793203,0.1927820988495,21.8258543779002,17.6699999999983,""
307,"Female","SUCCESS",1,"RS",6246,4,24641.4853264542,0.119086187919912,-0.496240068060849,NA,22.4700000000012,""
307,"Male","SUCCESS",1,"RS",4691,5,21829.9462553674,0.104522113520234,0.220556123849632,21.5147953979899,15.3900000000031,""
308,"Female","SUCCESS",1,"RS",6016,5,23845.5570030431,0.120158442352634,-0.584694859001765,NA,21.0699999999997,""
308,"Male","SUCCESS",2,"mixed_RS_CG_1_40",4590,18,21532.0832791509,0.104867048182907,0.045099353610639,17.2203131674092,170.799999999999,""
309,"Female","SUCCESS",1,"RS",6127,3,24155.9662685724,0.118902124065951,-0.722685156032252,NA,19.880000000001,""
309,"Male","SUCCESS",1,"RS",4698,2,21851.2797140466,0.103514559426894,0.362612868056736,18.8604788609523,14.3100000000013,""
310,"Female","SUCCESS",1,"RS",6120,2,24255.4483283662,0.119673894120292,-0.66860632296219,NA,19.9399999999987,""
310,"Male","SUCCESS",1,"RS",4657,8,21767.7723964447,0.105977941488618,0.32118558750604,24.5671565412784,16.1500000000015,""
311,"Female","SUCCESS",1,"RS",6225,4,24579.0923430921,0.118938104441651,-0.762043182511166,NA,20.7099999999991,""
311,"Male","SUCCESS",2,"mixed_RS_CG_1_40",4671,3,21673.413873043,0.107158109402652,0.379213175101619,88.0288651688467,168.41,""
312,"Female","SUCCESS",1,"RS",6416,5,25193.6193014706,0.117392384031843,-0.701930413076824,NA,21.7200000000012,""
312,"Male","SUCCESS",1,"RS",4799,11,22401.9201541848,0.103272512025001,0.232013285149257,17.2411182531158,21.2700000000004,""
313,"Female","SUCCESS",1,"RS",6324,5,25098.3924774259,0.120588146626169,-0.602757746696058,NA,22.9700000000012,""
313,"Male","SUCCESS",1,"RS",4755,7,22346.4583726251,0.104385717091592,0.115542557321565,15.1080521676556,16.7900000000009,""
314,"Female","SUCCESS",1,"RS",6299,4,24960.0402462057,0.120347349959283,-0.527267162483212,NA,25.5499999999993,""
314,"Male","SUCCESS",1,"RS",4764,17,22207.1962480551,0.10137837784186,0.354291506214679,13.4238084305816,23.2900000000009,""
315,"Female","SUCCESS",1,"RS",6163,4,24408.064491692,0.119577541173593,-0.691831499931472,NA,21.7099999999991,""
315,"Male","SUCCESS",1,"RS",4680,8,21673.8750750332,0.102186222139342,0.164037656467175,17.4982173549345,18.0299999999988,""
316,"Female","SUCCESS",1,"RS",6010,3,23677.9391475974,0.118712385223229,-0.546344880575838,NA,25.7200000000012,""
316,"Male","SUCCESS",1,"RS",4567,11,21338.879158838,0.106306051725726,0.423004933813388,29.3883839411327,21.0600000000013,""
317,"Female","SUCCESS",1,"RS",6062,4,23738.8289549601,0.116736029059444,-0.570198075463078,NA,22.2999999999993,""
317,"Male","SUCCESS",2,"mixed_RS_CG_1_40",4604,11,21258.47744058,0.101902415461484,0.393614560296181,20.5740624461084,187.420000000002,""
318,"Female","SUCCESS",1,"RS",6260,5,24795.2625648134,0.119303539867786,-0.833594703671388,NA,23.5599999999977,""
318,"Male","SUCCESS",1,"RS",4744,6,22122.336926638,0.102501008048526,0.35912487795556,14.8494406174167,17.7099999999991,""
319,"Female","SUCCESS",1,"RS",6352,5,25349.2371214393,0.121288568565013,-0.781648926404388,NA,23.6699999999983,""
319,"Male","SUCCESS",2,"mixed_RS_CG_1_40",4769,7,22221.9058518689,0.103128611902227,0.0474596016935808,17.0373565808881,172.030000000002,""
320,"Female","SUCCESS",1,"RS",6197,6,24622.4045484594,0.12002646320419,-0.813718992697001,NA,22.0499999999993,""
320,"Male","SUCCESS",1,"RS",4727,6,22115.9504261468,0.104307014602467,0.14769307589901,18.3990642916091,17.4799999999996,""
321,"Female","SUCCESS",1,"RS",6385,4,25302.7581799457,0.119487887973237,-0.797510707390856,NA,21.7900000000009,""
321,"Male","SUCCESS",1,"RS",4828,5,22268.3513641641,0.101937114586319,0.462031828672851,20.3103469122805,17.9900000000016,""
322,"Female","SUCCESS",1,"RS",6037,5,23955.7838743715,0.119914191782722,-0.727302866898473,NA,20.5900000000001,""
322,"Male","SUCCESS",1,"RS",4541,6,21244.4140903113,0.106144234852877,0.410288991179622,24.7148933218005,15.5699999999997,""
323,"Female","SUCCESS",1,"RS",6137,3,24268.7384145717,0.119879920087356,-0.536181850925023,NA,23,""
323,"Male","SUCCESS",1,"RS",4631,6,21540.985474313,0.102441478445869,0.3624452899579,16.0248766332412,16.4799999999996,""
324,"Female","SUCCESS",1,"RS",6173,2,24213.693849716,0.117710934884113,-0.661884892047421,NA,20.760000000002,""
324,"Male","SUCCESS",1,"RS",4678,7,21559.424216159,0.102842909408486,0.527619501305141,24.4801874828642,16.7999999999993,""
325,"Female","SUCCESS",1,"RS",5950,4,23437.7723043027,0.118366874765303,-0.746463452987368,NA,20.1100000000006,""
325,"Male","SUCCESS",1,"RS",4544,18,21031.6714475062,0.103017621052671,0.276992583604891,21.0873259689464,22.1399999999994,""
326,"Female","SUCCESS",1,"RS",6353,3,24951.7222753368,0.117856535623652,-0.615255945235488,NA,22.3899999999994,""
326,"Male","SUCCESS",1,"RS",4821,8,22406.8673020969,0.101993097827376,0.269253435573559,15.8247887247967,18.3899999999994,""
327,"Female","SUCCESS",1,"RS",6063,6,23793.2149969608,0.117236815841046,-0.737738855308568,NA,21.3799999999974,""
327,"Male","SUCCESS",1,"RS",4582,2,21369.3168510896,0.104144077963425,0.292998568168856,19.0339506622182,16.0999999999985,""
328,"Female","SUCCESS",1,"RS",6216,3,24518.6648566325,0.118731388834278,-0.791298177924246,NA,21.8599999999969,""
328,"Male","SUCCESS",1,"RS",4671,12,21793.674289142,0.10657353609771,0.316431289874985,31.5714953777232,19.4799999999996,""
329,"Female","SUCCESS",1,"RS",6211,3,24667.6754990173,0.119974170906716,-0.670634620743245,NA,21.2799999999988,""
329,"Male","SUCCESS",1,"RS",4731,7,22176.1426953744,0.104237354349292,0.224457889767968,16.1099438750506,17.6699999999983,""
330,"Female","SUCCESS",1,"RS",6018,5,23903.4154657157,0.120402487957553,-0.769787979929754,NA,23.1100000000006,""
330,"Male","SUCCESS",2,"mixed_RS_CG_1_40",4510,8,21145.2410252381,0.104936543162007,0.291456354308132,17.0622318432594,208.5,""
331,"Female","SUCCESS",1,"RS",6326,3,24981.8516654097,0.118851005686216,-0.67852480427702,NA,24.3299999999981,""
331,"Male","SUCCESS",1,"RS",4815,19,22498.9610543528,0.103424859823978,0.24745477701187,15.9120929195906,74.7400000000016,""
332,"Female","SUCCESS",1,"RS",6202,5,24506.7681043893,0.119509874264757,-0.593915067483025,NA,25.7000000000007,""
332,"Male","SUCCESS",1,"RS",4735,7,22072.6013214922,0.103746283166125,0.250142750966684,18.1596407696339,18.3899999999994,""
333,"Female","SUCCESS",1,"RS",5880,5,23231.7349066389,0.119560351471926,-0.60139498141784,NA,22.0200000000004,""
333,"Male","SUCCESS",2,"mixed_RS_CG_1_40",4430,3,20779.1107976871,0.106007168849126,0.345144257925216,20.2358951186835,210.890000000003,""
334,"Female","SUCCESS",1,"RS",6216,5,24573.6045283197,0.119518392611296,-0.640350075411623,NA,23.3099999999977,""
334,"Male","SUCCESS",1,"RS",4715,14,22058.4855469862,0.104542056823603,0.261839785716958,17.8439898949018,27.4200000000019,""
335,"Female","SUCCESS",1,"RS",6084,4,24044.318975887,0.119021121204023,-0.544110910443616,NA,22.130000000001,""
335,"Male","SUCCESS",1,"RS",4560,8,21223.2671919835,0.101457094725998,0.0566179770233972,13.8325782707186,17.1100000000006,""
336,"Female","SUCCESS",1,"RS",6281,5,24749.2414292988,0.118276647849053,-0.714617772192633,NA,23.6399999999994,""
336,"Male","SUCCESS",1,"RS",4720,8,22142.7183527343,0.10457666776473,0.266726734835299,16.0013584782216,18.4400000000023,""
337,"Female","SUCCESS",1,"RS",6229,5,24814.540763447,0.120839052023468,-0.575605222573856,NA,24.5599999999977,""
337,"Male","SUCCESS",1,"RS",4724,7,22169.6947970109,0.104160700733874,0.255957039899022,15.6074108535244,17.7099999999991,""
338,"Female","SUCCESS",1,"RS",6273,5,24616.8918478653,0.117017995388173,-0.806015470711164,NA,23.4200000000019,""
338,"Male","FAIL",3,"mixed_RS_CG_2_80_nonconverged",4721,80,22025.613036781,0.10446021729722,0.344614255565808,19.3788975839988,293.890000000003,"Did not satisfy GAMLSS convergence criterion"
339,"Female","SUCCESS",1,"RS",6446,5,25242.7195141502,0.116852732012417,-0.694958037491755,NA,23.7599999999984,""
339,"Male","SUCCESS",3,"mixed_RS_CG_2_80",4872,7,22691.5137746738,0.105031126603877,0.406906511058294,24.558142234316,270.380000000001,""
340,"Female","SUCCESS",1,"RS",6101,3,24172.3087208797,0.120004592495147,-0.632367384154764,NA,22.9399999999987,""
340,"Male","SUCCESS",1,"RS",4662,5,21716.6667342777,0.102887899557628,0.270854898026372,15.5227910301169,16.5400000000009,""
341,"Female","SUCCESS",1,"RS",6085,4,24020.8533275926,0.118823526037797,-0.59139771041253,NA,23.3600000000006,""
341,"Male","SUCCESS",3,"mixed_RS_CG_2_80",4608,31,21611.5699136743,0.105410774354867,0.352479481149796,19.5312161025786,289.849999999999,""
342,"Female","SUCCESS",1,"RS",6103,3,23972.9061227801,0.117887156779006,-0.627882081177554,NA,21.2299999999996,""
342,"Male","SUCCESS",2,"mixed_RS_CG_1_40",4615,23,21335.4537586906,0.104505721254958,0.224473254162335,29.8270019659188,261,""
343,"Female","SUCCESS",1,"RS",6111,5,24010.4198143784,0.118204884577905,-0.567062653011004,NA,22.369999999999,""
343,"Male","SUCCESS",1,"RS",4625,5,21612.5079021615,0.103954577827444,0.285463025064089,16.9124227460073,16.2299999999996,""
344,"Female","SUCCESS",1,"RS",6394,5,25265.9031987673,0.119827871711733,-0.53534838916856,NA,24.9500000000007,""
344,"Male","SUCCESS",1,"RS",4809,5,22413.3430817875,0.104950119266562,0.358675268146264,21.3446238393637,18.6500000000015,""
345,"Female","SUCCESS",1,"RS",6100,4,24085.9664070856,0.118840906019234,-0.683996774535106,NA,21.0599999999977,""
345,"Male","SUCCESS",1,"RS",4624,10,21509.5197115199,0.106833831153231,0.473716371630707,43.7341040628116,18.380000000001,""
346,"Female","SUCCESS",1,"RS",5843,5,23173.7676562969,0.119776386376807,-0.717279099627829,NA,20.3400000000001,""
346,"Male","SUCCESS",1,"RS",4430,8,20650.6969512926,0.105131159654951,0.30105545534244,23.1596765401986,16.1100000000006,""
347,"Female","SUCCESS",1,"RS",6087,5,24246.7377940082,0.12139873430975,-0.56834312489173,NA,23.9800000000032,""
347,"Male","SUCCESS",2,"mixed_RS_CG_1_40",4614,6,21627.6312158466,0.103491108401286,0.331414773011441,14.6138490307213,69.9199999999983,""
348,"Female","SUCCESS",1,"RS",6063,4,24008.9285743468,0.119860351362899,-0.695816733488553,NA,22.6399999999994,""
348,"Male","SUCCESS",1,"RS",4631,29,21582.8352833232,0.104963724615709,0.310680082111773,24.1052038890268,180.799999999999,""
349,"Female","SUCCESS",1,"RS",6162,4,24412.9409125823,0.119179812023495,-0.676803106296358,NA,23.4499999999971,""
349,"Male","SUCCESS",2,"mixed_RS_CG_1_40",4690,3,21813.3108467088,0.104591690292128,0.399167246767443,25.1038827183674,83.4500000000007,""
350,"Female","SUCCESS",1,"RS",6118,5,23989.2936322358,0.117015706877286,-0.718404233641841,NA,23.6899999999987,""
350,"Male","SUCCESS",1,"RS",4572,6,21191.7014518632,0.102415540629345,0.520658192440589,18.9752228039093,45.3400000000001,""
351,"Female","SUCCESS",1,"RS",6179,3,24550.2470985122,0.120758713624193,-0.564963974753035,NA,26.6099999999969,""
351,"Male","SUCCESS",1,"RS",4672,11,21841.2715606582,0.105027162946777,0.281549847484069,19.0738347073142,35.0400000000009,""
352,"Female","SUCCESS",1,"RS",6112,5,24171.9332098944,0.119257304451671,-0.560779135013852,NA,23.8199999999997,""
352,"Male","SUCCESS",2,"mixed_RS_CG_1_40",4592,4,21440.9385230146,0.103322443167311,0.0697646474838436,16.118953930115,197.390000000003,""
353,"Female","SUCCESS",1,"RS",6072,6,24129.0105087188,0.120890590502144,-0.469695969245006,NA,24.9399999999987,""
353,"Male","SUCCESS",2,"mixed_RS_CG_1_40",4506,9,20958.8703303076,0.103782606141921,0.239755588772598,19.4761061675506,237.98,""
354,"Female","SUCCESS",1,"RS",6209,3,24635.7392816918,0.120112011860304,-0.683651175379526,NA,23.7799999999988,""
354,"Male","SUCCESS",1,"RS",4705,7,21697.0173941728,0.103452781235053,0.442884570455716,27.4343703557753,21.5,""
355,"Female","SUCCESS",1,"RS",6563,5,26036.8657994264,0.120449843581346,-0.493068188304342,NA,29.6900000000023,""
355,"Male","SUCCESS",3,"mixed_RS_CG_2_80",4954,3,23364.126646739,0.108102635723667,0.223004662294011,23.309156319245,310.450000000001,""
356,"Female","SUCCESS",1,"RS",6159,3,24175.4872920305,0.117384427596137,-0.636356707104267,NA,25.9799999999996,""
356,"Male","SUCCESS",2,"mixed_RS_CG_1_40",4729,19,22007.218363024,0.10429088499642,0.26746987535055,21.010500188398,260.290000000001,""
357,"Female","SUCCESS",1,"RS",6489,5,25509.3379422803,0.117884569901364,-0.757370130497239,NA,28.7999999999993,""
357,"Male","SUCCESS",1,"RS",4909,15,22780.7895051978,0.103772604287218,0.503388729276533,23.0484059312048,96.9400000000023,""
358,"Female","SUCCESS",1,"RS",6050,3,23666.5800460224,0.117372842504403,-0.535504933324794,NA,28.4099999999999,""
358,"Male","SUCCESS",2,"mixed_RS_CG_1_40",4589,20,21479.7306162149,0.105905258842524,0.28339855955045,22.77968433999,271.329999999998,""
359,"Female","SUCCESS",1,"RS",5932,5,23652.4904102627,0.121339018121255,-0.602726214404607,NA,25.75,""
359,"Male","SUCCESS",2,"mixed_RS_CG_1_40",4448,12,20572.2401460714,0.105169481225367,0.688029726954679,40.2038374765876,308.560000000001,""
360,"Female","SUCCESS",1,"RS",6185,4,24592.8032640813,0.120442757157395,-0.719356855465182,NA,26.2900000000009,""
360,"Male","SUCCESS",3,"mixed_RS_CG_2_80",4623,17,21499.5050379459,0.101114538093611,0.146289665275955,13.7931759037692,326.360000000001,""
361,"Female","SUCCESS",1,"RS",6188,4,24491.9054375561,0.118778360674532,-0.726512302760244,NA,25.1700000000019,""
361,"Male","SUCCESS",3,"mixed_RS_CG_2_80",4700,17,21703.6583903119,0.101061574424458,0.331379838421234,17.0923895315113,278.139999999999,""
362,"Female","SUCCESS",1,"RS",6218,5,24628.3277634233,0.120074099638058,-0.59915682871953,NA,29.7000000000007,""
362,"Male","SUCCESS",3,"mixed_RS_CG_2_80",4722,3,22053.8980869759,0.104493988267533,0.334488845911276,18.7744259903458,306.950000000001,""
363,"Female","SUCCESS",1,"RS",6241,4,24341.420221892,0.116303571853323,-0.559639629386628,NA,24.3499999999985,""
363,"Male","SUCCESS",1,"RS",4723,16,21965.6632917771,0.103877114395234,0.122672618613235,20.694703018002,46.8899999999994,""
364,"Female","SUCCESS",1,"RS",6094,3,24064.2238379047,0.119255354173363,-0.592552294103269,NA,22.7700000000004,""
364,"Male","SUCCESS",2,"mixed_RS_CG_1_40",4605,3,21582.2619866112,0.106129541690213,0.331595756734514,22.8796328602736,156.48,""
365,"Female","SUCCESS",1,"RS",6031,5,23453.6753553259,0.11545659008121,-0.74629353738784,NA,24.3400000000001,""
365,"Male","SUCCESS",2,"mixed_RS_CG_1_40",4506,3,20952.7705761808,0.102961218153536,0.330603313844873,17.3258207666003,160.399999999998,""
366,"Female","SUCCESS",1,"RS",6330,4,25171.4873533544,0.120349830480642,-0.611061939583957,NA,25.9699999999975,""
366,"Male","SUCCESS",2,"mixed_RS_CG_1_40",4768,39,22238.6067420453,0.103407105838283,0.105614378968496,16.1486298181246,239.84,""
367,"Female","SUCCESS",1,"RS",6273,5,24637.0583506946,0.117758023380802,-0.764142815298845,NA,29.6100000000006,""
367,"Male","SUCCESS",1,"RS",4754,8,21958.1736858207,0.102780205250381,0.281302876491881,25.2066116789793,20.1399999999994,""
368,"Female","SUCCESS",1,"RS",6197,5,24445.1962861709,0.119106028530998,-0.591191684182089,NA,30.9500000000007,""
368,"Male","SUCCESS",1,"RS",4687,6,21899.3208371472,0.103800602885634,0.239635100121061,15.8078365032352,16.7700000000004,""
369,"Female","SUCCESS",1,"RS",6320,4,24917.9345567113,0.118535066401461,-0.678363079661043,NA,21.2299999999996,""
369,"Male","SUCCESS",1,"RS",4776,8,22183.8418383864,0.104845266331059,0.254931286290924,26.4129180500291,18.6700000000019,""
370,"Female","SUCCESS",1,"RS",6099,3,24228.0243665688,0.120022966465012,-0.767820741289816,NA,20.3199999999997,""
370,"Male","SUCCESS",1,"RS",4546,9,21204.4696101784,0.102955892310836,0.0265552713694945,16.0807620082951,17.75,""
371,"Female","SUCCESS",1,"RS",6183,5,24478.099094605,0.118940280788445,-0.857571042410082,NA,21.3999999999978,""
371,"Male","SUCCESS",1,"RS",4672,9,21748.4621458443,0.104820890619445,0.0834971136035134,24.7141873756637,17.7599999999984,""
372,"Female","SUCCESS",1,"RS",6397,6,25196.1972593116,0.117815379391872,-0.880840499238446,NA,25.8999999999978,""
372,"Male","SUCCESS",2,"mixed_RS_CG_1_40",4808,15,22256.0942894812,0.103477371370935,0.346875814724988,25.4310151596306,207.989999999998,""
373,"Female","SUCCESS",1,"RS",6156,5,24331.7213866182,0.119745704725658,-0.497361306521165,NA,27.9300000000003,""
373,"Male","SUCCESS",2,"mixed_RS_CG_1_40",4659,11,21848.1488026416,0.106779002635271,0.161195341432153,25.4994723333569,212.189999999999,""
374,"Female","SUCCESS",1,"RS",6131,4,24294.3101823304,0.119501288233353,-0.728782375768521,NA,23.8199999999997,""
374,"Male","SUCCESS",1,"RS",4629,8,21409.0505624135,0.102921555916762,0.566788983398215,26.4088045272426,20,""
375,"Female","SUCCESS",1,"RS",6052,6,23757.1260862842,0.117255315745616,-0.781656319809388,NA,24.0499999999993,""
375,"Male","SUCCESS",1,"RS",4592,6,21398.9403395023,0.102806543453,0.238800724268168,16.5527572994363,17.7999999999993,""
376,"Female","SUCCESS",1,"RS",6270,5,24824.3341094352,0.11938947478222,-0.731578474334062,NA,22.510000000002,""
376,"Male","SUCCESS",1,"RS",4708,9,21753.8999771147,0.103937018383777,0.513503007424815,34.528228516466,18.6100000000006,""
377,"Female","SUCCESS",1,"RS",6124,3,24060.4377840977,0.118233342758532,-0.621331120226486,NA,21.75,""
377,"Male","SUCCESS",1,"RS",4584,8,21366.436323984,0.105414053639465,0.287551074361676,24.6492553820914,18.4400000000023,""
378,"Female","SUCCESS",1,"RS",6110,4,24165.5740688506,0.119144727975308,-0.581460735178451,NA,22.0999999999985,""
378,"Male","SUCCESS",2,"mixed_RS_CG_1_40",4588,3,21446.9655212557,0.104764912175726,0.247716639759119,18.9579772504206,31.4399999999987,""
379,"Female","SUCCESS",1,"RS",5993,4,23732.3115788794,0.1203222903401,-0.541063364315204,NA,27.6100000000006,""
379,"Male","SUCCESS",1,"RS",4565,11,21247.9449822103,0.10249691282907,0.286297424024903,15.1318818092285,20.6399999999994,""
380,"Female","SUCCESS",1,"RS",6080,4,24038.5610336223,0.119353360184018,-0.589030907880408,NA,28.0599999999977,""
380,"Male","SUCCESS",1,"RS",4525,5,21228.7198616627,0.105886249155779,0.326124978745107,21.2104828935241,18,""
381,"Female","SUCCESS",1,"RS",6128,5,23927.2713218506,0.116013260187585,-0.751450510697868,NA,24.3299999999981,""
381,"Male","SUCCESS",3,"mixed_RS_CG_2_80",4575,11,21204.2934133317,0.101168592182639,0.176869843091579,15.0606686019496,216.389999999999,""
382,"Female","SUCCESS",1,"RS",6206,6,24580.1076784602,0.119467363792772,-0.772837435873838,NA,24.9099999999999,""
382,"Male","SUCCESS",1,"RS",4716,5,21983.7809562841,0.102648629065805,0.170978956545677,15.0201850622989,15.9300000000003,""
383,"Female","SUCCESS",1,"RS",5999,5,23592.2791262304,0.117701758910916,-0.769824714779377,NA,20.1800000000003,""
383,"Male","SUCCESS",1,"RS",4558,10,21140.7736232629,0.107057383189724,0.394622962963626,87.412554555657,16.2299999999996,""
384,"Female","SUCCESS",1,"RS",6312,3,25036.299210021,0.119542292976965,-0.709088372819417,NA,21.0200000000004,""
384,"Male","SUCCESS",1,"RS",4769,3,22200.9557247923,0.103708812679526,0.227190843033402,20.2047180436069,28.5900000000001,""
385,"Female","SUCCESS",1,"RS",6371,3,25181.8958258516,0.119717297016383,-0.671547797212062,NA,21,""
385,"Male","SUCCESS",1,"RS",4802,21,22133.2835001097,0.104047527471543,0.429447897981162,36.6768178241872,35.5200000000004,""
386,"Female","SUCCESS",1,"RS",6038,5,23834.6754050082,0.118635649388967,-0.789309798461941,NA,21.9500000000007,""
386,"Male","SUCCESS",2,"mixed_RS_CG_1_40",4558,4,21000.5996099121,0.10280306650992,0.306465774208285,26.3690989163647,33.25,""
387,"Female","SUCCESS",1,"RS",6173,2,24563.2550933872,0.120780288119163,-0.672171207865897,NA,21.6699999999983,""
387,"Male","SUCCESS",1,"RS",4636,4,21636.7017874559,0.104696045751808,0.460324761100243,21.2806906319478,16.6599999999999,""
388,"Female","SUCCESS",1,"RS",6136,5,24285.8821776051,0.119609152806478,-0.532279151757829,NA,22.1100000000006,""
388,"Male","SUCCESS",1,"RS",4665,4,21874.4320913268,0.105814319684157,0.366252109628631,20.2008555899175,16.2000000000007,""
389,"Female","SUCCESS",1,"RS",6072,5,24260.4235284069,0.121421573249236,-0.642331473258162,NA,21.8400000000001,""
389,"Male","SUCCESS",2,"mixed_RS_CG_1_40",4612,7,21586.2528836057,0.102095199796096,0.267382804735965,12.6208981185104,99.8799999999974,""
390,"Female","SUCCESS",1,"RS",6151,4,24087.4281976897,0.117205529086429,-0.67860235652112,NA,22.7799999999988,""
390,"Male","SUCCESS",2,"mixed_RS_CG_1_40",4582,3,21454.3076608016,0.105748789434763,0.373350803321244,21.043867488629,152.880000000001,""
391,"Female","SUCCESS",1,"RS",6374,6,25152.1512519777,0.118252462048483,-0.803187485220929,NA,24.2599999999984,""
391,"Male","SUCCESS",1,"RS",4800,8,22310.7186545301,0.104572281635201,0.397755025667913,24.9071292285824,18.8299999999981,""
392,"Female","SUCCESS",1,"RS",6076,5,23818.7400872833,0.116992117091718,-0.759837733697417,NA,22.2099999999991,""
392,"Male","SUCCESS",1,"RS",4670,13,21598.111453953,0.101903420261566,0.287064399250289,18.6920056850722,33.1899999999987,""
393,"Female","SUCCESS",1,"RS",6274,5,24755.8858604868,0.118678729938394,-0.743410999940831,NA,22.5099999999984,""
393,"Male","SUCCESS",1,"RS",4751,7,22262.8412870019,0.106727044264064,0.339051934980271,24.6152442526023,16.9200000000019,""
394,"Female","SUCCESS",1,"RS",5923,4,23174.9144885975,0.117286192501747,-0.564894880972436,NA,19.6800000000003,""
394,"Male","FAIL",3,"mixed_RS_CG_2_80_nonconverged",4481,80,20777.0092098102,0.105935279759404,0.319303777889848,38.6373676227009,234.849999999999,"Did not satisfy GAMLSS convergence criterion"
395,"Female","SUCCESS",1,"RS",6209,3,24469.7461614328,0.118535473862777,-0.827177542464957,NA,23.7000000000007,""
395,"Male","SUCCESS",1,"RS",4696,4,21719.5125273302,0.102443243819661,0.3562473489008,19.2794892011062,15.6500000000015,""
396,"Female","SUCCESS",1,"RS",6025,6,23714.3133990029,0.117502464437152,-0.922703035022703,NA,22.7700000000004,""
396,"Male","SUCCESS",2,"mixed_RS_CG_1_40",4571,12,21362.8270793789,0.108122709582272,0.18760775873723,46.9867013070472,157.59,""
397,"Female","SUCCESS",1,"RS",6393,3,25439.8650736393,0.120752232991736,-0.636546852707063,NA,23.0900000000001,""
397,"Male","SUCCESS",1,"RS",4808,10,22296.3769565968,0.103646526566141,0.516244311905431,21.2549374400004,64.0799999999981,""
398,"Female","SUCCESS",1,"RS",6277,3,24714.0464093936,0.118265854714714,-0.688361060654654,NA,22.1399999999994,""
398,"Male","SUCCESS",1,"RS",4793,16,22391.8746110773,0.102932183403595,0.160370913698062,15.0285476824518,139.389999999999,""
399,"Female","SUCCESS",1,"RS",6123,3,24284.5477865493,0.119804376839067,-0.75820385438562,NA,21.4300000000003,""
399,"Male","SUCCESS",1,"RS",4626,7,21521.6256547417,0.101988475970281,0.251603725247013,15.5148602688245,17.1599999999999,""
400,"Female","SUCCESS",1,"RS",6086,5,23927.1536941824,0.118331765760937,-0.520183450623439,NA,25.0800000000017,""
400,"Male","SUCCESS",2,"mixed_RS_CG_1_40",4570,3,21433.1137438194,0.103398739226398,0.146996984441707,14.3283279730386,153.43,""
401,"Female","SUCCESS",1,"RS",6123,4,24037.7015167173,0.117334638056486,-0.64508391948694,NA,22.119999999999,""
401,"Male","SUCCESS",3,"mixed_RS_CG_2_80",4613,73,21546.0325911104,0.102765989229546,0.111403065875563,14.8610884935128,312.66,""
402,"Female","SUCCESS",1,"RS",6200,6,24467.5047934936,0.118287364486238,-0.877592267048702,NA,25.5300000000025,""
402,"Male","SUCCESS",2,"mixed_RS_CG_1_40",4677,12,21542.5016840143,0.102818208159052,0.317493578097929,28.0856580402988,249.329999999998,""
403,"Female","SUCCESS",1,"RS",6131,4,24030.6898349819,0.117471261394828,-0.669993993434711,NA,23.6100000000006,""
403,"Male","SUCCESS",2,"mixed_RS_CG_1_40",4558,12,21293.4475202665,0.105361508498689,0.310774347974256,22.9792644632909,136.779999999999,""
404,"Female","SUCCESS",1,"RS",6229,4,24651.9693580567,0.119760782585708,-0.642466360761478,NA,21.8299999999981,""
404,"Male","SUCCESS",1,"RS",4720,10,21970.1118691628,0.103868275036584,0.351155648521274,20.1141449853302,20.2200000000012,""
405,"Female","SUCCESS",1,"RS",6029,3,23540.7585900497,0.116587630265331,-0.57321202721798,NA,20.7799999999988,""
405,"Male","SUCCESS",1,"RS",4489,13,20832.9699134292,0.103901077561139,0.396429327875734,21.5102046742057,23.1100000000006,""
406,"Female","SUCCESS",1,"RS",6299,5,24858.3722598103,0.118827135291355,-0.700302014720442,NA,22.7999999999993,""
406,"Male","SUCCESS",1,"RS",4761,14,22193.175174752,0.103807532927748,0.173592801536311,18.5036587456459,74.6899999999987,""
407,"Female","SUCCESS",1,"RS",6223,5,24404.968460692,0.117380748087308,-0.750513280686533,NA,22.3400000000001,""
407,"Male","FAIL",3,"mixed_RS_CG_2_80_nonconverged",4706,80,21851.0362446318,0.101540153669395,0.327189465991715,15.2693894696602,258.970000000001,"Did not satisfy GAMLSS convergence criterion"
408,"Female","SUCCESS",1,"RS",6258,6,24943.6090868417,0.120434554853562,-0.823795233219457,NA,23.3500000000022,""
408,"Male","SUCCESS",1,"RS",4709,27,21844.4943682795,0.102531048291218,0.143762589099332,18.5411296330276,29.3600000000006,""
409,"Female","SUCCESS",1,"RS",6005,4,23557.5225626744,0.117292093410307,-0.774472568071348,NA,20.9799999999996,""
409,"Male","SUCCESS",1,"RS",4529,9,21181.8074080934,0.104496087925042,0.102392841887207,17.0304400289355,17.7700000000004,""
410,"Female","SUCCESS",1,"RS",6139,6,24105.6456329794,0.117180696050184,-0.829346480440954,NA,23.6599999999999,""
410,"Male","SUCCESS",1,"RS",4627,11,21265.6646178035,0.0987116293228836,0.4373436697521,13.7743429684382,95.9300000000003,""
411,"Female","SUCCESS",1,"RS",6073,4,23923.4910981432,0.118762999844204,-0.590909934633485,NA,20.5900000000001,""
411,"Male","SUCCESS",1,"RS",4617,6,21692.8401372278,0.106252411238647,0.1450759088013,21.5567704678507,16.6099999999969,""
412,"Female","SUCCESS",1,"RS",6033,5,24015.8569385152,0.121402287915492,-0.50627621175414,NA,22.9000000000015,""
412,"Male","SUCCESS",2,"mixed_RS_CG_1_40",4575,11,21377.0333687768,0.105713424054097,0.126003255206868,21.7722321474371,208.170000000002,""
413,"Female","SUCCESS",1,"RS",6213,3,24546.4173832247,0.118870347347939,-0.624108183144498,NA,20.5800000000017,""
413,"Male","SUCCESS",1,"RS",4649,3,21651.346603186,0.104134139167962,0.290512198546095,19.7057569337397,13.8600000000006,""
414,"Female","SUCCESS",1,"RS",6304,4,24776.5501686132,0.117848473143279,-0.777988048703935,NA,21.7700000000004,""
414,"Male","SUCCESS",1,"RS",4737,7,22146.5330644991,0.102876730183129,0.253853741719159,14.039675099438,16.7200000000012,""
415,"Female","SUCCESS",1,"RS",6204,4,24550.4592503476,0.119621955856097,-0.606274763078759,NA,21.9099999999999,""
415,"Male","SUCCESS",2,"mixed_RS_CG_1_40",4663,3,21532.6757171915,0.101695652174627,0.255142428997594,18.2376240533148,114.009999999998,""
416,"Female","SUCCESS",1,"RS",6230,3,24568.3454058843,0.118659555051042,-0.620210144986999,NA,21.5200000000004,""
416,"Male","SUCCESS",1,"RS",4719,7,22082.4937483177,0.103829820079107,0.125063048142105,15.7676693399262,17.1700000000019,""
417,"Female","SUCCESS",1,"RS",6225,6,24708.1854360461,0.120646095070665,-0.516640063592817,NA,24.260000000002,""
417,"Male","SUCCESS",2,"mixed_RS_CG_1_40",4736,3,22072.139486752,0.104243336396286,0.208412556811274,18.329709202329,64.75,""
418,"Female","SUCCESS",1,"RS",6063,4,23932.8957516226,0.119592092517562,-0.504850073356872,NA,23.3300000000017,""
418,"Male","SUCCESS",1,"RS",4624,5,21699.3381577481,0.106031706341199,0.419302226463116,20.9598604913056,15.8100000000013,""
419,"Female","SUCCESS",1,"RS",6307,5,25059.422386615,0.119763760414056,-0.747511650678582,NA,21.6599999999999,""
419,"Male","SUCCESS",1,"RS",4736,8,22051.2249430998,0.10211642544434,0.244791840247355,15.2242167599784,16.8899999999994,""
420,"Female","SUCCESS",1,"RS",6184,3,24424.3772339755,0.119232674490179,-0.633065349096429,NA,20.9700000000012,""
420,"Male","SUCCESS",2,"mixed_RS_CG_1_40",4675,6,21580.3407722336,0.102372628487829,0.337906975624129,20.5689013430332,196.110000000001,""
421,"Female","SUCCESS",1,"RS",6164,5,24317.9486023255,0.119116702943554,-0.426713288887175,NA,21.3299999999981,""
421,"Male","SUCCESS",1,"RS",4667,6,21744.8855858586,0.102441746738705,0.252666008432623,14.6806002030431,15.4200000000019,""
422,"Female","SUCCESS",1,"RS",6179,5,24558.3141738249,0.120389302073246,-0.513897083611885,NA,21.510000000002,""
422,"Male","SUCCESS",1,"RS",4671,9,21644.1408539502,0.103602576316804,0.388908613118491,24.3107672203426,16.9399999999987,""
423,"Female","SUCCESS",1,"RS",6198,4,24555.3892449813,0.119886040826027,-0.604075515983757,NA,23.1100000000006,""
423,"Male","SUCCESS",1,"RS",4656,24,21660.5496171907,0.103923191426398,0.3157316198958,20.195787298134,26.0900000000001,""
424,"Female","SUCCESS",1,"RS",6309,3,24983.6029870448,0.119658533909267,-0.760907428248682,NA,21.4700000000012,""
424,"Male","SUCCESS",2,"mixed_RS_CG_1_40",4763,3,22080.8256890596,0.101752297238718,0.251918151089902,16.7191863083773,149.670000000002,""
425,"Female","SUCCESS",1,"RS",6053,4,24006.5087351713,0.119828291763632,-0.58270871084281,NA,22.4500000000007,""
425,"Male","SUCCESS",2,"mixed_RS_CG_1_40",4618,5,21687.3652240734,0.103839829609349,0.103156571186014,14.8344276628414,288.110000000001,""
426,"Female","SUCCESS",1,"RS",5939,5,23459.0285545921,0.11884373637932,-0.705390411167095,NA,22.0699999999997,""
426,"Male","SUCCESS",2,"mixed_RS_CG_1_40",4436,3,20668.5307028458,0.10381089674534,0.238400999684373,20.0262631438095,110.670000000002,""
427,"Female","SUCCESS",1,"RS",6096,4,24139.1125851824,0.119740306902787,-0.606063021050258,NA,22.4599999999991,""
427,"Male","FAIL",3,"mixed_RS_CG_2_80_nonconverged",4660,80,21760.5690822249,0.104039888722477,0.332390365472227,17.5262180107738,315.759999999998,"Did not satisfy GAMLSS convergence criterion"
428,"Female","SUCCESS",1,"RS",6368,4,25266.8922098345,0.119843968463358,-0.693731953755615,NA,23.5499999999993,""
428,"Male","SUCCESS",3,"mixed_RS_CG_2_80",4809,61,22536.7957091198,0.108136396200239,0.201228294686302,36.2533929612782,266.82,""
429,"Female","SUCCESS",1,"RS",6293,5,24913.3385514816,0.119244408250128,-0.583901251450811,NA,23.8400000000001,""
429,"Male","SUCCESS",1,"RS",4785,8,22341.6144751395,0.105757318515121,0.367828323097406,24.6789004623912,18.9399999999987,""
430,"Female","SUCCESS",1,"RS",6132,5,24061.2182173554,0.117648757317897,-0.516345523653083,NA,22.6899999999987,""
430,"Male","SUCCESS",1,"RS",4697,6,22042.6755363931,0.104282601512799,0.0843440130834763,15.8982135052384,17.5300000000025,""
431,"Female","SUCCESS",1,"RS",6192,5,24326.9055921188,0.117989497181307,-0.691298356884829,NA,25.1800000000003,""
431,"Male","SUCCESS",2,"mixed_RS_CG_1_40",4728,4,21834.771019783,0.101859680423147,0.263880404480383,18.9465214906784,72.7700000000004,""
432,"Female","SUCCESS",1,"RS",6100,5,24302.0495070712,0.121051798434754,-0.498023884673569,NA,21.0900000000001,""
432,"Male","SUCCESS",1,"RS",4643,2,21687.0823152057,0.105196414616457,0.353531867155445,19.9808447237321,17.4399999999987,""
433,"Female","SUCCESS",1,"RS",6162,3,24267.9473616898,0.118246586772377,-0.620109721594344,NA,21.5400000000009,""
433,"Male","SUCCESS",1,"RS",4665,5,21849.712331695,0.104938998571159,0.111711523265242,18.6986822082665,16.7200000000012,""
434,"Female","SUCCESS",1,"RS",6180,5,24422.5738433857,0.118493908174385,-0.77626709648293,NA,21.4499999999971,""
434,"Male","SUCCESS",1,"RS",4673,7,21851.2899198182,0.1054217491133,0.288556334943955,21.0359322388373,17.130000000001,""
435,"Female","SUCCESS",1,"RS",6315,5,25100.3134349143,0.120107686828705,-0.842618198074195,NA,24.7200000000012,""
435,"Male","SUCCESS",2,"mixed_RS_CG_1_40",4837,3,22521.6285584113,0.104182001781194,0.251536700751811,22.664848687193,184.010000000002,""
436,"Female","SUCCESS",1,"RS",6174,4,24342.3074623404,0.118491109958487,-0.688615420274913,NA,24.1999999999971,""
436,"Male","SUCCESS",1,"RS",4672,8,21678.4488282196,0.104839857234925,0.426141294620307,28.7120539642108,18.5,""
437,"Female","SUCCESS",1,"RS",6254,4,24881.6493141685,0.120343934242742,-0.601957896781999,NA,24.5299999999988,""
437,"Male","SUCCESS",1,"RS",4741,4,22138.4035322666,0.104791683981933,0.559261504529299,20.8881794438816,17.7299999999996,""
438,"Female","SUCCESS",1,"RS",6144,4,24137.8548384685,0.117713112983229,-0.692010400212771,NA,23.9900000000016,""
438,"Male","FAIL",3,"mixed_RS_CG_2_80_nonconverged",4642,80,21650.6133822762,0.104396465235331,0.150778643172207,19.7029705449014,298.279999999999,"Did not satisfy GAMLSS convergence criterion"
439,"Female","SUCCESS",1,"RS",6095,4,24372.3539666701,0.122000525603446,-0.708542552150258,NA,26.739999999998,""
439,"Male","SUCCESS",2,"mixed_RS_CG_1_40",4577,27,21340.3340385261,0.104617250510822,0.274604660052989,21.6369603573861,287.600000000002,""
440,"Female","SUCCESS",1,"RS",6221,5,24577.7665553257,0.119034459223592,-0.579051064677422,NA,26.5299999999988,""
440,"Male","SUCCESS",2,"mixed_RS_CG_1_40",4708,3,21915.839071186,0.10437067435547,0.393386160973707,20.9726624128469,255.610000000001,""
441,"Female","SUCCESS",1,"RS",6164,3,24511.2032745976,0.11992209416387,-0.748062612364337,NA,22.9500000000007,""
441,"Male","SUCCESS",1,"RS",4652,8,21758.4281240798,0.105635449276248,0.289990244131104,23.399846558354,61.5699999999997,""
442,"Female","SUCCESS",1,"RS",6171,5,24449.2910812884,0.119392182757494,-0.814058163984978,NA,22.5199999999968,""
442,"Male","SUCCESS",1,"RS",4622,8,21417.4479085299,0.104214297163486,0.413079209377128,24.9852429486586,17.7999999999993,""
443,"Female","SUCCESS",1,"RS",6191,5,24497.9643043788,0.118784165603226,-0.848449438249892,NA,22.8100000000013,""
443,"Male","SUCCESS",1,"RS",4701,8,22116.6387631333,0.105735373598708,0.198486118694781,17.8098849203044,19.25,""
444,"Female","SUCCESS",1,"RS",6108,3,24229.9586488142,0.120110809439674,-0.646702041704742,NA,22.0900000000001,""
444,"Male","SUCCESS",2,"mixed_RS_CG_1_40",4663,3,21909.5034220359,0.107149399242149,0.195594131912092,23.2511667123806,50.0699999999997,""
445,"Female","SUCCESS",1,"RS",6253,3,24635.9516861345,0.118206286011326,-0.566709532471589,NA,22.5999999999985,""
445,"Male","SUCCESS",1,"RS",4711,7,21888.4744371818,0.103734466411236,0.353134868123334,21.300853307886,19.5799999999981,""
446,"Female","SUCCESS",1,"RS",6021,4,23815.4214029966,0.118985799815129,-0.693745416740583,NA,21.869999999999,""
446,"Male","SUCCESS",1,"RS",4522,30,21074.8987593329,0.104722396878657,0.352347699778615,21.9075177527643,51.8700000000026,""
447,"Female","SUCCESS",1,"RS",6088,5,24061.8871130059,0.118795974991204,-0.745895116096631,NA,22.0999999999985,""
447,"Male","SUCCESS",1,"RS",4636,3,21659.1090917586,0.104613258301521,0.412342096380171,18.9402240604923,16.1599999999999,""
448,"Female","SUCCESS",1,"RS",6240,5,24619.1449805476,0.118742258582802,-0.800455565553837,NA,22.9500000000007,""
448,"Male","SUCCESS",2,"mixed_RS_CG_1_40",4704,3,22005.6139812383,0.105510779838418,0.343871684984942,21.0728465727482,29.1399999999994,""
449,"Female","SUCCESS",1,"RS",6193,4,24491.5850603867,0.119465617457836,-0.676066277218138,NA,22.1499999999978,""
449,"Male","SUCCESS",1,"RS",4612,4,21507.3539183799,0.104158037638728,0.364551748529352,18.1946308121164,16.5999999999985,""
450,"Female","SUCCESS",1,"RS",6122,5,24374.3164091854,0.120991345501201,-0.520510728095536,NA,22.2000000000007,""
450,"Male","SUCCESS",1,"RS",4629,8,21750.6683399463,0.107687883544074,0.458996156373014,26.3542790027237,17.3100000000013,""
451,"Female","SUCCESS",1,"RS",6192,3,24726.7030821684,0.12112487799846,-0.638530788677421,NA,22.1899999999987,""
451,"Male","SUCCESS",2,"mixed_RS_CG_1_40",4636,4,21573.0662806205,0.102349246520112,0.380393921013159,15.8352167140766,120.619999999999,""
452,"Female","SUCCESS",1,"RS",6364,5,24988.4213679798,0.117471207991185,-0.742426843640863,NA,23.1399999999994,""
452,"Male","SUCCESS",2,"mixed_RS_CG_1_40",4827,4,22298.0864065559,0.10427300299744,0.334788200178434,32.0760553474699,116.940000000002,""
453,"Female","SUCCESS",1,"RS",6205,3,24575.5723196252,0.119795957398628,-0.649896444922431,NA,22.5500000000029,""
453,"Male","SUCCESS",1,"RS",4675,12,21693.5977031971,0.104680945489214,0.325698996918979,27.8808499795705,30.9799999999996,""
454,"Female","SUCCESS",1,"RS",5932,4,23264.8406897534,0.117473297748926,-0.679934422362826,NA,21.2999999999993,""
454,"Male","SUCCESS",1,"RS",4550,6,21164.5074267191,0.102090706552449,0.057348150687544,15.8146974322929,16.4500000000007,""
455,"Female","SUCCESS",1,"RS",6090,5,24007.678002186,0.118306431452166,-0.500523549517836,NA,22.7700000000004,""
455,"Male","SUCCESS",2,"mixed_RS_CG_1_40",4632,3,21504.3881686566,0.104007290106946,0.400075142188248,21.9206417103654,49.75,""
456,"Female","SUCCESS",1,"RS",6093,3,24016.5284442103,0.119016836013027,-0.636055494859695,NA,23.5499999999993,""
456,"Male","SUCCESS",1,"RS",4601,9,21437.5042626926,0.104557354258608,0.00975106802753389,20.6910842130003,17.9000000000015,""
457,"Female","SUCCESS",1,"RS",6165,5,24478.9261123722,0.119914228425715,-0.548643221721007,NA,22.9499999999971,""
457,"Male","SUCCESS",2,"mixed_RS_CG_1_40",4691,6,21767.9849928622,0.10361445842302,0.158774784263758,23.2087598021775,199.349999999999,""
458,"Female","SUCCESS",1,"RS",6074,5,23985.2763700024,0.119007537755151,-0.536947402819685,NA,23.0799999999981,""
458,"Male","SUCCESS",1,"RS",4591,22,21517.9159336139,0.105483639631049,0.277774947801355,18.1535521762694,126.950000000001,""
459,"Female","SUCCESS",1,"RS",6108,5,23983.3182752969,0.11770652070864,-0.665680612818517,NA,23.3400000000001,""
459,"Male","SUCCESS",1,"RS",4645,9,21838.5453187099,0.106845096752994,0.252399731670252,22.9307117411369,18.5199999999968,""
460,"Female","SUCCESS",1,"RS",5998,3,23664.713824769,0.11874232189763,-0.640362577416402,NA,21.3899999999994,""
460,"Male","SUCCESS",3,"mixed_RS_CG_2_80",4621,40,21602.9033664799,0.104741456812782,0.203856263700245,18.9751633711189,271.450000000001,""
461,"Female","SUCCESS",1,"RS",6136,5,24068.167854493,0.117312221035857,-0.709353960930269,NA,22.4599999999991,""
461,"Male","SUCCESS",2,"mixed_RS_CG_1_40",4649,36,21736.7056679154,0.103942723128178,0.282662619015968,16.9397577188427,241.359999999997,""
462,"Female","SUCCESS",1,"RS",6200,4,24445.3486826299,0.118441055183588,-0.555920509772238,NA,22.380000000001,""
462,"Male","SUCCESS",1,"RS",4718,9,22128.2631895306,0.103206748190749,0.414879996095495,14.3250801106017,20.8499999999985,""
463,"Female","SUCCESS",1,"RS",6262,5,24862.4455109318,0.119635006725618,-0.792417872786889,NA,23.4399999999987,""
463,"Male","SUCCESS",1,"RS",4694,12,21970.4714871702,0.107918345278483,0.0450678851549364,39.1810854480396,20.9900000000016,""
464,"Female","SUCCESS",1,"RS",6206,5,24551.6241311736,0.119357224892246,-0.795075931776947,NA,25.0999999999985,""
464,"Male","SUCCESS",1,"RS",4753,8,21959.668667824,0.103598635232746,0.612629723191585,28.4518731004143,18.4300000000003,""
465,"Female","SUCCESS",1,"RS",6268,4,24842.8414229619,0.119601290097806,-0.725043481040971,NA,22.9700000000012,""
465,"Male","SUCCESS",2,"mixed_RS_CG_1_40",4729,3,22093.6015260914,0.105526924219242,0.395105546747723,22.693502569051,35.2599999999984,""
466,"Female","SUCCESS",1,"RS",5930,3,23337.9320681632,0.117944102281484,-0.691463136127006,NA,21.5499999999993,""
466,"Male","SUCCESS",1,"RS",4550,9,21123.4296113092,0.105664502999535,0.277354006076731,36.573814736143,17.119999999999,""
467,"Female","SUCCESS",1,"RS",6171,3,24306.2758439154,0.118556364777875,-0.656074916563567,NA,21.1399999999994,""
467,"Male","SUCCESS",2,"mixed_RS_CG_1_40",4705,27,21885.9355153872,0.102895484060865,0.292297712623172,16.634165535648,235.57,""
468,"Female","SUCCESS",1,"RS",6328,4,25125.7845382052,0.120018743917215,-0.748621232898209,NA,22.2000000000007,""
468,"Male","SUCCESS",1,"RS",4758,7,22096.004133318,0.103498937225331,0.5191602584999,22.0198060048484,17.9799999999996,""
469,"Female","SUCCESS",1,"RS",6084,5,24149.8770446217,0.120527580860303,-0.754321956729844,NA,24.369999999999,""
469,"Male","SUCCESS",1,"RS",4622,4,21344.703679123,0.102172925241257,0.400547695465593,20.5661888315421,18.7199999999975,""
470,"Female","SUCCESS",1,"RS",6196,3,24629.8391144959,0.120288124220289,-0.681016660832547,NA,21.369999999999,""
470,"Male","SUCCESS",1,"RS",4778,8,22301.4897622182,0.102684198284786,0.45184278895226,15.526516838532,17.9599999999991,""
471,"Female","SUCCESS",1,"RS",6239,3,24620.0346087522,0.118400698098776,-0.754317321037653,NA,21.630000000001,""
471,"Male","SUCCESS",1,"RS",4739,4,22151.3503387035,0.104623451517395,0.173604637197732,19.2816816764769,16.0799999999981,""
472,"Female","SUCCESS",1,"RS",6346,5,24986.5181528923,0.118177383441926,-0.542719987428415,NA,22.2900000000009,""
472,"Male","SUCCESS",1,"RS",4735,5,22079.8902244954,0.103376938831886,0.133343871113217,18.1365692485835,16.5999999999985,""
473,"Female","SUCCESS",1,"RS",6057,5,24039.4769237208,0.119772860155025,-0.704323077869095,NA,20.5600000000013,""
473,"Male","SUCCESS",1,"RS",4532,4,21073.6863371677,0.103006694569214,0.335503540005898,18.6560862485937,16.260000000002,""
474,"Female","SUCCESS",1,"RS",6371,5,25056.4440197734,0.118005463605128,-0.772142727299931,NA,23.4099999999999,""
474,"Male","SUCCESS",2,"mixed_RS_CG_1_40",4801,13,22316.9170875186,0.104937767218626,0.341521023060987,26.4710968983789,227.900000000001,""
475,"Female","SUCCESS",1,"RS",6134,5,24080.9422403445,0.117834357700902,-0.717891774548201,NA,22.25,""
475,"Male","SUCCESS",2,"mixed_RS_CG_1_40",4726,3,22041.2594762565,0.106541431259569,0.560596215276288,35.7169323687945,132.860000000001,""
476,"Female","SUCCESS",1,"RS",6111,5,24280.2554184519,0.120724465949391,-0.536837204275715,NA,22.1800000000003,""
476,"Male","SUCCESS",1,"RS",4617,5,21551.589046398,0.104374365631129,0.296831963313903,16.8750410633766,17.6299999999974,""
477,"Female","SUCCESS",1,"RS",6270,5,24818.8429057681,0.119805256164301,-0.555724909328285,NA,22.3400000000001,""
477,"Male","SUCCESS",1,"RS",4718,12,21957.9626051044,0.101066174436688,0.185510155905246,12.9630365758178,21.75,""
478,"Female","SUCCESS",1,"RS",6304,6,24945.2158838506,0.119116546210632,-0.861462294754406,NA,22.619999999999,""
478,"Male","SUCCESS",1,"RS",4763,9,22209.2895937569,0.10487593689728,0.27709677065396,22.911591501016,18.2199999999975,""
479,"Female","SUCCESS",1,"RS",6067,3,24144.2289611602,0.120786464451259,-0.694456134851827,NA,21.1399999999994,""
479,"Male","SUCCESS",1,"RS",4567,4,21385.9120371527,0.105372679871093,0.261528739434119,18.6656568960347,14.9300000000003,""
480,"Female","SUCCESS",1,"RS",6072,5,23885.9465845972,0.118191630588681,-0.529854290121419,NA,21.7200000000012,""
480,"Male","SUCCESS",2,"mixed_RS_CG_1_40",4578,22,21351.1105891386,0.104093510205358,0.195765312833914,19.9514917583641,201.049999999999,""
481,"Female","SUCCESS",1,"RS",6431,4,25238.8473483369,0.117409618495551,-0.764229073434615,NA,23.7000000000007,""
481,"Male","SUCCESS",1,"RS",4884,10,22677.9735204783,0.105240934009008,0.197109825789042,31.3437624940015,20.9199999999983,""
482,"Female","SUCCESS",1,"RS",6162,5,24324.3368235276,0.11884150589487,-0.766758705260739,NA,22.6100000000006,""
482,"Male","SUCCESS",1,"RS",4659,7,21607.7266591697,0.104470417103043,0.296136872187325,25.2976806921903,16.8899999999994,""
483,"Female","SUCCESS",1,"RS",6276,4,24969.8331329242,0.120318139589791,-0.649586431676593,NA,23.2799999999988,""
483,"Male","SUCCESS",2,"mixed_RS_CG_1_40",4749,3,22099.8986883407,0.102374408723604,0.234678716199009,15.3843907497778,41.8299999999981,""
484,"Female","SUCCESS",1,"RS",5844,4,23430.8111305797,0.122281613531466,-0.656322018672608,NA,20.6100000000006,""
484,"Male","SUCCESS",2,"mixed_RS_CG_1_40",4445,12,20617.469670498,0.102513062250575,0.223242139668264,17.8386667783179,227.639999999999,""
485,"Female","SUCCESS",1,"RS",6070,3,23943.8456697916,0.118861476514237,-0.591810763474409,NA,21.9399999999987,""
485,"Male","SUCCESS",1,"RS",4546,6,21344.8445333227,0.104235906198238,0.347291065596208,15.9976914144358,16.2200000000012,""
486,"Female","SUCCESS",1,"RS",6014,6,23762.6652772829,0.118677308768089,-0.903613160826352,NA,24.5300000000025,""
486,"Male","SUCCESS",1,"RS",4492,19,20782.2309466468,0.102314121199193,0.507562484936246,19.3879821052277,86.0499999999993,""
487,"Female","SUCCESS",1,"RS",6275,3,24916.2151760557,0.120689948609585,-0.783285316140352,NA,23.6399999999994,""
487,"Male","SUCCESS",1,"RS",4748,5,22023.5020937436,0.102126826673938,0.333893887495421,16.7926825419312,16.7799999999988,""
488,"Female","SUCCESS",1,"RS",6470,3,25377.268373606,0.117406627104511,-0.728389551877057,NA,23.6800000000003,""
488,"Male","SUCCESS",2,"mixed_RS_CG_1_40",4869,3,22513.3316052693,0.102510140961934,0.282310896146751,21.7550488771335,64.4699999999975,""
489,"Female","SUCCESS",1,"RS",6032,4,23845.0860966573,0.118839968308472,-0.797641110285781,NA,22.0299999999988,""
489,"Male","SUCCESS",1,"RS",4582,23,21303.799250663,0.103460850001929,0.354044360085556,20.925087203857,135.310000000001,""
490,"Female","SUCCESS",1,"RS",6106,5,23876.0838402712,0.116710255002826,-0.761719817805256,NA,22.5600000000013,""
490,"Male","SUCCESS",1,"RS",4584,6,21243.6610394767,0.103698593469124,0.526901593140581,24.4084964891514,16.2400000000016,""
491,"Female","SUCCESS",1,"RS",6281,3,24633.99473106,0.117418863726203,-0.574388217010615,NA,24.5800000000017,""
491,"Male","SUCCESS",2,"mixed_RS_CG_1_40",4791,3,21973.0776651318,0.100837255034239,0.54456954647432,22.8224448330239,162.889999999999,""
492,"Female","SUCCESS",1,"RS",6207,5,24576.3949577272,0.119285480730667,-0.749980001374211,NA,24.0799999999981,""
492,"Male","SUCCESS",1,"RS",4684,23,21963.7526942293,0.106022592530743,0.290321120613643,21.2420017320284,28.2900000000009,""
493,"Female","SUCCESS",1,"RS",6163,3,24354.5964971728,0.118644821108579,-0.675013536766288,NA,23.3300000000017,""
493,"Male","SUCCESS",2,"mixed_RS_CG_1_40",4618,16,21434.4001751739,0.105142105735862,0.38206686796126,31.4569630843339,195.669999999998,""
494,"Female","SUCCESS",1,"RS",6026,4,23862.8117994876,0.119787090926349,-0.646941895167269,NA,22.5400000000009,""
494,"Male","SUCCESS",2,"mixed_RS_CG_1_40",4537,14,21089.5465338005,0.10304283677591,0.244374316312165,18.3937527672606,264.77,""
495,"Female","SUCCESS",1,"RS",6162,4,24367.9792785705,0.119345213626245,-0.603144647518876,NA,21.9300000000003,""
495,"Male","SUCCESS",2,"mixed_RS_CG_1_40",4672,17,21655.7808876965,0.10316667317693,0.319399781051878,21.2749647964212,260.290000000001,""
496,"Female","SUCCESS",1,"RS",5945,4,23453.6928855965,0.118251154961056,-0.777144815977764,NA,21.2000000000007,""
496,"Male","SUCCESS",1,"RS",4539,9,21258.0881278786,0.107425342206819,0.213954476680516,33.4180322014788,17.4499999999971,""
497,"Female","SUCCESS",1,"RS",6165,4,24628.166550282,0.121627619245769,-0.727698786492992,NA,22.2900000000009,""
497,"Male","SUCCESS",1,"RS",4628,23,21548.8741196815,0.105590529062454,0.197388801938101,28.4507275407564,48.8600000000006,""
498,"Female","SUCCESS",1,"RS",6123,5,24074.1180925751,0.118004130034858,-0.560043798073516,NA,20.239999999998,""
498,"Male","SUCCESS",2,"mixed_RS_CG_1_40",4627,13,21515.6483746012,0.10268904446172,0.344942961034881,17.1577606916486,216.66,""
499,"Female","SUCCESS",1,"RS",6350,3,25079.9691229125,0.119323744241975,-0.619777056834875,NA,20.8400000000001,""
499,"Male","SUCCESS",1,"RS",4735,8,21991.2305777842,0.105221390894007,0.549731273575084,28.6239476620141,48.7800000000025,""
500,"Female","SUCCESS",1,"RS",5880,5,23045.7075448958,0.117107824654322,-0.745207312715749,NA,19.2700000000004,""
500,"Male","SUCCESS",1,"RS",4441,3,20793.504518299,0.104563969988231,0.252903468956997,16.7267866242323,15.1900000000023,""
